CustomerKey,CustomerCode,CustomerName,Education,Occupation,Continent,City,State,CountryRegion
13,11012,"Walker, Lauren",Bachelors,Management,North America,Bremerton,Washington,United States
14,11013,"Jenkins, Ian",Bachelors,Management,North America,Lebanon,Oregon,United States
15,11014,"Bennett, Sydney",Bachelors,Management,North America,Redmond,Washington,United States
16,11015,"Young, Chloe",Partial College,Skilled Manual,North America,Burbank,California,United States
17,11016,"Hill, Wyatt",Partial College,Skilled Manual,North America,Imperial Beach,California,United States
41,11040,"Murphy, Jesse",Partial College,Skilled Manual,North America,Tacoma,Washington,United States
82,11081,"Baker, Savannah",Bachelors,Management,North America,Concord,California,United States
83,11082,"Butler, Angela",Graduate Degree,Management,North America,Fremont,California,United States
84,11083,"Cox, Alyssa",Graduate Degree,Management,North America,Lincoln Acres,California,United States
88,11087,"Liang, Tamara",Partial College,Professional,North America,Chula Vista,California,United States
89,11088,"Davis, Hunter",Bachelors,Management,North America,San Diego,California,United States
90,11089,"Price, Abigail",Bachelors,Management,North America,Long Beach,California,United States
91,11090,"Bryant, Trevor",Partial College,Professional,North America,Los Angeles,California,United States
128,11127,"Edwards, Jan",High School,Skilled Manual,North America,San Gabriel,California,United States
129,11128,"Long, Samantha",High School,Skilled Manual,North America,Renton,Washington,United States
130,11129,"Wright, Julia",High School,Skilled Manual,North America,Sedro Woolley,Washington,United States
131,11130,"Russell, Caroline",High School,Skilled Manual,North America,Lebanon,Oregon,United States
134,11133,"Griffin, Angela",Partial High School,Clerical,North America,Lake Oswego,Oregon,United States
136,11135,"Harris, Marcus",Partial High School,Clerical,North America,Burlingame,California,United States
138,11137,"Taylor, Jasmine",High School,Skilled Manual,North America,Spokane,Washington,United States
139,11138,"Davis, Lauren",High School,Skilled Manual,North America,Glendale,California,United States
141,11140,"Alvarez, Javier",Partial High School,Clerical,North America,Burbank,California,United States
142,11141,"Ramirez, Nicole",High School,Skilled Manual,North America,Daly City,California,United States
144,11143,"Henderson, Jonathan",High School,Skilled Manual,North America,Lakewood,California,United States
145,11144,"Hernandez, Edward",High School,Skilled Manual,North America,Ballard,Washington,United States
146,11145,"Coleman, Jasmine",High School,Skilled Manual,North America,Beaverton,Oregon,United States
153,11152,"Williams, James",High School,Skilled Manual,North America,Puyallup,Washington,United States
154,11153,"James, Angela",High School,Skilled Manual,North America,Renton,Washington,United States
155,11154,"Walker, Megan",Partial College,Skilled Manual,North America,Woodburn,Oregon,United States
156,11155,"Robinson, Hunter",Partial College,Skilled Manual,North America,Burbank,California,United States
157,11156,"Roberts, Maria",Partial College,Skilled Manual,North America,Lakewood,California,United States
158,11157,"Long, Hannah",High School,Skilled Manual,North America,Tacoma,Washington,United States
159,11158,"Wright, Jason",High School,Skilled Manual,North America,San Gabriel,California,United States
160,11159,"Hughes, Brianna",High School,Skilled Manual,North America,Woodland Hills,California,United States
161,11160,"Tang, Maurice",Partial College,Skilled Manual,North America,Concord,California,United States
162,11161,"Wood, Emily",Partial College,Skilled Manual,North America,Concord,California,United States
163,11162,"Cox, Chase",Partial College,Skilled Manual,North America,La Jolla,California,United States
164,11163,"Wang, Gabriel",Partial College,Skilled Manual,North America,Spring Valley,California,United States
165,11164,"Brooks, Devin",Partial College,Skilled Manual,North America,Torrance,California,United States
166,11165,"Alexander, Jocelyn",Partial College,Skilled Manual,North America,Oakland,California,United States
167,11166,"Martinez, Ashley",Partial College,Skilled Manual,North America,Olympia,Washington,United States
168,11167,"Barnes, Jasmine",Bachelors,Management,North America,Issaquah,Washington,United States
169,11168,"Rodriguez, David",Bachelors,Management,North America,Oakland,California,United States
170,11169,"Richardson, Bryce",Bachelors,Management,North America,Coronado,California,United States
171,11170,"Howard, Carol",Bachelors,Management,North America,Burien,Washington,United States
172,11171,"Hill, Jonathan",Bachelors,Management,North America,Woodland Hills,California,United States
173,11172,"Adams, Gabrielle",Bachelors,Management,North America,Lynnwood,Washington,United States
174,11173,"Thomas, Sarah",Graduate Degree,Management,North America,W. Linn,Oregon,United States
175,11174,"Robinson, Nicholas",Graduate Degree,Management,North America,Los Angeles,California,United States
176,11175,"Wang, Luis",Partial College,Skilled Manual,North America,Beverly Hills,California,United States
178,11177,"Flores, Jose",Graduate Degree,Management,North America,San Diego,California,United States
179,11178,"Johnson, Nathan",Graduate Degree,Management,North America,Lakewood,California,United States
180,11179,"Rodriguez, Molly",Graduate Degree,Management,North America,Beverly Hills,California,United States
181,11180,"Anand, April",Bachelors,Management,North America,Chula Vista,California,United States
182,11181,"Martin, Devin",Graduate Degree,Management,North America,Los Angeles,California,United States
183,11182,"Torres, Stephanie",Bachelors,Management,North America,Sedro Woolley,Washington,United States
184,11183,"Lee, Jasmine",Bachelors,Management,North America,Santa Cruz,California,United States
185,11184,"Hernandez, Meghan",Bachelors,Management,North America,Concord,California,United States
187,11186,"Price, Sarah",Bachelors,Management,North America,Palo Alto,California,United States
188,11187,"Cooper, Jennifer",Graduate Degree,Management,North America,Burien,Washington,United States
189,11188,"Morris, Catherine",Graduate Degree,Management,North America,San Gabriel,California,United States
190,11189,"Blanco, Lawrence",Graduate Degree,Management,North America,Bellingham,Washington,United States
191,11190,"Bryant, Carson",Bachelors,Management,North America,Beverly Hills,California,United States
202,11201,"Foster, Amanda",Bachelors,Management,North America,Santa Monica,California,United States
203,11202,"Price, Alexia",Bachelors,Management,North America,Lakewood,California,United States
205,11204,"Rivera, Destiny",High School,Professional,North America,Beaverton,Oregon,United States
206,11205,"Fernandez, Abby",High School,Professional,North America,Burien,Washington,United States
207,11206,"Flores, Blake",Partial College,Professional,North America,Lynnwood,Washington,United States
208,11207,"Cox, Danielle",Partial College,Professional,North America,Renton,Washington,United States
209,11208,"Reed, Maria",Bachelors,Management,North America,Glendale,California,United States
210,11209,"Evans, Allison",Bachelors,Management,North America,Lincoln Acres,California,United States
211,11210,"Wood, Edward",Partial College,Professional,North America,West Covina,California,United States
214,11213,"Murphy, Stephanie",Partial College,Professional,North America,Edmonds,Washington,United States
215,11214,"Miller, Charles",Partial College,Professional,North America,Milwaukie,Oregon,United States
217,11216,"Torres, Jasmine",Partial College,Professional,North America,Portland,Oregon,United States
218,11217,"Adams, Natalie",Partial College,Professional,North America,Portland,Oregon,United States
219,11218,"Brown, Olivia",Partial College,Professional,North America,Tacoma,Washington,United States
220,11219,"Cook, Charles",High School,Professional,North America,Woodburn,Oregon,United States
221,11220,"Huang, Erica",Partial College,Professional,North America,Colma,California,United States
222,11221,"Perry, Nathan",Partial College,Professional,North America,Lakewood,California,United States
223,11222,"Rivera, Alexandra",Bachelors,Management,North America,Santa Monica,California,United States
225,11224,"Li, Tiffany",High School,Professional,North America,Burien,Washington,United States
226,11225,"Lee, Madison",Partial College,Professional,North America,Renton,Washington,United States
227,11226,"Ross, Sydney",Partial College,Professional,North America,W. Linn,Oregon,United States
228,11227,"Chavez, Marshall",Partial College,Professional,North America,Colma,California,United States
229,11228,"Jones, Ashley",Partial College,Professional,North America,El Cajon,California,United States
230,11229,"Stewart, Adrian",Partial College,Professional,North America,Redwood City,California,United States
231,11230,"Turner, Amber",Partial College,Professional,North America,Santa Monica,California,United States
232,11231,"Zhang, Dennis",High School,Professional,North America,Bremerton,Washington,United States
233,11232,"Bryant, Hailey",High School,Professional,North America,Everett,Washington,United States
234,11233,"Li, Todd",Partial College,Professional,North America,Berkeley,California,United States
235,11234,"Griffin, Anna",Partial College,Professional,North America,Long Beach,California,United States
236,11235,"Stewart, Angel",Partial College,Professional,North America,Ballard,Washington,United States
237,11236,"Butler, Jeremy",Partial College,Professional,North America,Bellingham,Washington,United States
238,11237,"Anand, Clarence",Bachelors,Management,Europe,Solingen,North Rhine-Westphalia,Germany
246,11245,"Vazquez, Ricky",High School,Professional,Europe,Hamburg,Hamburg,Germany
247,11246,"Rubio, Latasha",High School,Professional,Europe,Hamburg,Hamburg,Germany
250,11249,"Patel, Cindy",Partial College,Professional,Europe,Sulzbach Taunus,Saar,Germany
253,11252,"Thompson, Nicholas",Graduate Degree,Management,North America,Lemon Grove,California,United States
255,11254,"Vance, Johnathan",Graduate Degree,Management,North America,Burien,Washington,United States
256,11255,"Lin, Colin",Graduate Degree,Management,North America,Burien,Washington,United States
257,11256,"Hernandez, Katelyn",Graduate Degree,Management,North America,Lynnwood,Washington,United States
258,11257,"Powell, Jacqueline",Graduate Degree,Management,North America,Newport Beach,California,United States
259,11258,"Hill, Xavier",Graduate Degree,Management,North America,Palo Alto,California,United States
260,11259,"Stewart, Victoria",Partial College,Professional,North America,Salem,Oregon,United States
261,11260,"Kelly, Katelyn",Bachelors,Management,North America,Burlingame,California,United States
262,11261,"Collins, Stephanie",Graduate Degree,Management,North America,San Diego,California,United States
264,11263,"Richardson, Trinity",Partial College,Professional,North America,Burien,Washington,United States
265,11264,"Martin, Eduardo",Partial College,Professional,North America,Issaquah,Washington,United States
266,11265,"Jones, Elizabeth",Partial College,Professional,North America,Kirkland,Washington,United States
267,11266,"Howard, Taylor",Partial College,Professional,North America,Port Orchard,Washington,United States
268,11267,"Diaz, David",Partial College,Professional,North America,Burlingame,California,United States
269,11268,"Carter, Katelyn",Graduate Degree,Management,North America,Coronado,California,United States
270,11269,"Foster, Ryan",Graduate Degree,Management,North America,Daly City,California,United States
271,11270,"Lee, Robert",Graduate Degree,Management,North America,Lakewood,California,United States
272,11271,"Reed, Danielle",Bachelors,Management,North America,San Francisco,California,United States
273,11272,"Martinez, Lauren",Partial College,Professional,North America,Beverly Hills,California,United States
274,11273,"Lal, Nathan",Partial College,Professional,North America,La Jolla,California,United States
275,11274,"Foster, Kyle",Graduate Degree,Management,North America,Bellingham,Washington,United States
276,11275,"Rai, Jenny",Graduate Degree,Management,North America,Colma,California,United States
279,11278,"Phillips, Jonathan",Partial College,Professional,North America,Edmonds,Washington,United States
280,11279,"Cook, Amanda",Partial College,Professional,North America,Everett,Washington,United States
281,11280,"Collins, Robert",Partial College,Professional,North America,Lynnwood,Washington,United States
282,11281,"Barnes, Megan",Bachelors,Management,North America,Burbank,California,United States
283,11282,"Thomas, Christian",Partial College,Professional,North America,Burien,Washington,United States
284,11283,"Lal, Arturo",Bachelors,Management,North America,Berkeley,California,United States
285,11284,"Serrano, Theresa",Bachelors,Management,North America,Chula Vista,California,United States
286,11285,"Anderson, Jeremy",Partial College,Professional,North America,Fremont,California,United States
287,11286,"Griffin, Hunter",Graduate Degree,Management,North America,Torrance,California,United States
289,11288,"Sanchez, Cindy",Bachelors,Management,North America,Burbank,California,United States
290,11289,"Carter, Maria",Bachelors,Management,North America,Downey,California,United States
291,11290,"Sanchez, Katelyn",Bachelors,Management,North America,Lakewood,California,United States
292,11291,"Wright, Jenna",Bachelors,Management,North America,Lemon Grove,California,United States
293,11292,"Phillips, Seth",Partial College,Professional,North America,San Gabriel,California,United States
294,11293,"Long, Luke",High School,Professional,North America,Port Orchard,Washington,United States
295,11294,"Clark, Dalton",High School,Professional,North America,Issaquah,Washington,United States
296,11295,"Lewis, Taylor",Partial High School,Skilled Manual,North America,Concord,California,United States
297,11296,"Richardson, Haley",Graduate Degree,Management,North America,Everett,Washington,United States
298,11297,"Coleman, Noah",Graduate Degree,Management,North America,Burbank,California,United States
299,11298,"Luo, Jon",Graduate Degree,Management,North America,Chula Vista,California,United States
300,11299,"Vazquez, Orlando",Graduate Degree,Management,North America,Burbank,California,United States
306,11305,"Evans, Sean",Partial College,Professional,North America,Chula Vista,California,United States
307,11306,"Zhou, Micah",Partial College,Professional,North America,Coronado,California,United States
316,11315,"Ward, Hailey",Graduate Degree,Management,North America,Port Orchard,Washington,United States
318,11317,"Russell, Victoria",Partial College,Professional,North America,Salem,Oregon,United States
319,11318,"Wilson, Jessica",Partial College,Professional,North America,Edmonds,Washington,United States
320,11319,"Bailey, Jade",Graduate Degree,Management,North America,Oakland,California,United States
321,11320,"Hill, Morgan",Graduate Degree,Management,North America,Glendale,California,United States
322,11321,"Raman, Terrance",Bachelors,Management,North America,Burien,Washington,United States
323,11322,"Garcia, Sydney",Bachelors,Management,North America,Bremerton,Washington,United States
324,11323,"Patterson, Jose",Graduate Degree,Management,North America,Daly City,California,United States
325,11324,"Anderson, Zachary",Bachelors,Management,North America,Glendale,California,United States
326,11325,"Ross, Elijah",Bachelors,Management,North America,Seattle,Washington,United States
327,11326,"Xie, Rafael",Bachelors,Management,North America,Beverly Hills,California,United States
328,11327,"Moreno, Jaime",Bachelors,Management,North America,Burbank,California,United States
330,11329,"Alvarez, Andy",Bachelors,Management,North America,Concord,California,United States
333,11332,"Ramos, Deanna",Graduate Degree,Manual,Europe,Berlin,Berlin,Germany
336,11335,"Raman, Carla",Bachelors,Manual,Europe,Hof,Bavaria,Germany
339,11338,"Navarro, Frank",Graduate Degree,Clerical,Europe,Bonn,North Rhine-Westphalia,Germany
348,11347,"Navarro, Roy",Partial College,Manual,Europe,Brunswick,Lower Saxony,Germany
349,11348,"Rai, Shawn",Partial College,Manual,Europe,Paderborn,North Rhine-Westphalia,Germany
350,11349,"Luo, Mindy",Partial College,Manual,Europe,Munich,Bavaria,Germany
355,11354,"Suarez, Deanna",Partial College,Manual,Europe,Grevenbroich,North Rhine-Westphalia,Germany
374,11373,"Luo, Carly",Bachelors,Clerical,Europe,Salzgitter,Lower Saxony,Germany
375,11374,"Ortega, Jimmy",Bachelors,Clerical,Europe,Werne,North Rhine-Westphalia,Germany
378,11377,"Robinett, David",Graduate Degree,Clerical,Europe,Solingen,North Rhine-Westphalia,Germany
381,11380,"Kumar, Mitchell",Partial College,Manual,Europe,Saarlouis,Saar,Germany
387,11386,"Cai, Jaclyn",Bachelors,Clerical,Europe,Darmstadt,Hesse,Germany
390,11389,"Shan, Karl",High School,Manual,Europe,Dusseldorf,North Rhine-Westphalia,Germany
392,11391,"Xie, Lindsay",High School,Manual,Europe,Salzgitter,Lower Saxony,Germany
393,11392,"Zhao, Willie",High School,Manual,Europe,Frankfurt,Hesse,Germany
396,11395,"Gutierrez, Beth",Bachelors,Clerical,Europe,Frankfurt,Hesse,Germany
397,11396,"Lopez, Ian",High School,Manual,Europe,Saarlouis,Saar,Germany
405,11404,"Taylor, Megan",Partial College,Manual,Europe,Kassel,Hesse,Germany
406,11405,"Goel, Bonnie",Partial College,Manual,Europe,Bonn,North Rhine-Westphalia,Germany
408,11407,"She, Mario",Partial College,Manual,Europe,Munster,North Rhine-Westphalia,Germany
412,11411,"Ross, Devin",Partial College,Professional,Europe,Ingolstadt,Bavaria,Germany
413,11412,"Bryant, Sydney",Partial College,Professional,Europe,Ingolstadt,Bavaria,Germany
416,11415,"She, Randy",Partial College,Professional,Europe,Darmstadt,Hesse,Germany
419,11418,"Hu, Rafael",Partial College,Professional,Europe,Paderborn,North Rhine-Westphalia,Germany
422,11421,"Sun, Amy",Bachelors,Management,Europe,Offenbach am Main,Hesse,Germany
424,11423,"Stewart, Jasmine",Partial College,Professional,Europe,Hamburg,Hamburg,Germany
425,11424,"Garcia, Pamela",Partial College,Professional,Europe,Berlin,Berlin,Germany
427,11426,"Mehta, Kristopher",Bachelors,Management,Europe,Brunswick,Lower Saxony,Germany
428,11427,"Dominguez, Desiree",Partial College,Professional,Europe,Kiel,Schleswig-Holstein,Germany
429,11428,"Perez, Deanna",Bachelors,Management,Europe,Poing,Bavaria,Germany
431,11430,"Yuan, Casey",High School,Professional,Europe,Bottrop,North Rhine-Westphalia,Germany
432,11431,"Garcia, Bryant",Partial College,Professional,Europe,Hof,Bavaria,Germany
436,11435,"Romero, Robin",Partial College,Management,Europe,Kiel,Schleswig-Holstein,Germany
439,11438,"Nara, Jenny",High School,Management,Europe,Werne,North Rhine-Westphalia,Germany
471,11470,"Suarez, Jay",Partial High School,Manual,Europe,Stuttgart,Baden-Wuerttemberg,Germany
478,11477,"Hughes, Tristan",High School,Manual,Europe,Darmstadt,Hesse,Germany
482,11481,"Hu, Erica",Bachelors,Skilled Manual,Europe,Brunswick,Lower Saxony,Germany
485,11484,"Sai, Erick",Partial College,Clerical,Europe,Neunkirchen,North Rhine-Westphalia,Germany
487,11486,"Rogers, Ariana",Partial High School,Manual,Europe,Erlangen,Bavaria,Germany
493,11492,"Chander, Terrence",High School,Manual,Europe,Eilenburg,Saxony,Germany
496,11495,"Jimenez, Francis",Partial College,Clerical,Europe,Bonn,North Rhine-Westphalia,Germany
500,11499,"Vance, Pedro",Partial College,Clerical,North America,Concord,California,United States
505,11504,"Baker, Jordan",Bachelors,Skilled Manual,North America,Downey,California,United States
509,11508,"Wilson, Elizabeth",Graduate Degree,Skilled Manual,North America,Lynnwood,Washington,United States
510,11509,"Harui, Roger",Bachelors,Skilled Manual,North America,Novato,California,United States
512,11511,"Perry, Caleb",Bachelors,Skilled Manual,North America,Lebanon,Oregon,United States
515,11514,"Diaz, Dalton",High School,Clerical,North America,Tacoma,Washington,United States
516,11515,"Huang, Shannon",High School,Clerical,North America,Burbank,California,United States
517,11516,"Gonzales, Mya",High School,Clerical,North America,Colma,California,United States
518,11517,"Bryant, Katherine",Partial College,Clerical,North America,Redwood City,California,United States
519,11518,"Washington, Edward",Partial College,Clerical,North America,Milwaukie,Oregon,United States
522,11521,"Peterson, Ariana",Partial College,Clerical,North America,Walla Walla,Washington,United States
523,11522,"Hughes, Christian",Graduate Degree,Skilled Manual,North America,Oregon City,Oregon,United States
525,11524,"Jackson, Alyssa",Partial College,Clerical,North America,Torrance,California,United States
545,11544,"Garcia, Joel",Bachelors,Clerical,Europe,Darmstadt,Hesse,Germany
553,11552,"Rubio, Eddie",Partial College,Manual,Europe,Salzgitter,Lower Saxony,Germany
560,11559,"Subram, Frederick",Bachelors,Clerical,Europe,Solingen,North Rhine-Westphalia,Germany
562,11561,"Dominguez, Briana",Partial High School,Manual,Europe,Munich,Bavaria,Germany
563,11562,"Gonzalez, Jarrod",High School,Manual,Europe,Leipzig,Saxony,Germany
565,11564,"Liang, Jorge",High School,Manual,Europe,Frankfurt,Hesse,Germany
568,11567,"Perez, Carla",Bachelors,Clerical,Europe,Berlin,Berlin,Germany
571,11570,"Andersen, Kristin",Bachelors,Skilled Manual,Europe,Berlin,Berlin,Germany
585,11584,"Carter, Devin",Bachelors,Skilled Manual,Europe,Neunkirchen,North Rhine-Westphalia,Germany
596,11595,"Howard, Sebastian",High School,Manual,Europe,Erlangen,Bavaria,Germany
599,11598,"Ruiz, Meredith",Partial College,Clerical,Europe,Saarbrücken,Saar,Germany
603,11602,"Gill, Larry",Partial College,Clerical,Europe,Salzgitter,Lower Saxony,Germany
606,11605,"Subram, Heidi",High School,Manual,Europe,Stuttgart,Baden-Wuerttemberg,Germany
614,11613,"Prasad, Meredith",Partial College,Clerical,Europe,Leipzig,Saxony,Germany
615,11614,"Sharma, Katrina",Partial College,Clerical,Europe,Offenbach am Main,Hesse,Germany
640,11639,"Perry, Angelica",Graduate Degree,Professional,North America,Mill Valley,California,United States
644,11643,"Munoz, Naomi",Bachelors,Skilled Manual,North America,Burien,Washington,United States
645,11644,"Torres, Charles",Bachelors,Skilled Manual,North America,Redmond,Washington,United States
646,11645,"Turner, Gabriella",Bachelors,Skilled Manual,North America,Salem,Oregon,United States
647,11646,"Foster, Anna",Bachelors,Skilled Manual,North America,Burien,Washington,United States
649,11648,"Scott, Kevin",Graduate Degree,Professional,North America,Chula Vista,California,United States
650,11649,"White, Ian",Graduate Degree,Professional,North America,Newport Beach,California,United States
651,11650,"Hayes, Caleb",Graduate Degree,Professional,North America,Glendale,California,United States
654,11653,"Peterson, Sydney",Graduate Degree,Professional,North America,Lebanon,Oregon,United States
655,11654,"Sanchez, Ariana",Graduate Degree,Professional,North America,Bellflower,California,United States
656,11655,"Sharma, Tamara",Graduate Degree,Professional,North America,Concord,California,United States
657,11656,"Perez, Katelyn",Graduate Degree,Professional,North America,Imperial Beach,California,United States
658,11657,"Cox, Megan",Graduate Degree,Professional,North America,Novato,California,United States
659,11658,"Mitchell, Robert",Graduate Degree,Professional,North America,Oakland,California,United States
663,11662,"Kumar, Ethan",Graduate Degree,Professional,North America,Milwaukie,Oregon,United States
664,11663,"Williams, Seth",Graduate Degree,Professional,North America,Walla Walla,Washington,United States
665,11664,"Morgan, Alyssa",Graduate Degree,Professional,North America,Burlingame,California,United States
666,11665,"Dominguez, Janet",Graduate Degree,Professional,North America,Chula Vista,California,United States
667,11666,"Baker, Angel",Graduate Degree,Professional,North America,Torrance,California,United States
668,11667,"Moore, Blake",Bachelors,Skilled Manual,North America,Walla Walla,Washington,United States
669,11668,"Collins, Jada",Bachelors,Skilled Manual,North America,Beverly Hills,California,United States
670,11669,"Simmons, Isabella",Bachelors,Skilled Manual,North America,Tacoma,Washington,United States
671,11670,"Perry, Jacqueline",Bachelors,Skilled Manual,North America,Grossmont,California,United States
672,11671,"Brown, Jessica",Bachelors,Skilled Manual,North America,El Cajon,California,United States
673,11672,"Jai, Chad",Bachelors,Skilled Manual,North America,Beverly Hills,California,United States
674,11673,"Ye, Susan",Bachelors,Skilled Manual,North America,Burien,Washington,United States
675,11674,"Rogers, Morgan",Graduate Degree,Professional,North America,Woodland Hills,California,United States
676,11675,"Martinez, Devin",Graduate Degree,Professional,North America,Everett,Washington,United States
677,11676,"Hu, Alan",Graduate Degree,Professional,North America,Branch,Minnesota,United States
679,11678,"Chavez, Johnny",Graduate Degree,Professional,North America,Cheyenne,Wyoming,United States
680,11679,"Richardson, Dalton",Graduate Degree,Professional,North America,Puyallup,Washington,United States
681,11680,"Nelson, Kaylee",Graduate Degree,Professional,North America,Redmond,Washington,United States
682,11681,"Jones, Abigail",Graduate Degree,Professional,North America,Spokane,Washington,United States
683,11682,"Hall, Kaitlyn",Graduate Degree,Professional,North America,Tacoma,Washington,United States
684,11683,"Taylor, Greg",Graduate Degree,Professional,North America,El Cajon,California,United States
685,11684,"Parker, Devin",Bachelors,Professional,North America,Redmond,Washington,United States
686,11685,"Griffin, Jose",Bachelors,Professional,North America,Milwaukie,Oregon,United States
687,11686,"Edwards, Luke",Bachelors,Professional,North America,Glendale,California,United States
688,11687,"Torres, Cody",Bachelors,Professional,North America,La Jolla,California,United States
689,11688,"Morris, Victoria",Bachelors,Skilled Manual,North America,Sedro Woolley,Washington,United States
690,11689,"Diaz, Ian",Bachelors,Skilled Manual,North America,Edmonds,Washington,United States
691,11690,"Butler, Caroline",Graduate Degree,Professional,North America,Port Orchard,Washington,United States
692,11691,"Wilson, Kaitlyn",Bachelors,Professional,North America,Imperial Beach,California,United States
693,11692,"Gonzales, Caleb",Bachelors,Professional,North America,Burbank,California,United States
695,11694,"Ortega, Jonathon",Bachelors,Skilled Manual,North America,Colma,California,United States
696,11695,"Campbell, Logan",Bachelors,Skilled Manual,North America,Beverly Hills,California,United States
697,11696,"Campbell, Mackenzie",Bachelors,Skilled Manual,North America,Tacoma,Washington,United States
698,11697,"Lee, Eduardo",Bachelors,Skilled Manual,North America,Oakland,California,United States
700,11699,"Peterson, Chase",Bachelors,Skilled Manual,North America,Walla Walla,Washington,United States
701,11700,"Richardson, Xavier",Bachelors,Professional,North America,Woodland Hills,California,United States
702,11701,"Hayes, David",Bachelors,Professional,North America,Novato,California,United States
703,11702,"Zhou, Jenny",Bachelors,Professional,North America,Burlingame,California,United States
704,11703,"Baker, Kaylee",Bachelors,Professional,North America,La Jolla,California,United States
705,11704,"Hernandez, Evan",Bachelors,Professional,North America,Santa Cruz,California,United States
706,11705,"Richardson, Brooke",Graduate Degree,Professional,North America,Woodland Hills,California,United States
707,11706,"Perez, Blake",Bachelors,Professional,North America,Burlingame,California,United States
708,11707,"Cook, Natalie",Bachelors,Professional,North America,Woodland Hills,California,United States
709,11708,"Weisman, Elizabeth",Bachelors,Professional,North America,Lincoln Acres,California,United States
711,11710,"Ramirez, Zoe",High School,Skilled Manual,North America,La Jolla,California,United States
714,11713,"Zhang, Kyle",Partial College,Skilled Manual,North America,Kirkland,Washington,United States
715,11714,"Long, Alexandria",Partial College,Skilled Manual,North America,San Diego,California,United States
716,11715,"Robinson, Chloe",Partial College,Skilled Manual,North America,San Gabriel,California,United States
717,11716,"Kelly, Evan",High School,Skilled Manual,North America,Daly City,California,United States
718,11717,"Jones, Marcus",Partial College,Skilled Manual,North America,Corvallis,Oregon,United States
719,11718,"Jones, Sarah",Partial College,Skilled Manual,North America,Oregon City,Oregon,United States
721,11720,"Morris, Morgan",High School,Skilled Manual,North America,San Diego,California,United States
722,11721,"Alexander, Jennifer",High School,Skilled Manual,North America,Lincoln Acres,California,United States
723,11722,"Hughes, Julian",Partial College,Skilled Manual,North America,Bellingham,Washington,United States
726,11725,"Li, Jose",Partial College,Skilled Manual,North America,Burien,Washington,United States
727,11726,"Liang, Micah",Partial College,Skilled Manual,North America,Burien,Washington,United States
728,11727,"Taylor, Benjamin",Graduate Degree,Professional,North America,National City,California,United States
729,11728,"White, Logan",Partial College,Skilled Manual,North America,Woodburn,Oregon,United States
730,11729,"Campbell, Caleb",Partial College,Skilled Manual,North America,Kirkland,Washington,United States
731,11730,"Torres, Emma",Partial College,Skilled Manual,North America,Redmond,Washington,United States
732,11731,"Gill, Tanya",Partial College,Skilled Manual,North America,Burlingame,California,United States
733,11732,"Sanchez, Erick",Partial College,Skilled Manual,North America,Cincinnati,Ohio,United States
734,11733,"Schmidt, Kristi",Partial College,Skilled Manual,North America,Concord,California,United States
735,11734,"Chen, Omar",Partial College,Skilled Manual,North America,Coronado,California,United States
736,11735,"Gray, Sydney",Partial College,Skilled Manual,North America,Lynnwood,Washington,United States
737,11736,"Sanchez, Sebastian",Partial College,Skilled Manual,North America,Fremont,California,United States
738,11737,"Martin, Megan",Bachelors,Professional,North America,Redwood City,California,United States
742,11741,"Chander, Tamara",Graduate Degree,Professional,North America,Chula Vista,California,United States
743,11742,"Lewis, Edward",Bachelors,Professional,North America,Redwood City,California,United States
744,11743,"Kelly, Chase",Bachelors,Professional,North America,Spring Valley,California,United States
745,11744,"Campbell, Stephanie",Bachelors,Professional,North America,Spring Valley,California,United States
746,11745,"Gonzalez, Allison",Bachelors,Professional,North America,Walla Walla,Washington,United States
747,11746,"Brooks, Seth",Bachelors,Professional,North America,Tacoma,Washington,United States
748,11747,"Davis, Destiny",Graduate Degree,Professional,North America,Edmonds,Washington,United States
771,11770,"Nara, Peter",Graduate Degree,Skilled Manual,North America,Ballard,Washington,United States
772,11771,"Rivera, Isaac",Graduate Degree,Skilled Manual,North America,Marysville,Washington,United States
773,11772,"Moore, Cameron",Graduate Degree,Skilled Manual,North America,Tacoma,Washington,United States
774,11773,"Diaz, Gavin",Graduate Degree,Skilled Manual,North America,El Cajon,California,United States
775,11774,"Sanchez, Emma",Graduate Degree,Skilled Manual,North America,National City,California,United States
780,11779,"Jackson, Sarah",Graduate Degree,Skilled Manual,North America,Woodburn,Oregon,United States
781,11780,"Alexander, Jessica",Graduate Degree,Skilled Manual,North America,Edmonds,Washington,United States
782,11781,"Gray, Carlos",Graduate Degree,Skilled Manual,North America,Daly City,California,United States
783,11782,"Jai, Barbara",Graduate Degree,Skilled Manual,North America,Burbank,California,United States
784,11783,"Mitchell, Sara",Graduate Degree,Skilled Manual,North America,San Diego,California,United States
786,11785,"Diaz, Theodore",Bachelors,Skilled Manual,North America,Ballard,Washington,United States
787,11786,"Murphy, Ian",Graduate Degree,Skilled Manual,North America,Redmond,Washington,United States
788,11787,"Nath, Jerry",Graduate Degree,Skilled Manual,North America,Burbank,California,United States
789,11788,"James, Destiny",Graduate Degree,Professional,North America,Los Angeles,California,United States
790,11789,"Phillips, Bailey",Bachelors,Skilled Manual,North America,National City,California,United States
791,11790,"Gonzalez, Timothy",Bachelors,Skilled Manual,North America,Chula Vista,California,United States
792,11791,"Morgan, Chase",Graduate Degree,Professional,North America,Spokane,Washington,United States
793,11792,"Perry, Alexia",Bachelors,Skilled Manual,North America,Colma,California,United States
794,11793,"Rogers, Xavier",Bachelors,Skilled Manual,North America,Burbank,California,United States
795,11794,"Ross, Lauren",Bachelors,Skilled Manual,North America,Lakewood,California,United States
796,11795,"Thomas, Nicole",Bachelors,Skilled Manual,North America,Downey,California,United States
797,11796,"Jenkins, Isabel",Bachelors,Skilled Manual,North America,Downey,California,United States
798,11797,"Coleman, Devin",Bachelors,Skilled Manual,North America,Oakland,California,United States
799,11798,"Chande, Brendan",Bachelors,Skilled Manual,North America,Bremerton,Washington,United States
800,11799,"Wang, Jessie",Bachelors,Skilled Manual,North America,Burien,Washington,United States
801,11800,"Baker, Jennifer",Graduate Degree,Professional,North America,Beaverton,Oregon,United States
802,11801,"Sharma, Aaron",Graduate Degree,Professional,North America,Beaverton,Oregon,United States
804,11803,"Hernandez, Jan",Graduate Degree,Professional,North America,Olympia,Washington,United States
805,11804,"Turner, Haley",Graduate Degree,Professional,North America,Redmond,Washington,United States
806,11805,"Green, Richard",Graduate Degree,Professional,North America,Beverly Hills,California,United States
807,11806,"Stewart, Jennifer",Graduate Degree,Professional,North America,Burlingame,California,United States
808,11807,"Baker, Lucas",Graduate Degree,Professional,North America,National City,California,United States
810,11809,"Gray, Juan",Bachelors,Skilled Manual,North America,Beverly Hills,California,United States
811,11810,"Washington, Antonio",Bachelors,Professional,North America,Bremerton,Washington,United States
812,11811,"Brooks, Abigail",Bachelors,Professional,North America,Colma,California,United States
813,11812,"Rodriguez, Andrew",Bachelors,Professional,North America,Walla Walla,Washington,United States
814,11813,"Patterson, Mary",Bachelors,Professional,North America,W. Linn,Oregon,United States
815,11814,"Morgan, Dalton",Graduate Degree,Professional,North America,Lake Oswego,Oregon,United States
816,11815,"Patterson, Hannah",Graduate Degree,Professional,North America,Tacoma,Washington,United States
817,11816,"Torres, Joe",Graduate Degree,Professional,North America,Beverly Hills,California,United States
818,11817,"Miller, Morgan",Graduate Degree,Professional,North America,Colma,California,United States
819,11818,"Garcia, Daniel",Graduate Degree,Professional,North America,Coronado,California,United States
820,11819,"Lal, Jose",Bachelors,Skilled Manual,North America,Everett,Washington,United States
822,11821,"Johnson, Austin",Graduate Degree,Professional,North America,Beverly Hills,California,United States
823,11822,"Wadia, Rohinton",Graduate Degree,Professional,North America,Lincoln Acres,California,United States
826,11825,"She, Aimee",Graduate Degree,Professional,North America,Bellflower,California,United States
827,11826,"Alonso, Jessie",Graduate Degree,Professional,North America,Beverly Hills,California,United States
829,11828,"Martinez, Katherine",Graduate Degree,Professional,North America,Milwaukie,Oregon,United States
830,11829,"Campbell, Sophia",Graduate Degree,Professional,North America,Seattle,Washington,United States
831,11830,"Garcia, Taylor",Graduate Degree,Professional,North America,Lincoln Acres,California,United States
832,11831,"Ross, Christian",Graduate Degree,Professional,North America,San Carlos,California,United States
833,11832,"Murphy, Zoe",Bachelors,Professional,North America,Walla Walla,Washington,United States
835,11834,"Flores, Fernando",Bachelors,Skilled Manual,North America,Mill Valley,California,United States
837,11836,"Travers, Garrett",Bachelors,Skilled Manual,North America,Everett,Washington,United States
838,11837,"Alexander, Haley",Bachelors,Skilled Manual,North America,San Francisco,California,United States
839,11838,"Rodriguez, Justin",Bachelors,Skilled Manual,North America,Beaverton,Oregon,United States
840,11839,"Brown, Tyler",Graduate Degree,Professional,North America,Santa Monica,California,United States
841,11840,"Patterson, Julian",Graduate Degree,Professional,North America,Lincoln Acres,California,United States
843,11842,"Wilson, Justin",Bachelors,Skilled Manual,North America,Olympia,Washington,United States
844,11843,"Nara, Christy",Bachelors,Skilled Manual,North America,Beaverton,Oregon,United States
845,11844,"Alvarez, Michele",Bachelors,Skilled Manual,North America,Chula Vista,California,United States
847,11846,"Reed, Savannah",Bachelors,Skilled Manual,North America,Long Beach,California,United States
848,11847,"Diaz, Cassidy",Bachelors,Skilled Manual,North America,Portland,Oregon,United States
849,11848,"Lewis, Joshua",Bachelors,Skilled Manual,North America,Yakima,Washington,United States
850,11849,"Reed, Faith",Bachelors,Skilled Manual,North America,La Jolla,California,United States
851,11850,"Ramirez, Brooke",Bachelors,Skilled Manual,North America,Novato,California,United States
852,11851,"Mitchell, Jada",Bachelors,Professional,North America,Concord,California,United States
853,11852,"Russell, Kyle",Bachelors,Professional,North America,Lakewood,California,United States
854,11853,"Jones, Grace",Bachelors,Professional,North America,Concord,California,United States
855,11854,"Mitchell, Jason",Graduate Degree,Professional,North America,West Covina,California,United States
856,11855,"Walker, Christian",Bachelors,Professional,North America,Burlingame,California,United States
857,11856,"Hernandez, Seth",Graduate Degree,Professional,North America,Corvallis,Oregon,United States
858,11857,"Young, Isabella",Graduate Degree,Professional,North America,Edmonds,Washington,United States
859,11858,"Coleman, Jordan",High School,Skilled Manual,North America,San Gabriel,California,United States
860,11859,"Garcia, Blake",Partial College,Skilled Manual,North America,Olympia,Washington,United States
861,11860,"Walker, Nicole",Partial College,Skilled Manual,North America,National City,California,United States
877,11876,"White, Madison",Partial College,Skilled Manual,North America,Oakland,California,United States
878,11877,"Diaz, Alexis",Partial College,Skilled Manual,North America,Newport Beach,California,United States
879,11878,"Nara, Christine",Partial College,Skilled Manual,North America,Ballard,Washington,United States
880,11879,"Sai, Edgar",Partial College,Skilled Manual,North America,Beaverton,Oregon,United States
881,11880,"Sanchez, Melissa",Partial College,Skilled Manual,North America,Salem,Oregon,United States
882,11881,"Mitchell, Richard",Bachelors,Professional,North America,Grossmont,California,United States
883,11882,"Stewart, Patrick",Bachelors,Professional,North America,Seattle,Washington,United States
884,11883,"Anderson, Hannah",Graduate Degree,Professional,North America,Burien,Washington,United States
885,11884,"Shen, Latoya",Graduate Degree,Professional,North America,Ballard,Washington,United States
886,11885,"Sharma, Kurt",Graduate Degree,Professional,North America,Burlingame,California,United States
887,11886,"Parker, Katelyn",Bachelors,Professional,North America,Santa Monica,California,United States
888,11887,"White, Joseph",Bachelors,Professional,North America,Coronado,California,United States
890,11889,"Patterson, Blake",Bachelors,Professional,North America,Puyallup,Washington,United States
891,11890,"Lopez, Whitney",Graduate Degree,Professional,North America,Berkeley,California,United States
892,11891,"Liang, Jamie",Graduate Degree,Professional,North America,Beverly Hills,California,United States
924,11923,"Bryant, Sarah",Partial College,Skilled Manual,North America,National City,California,United States
925,11924,"Long, Ian",Partial College,Skilled Manual,North America,Novato,California,United States
926,11925,"Jai, Ashlee",Partial College,Skilled Manual,North America,Bellingham,Washington,United States
927,11926,"Foster, Eduardo",Partial College,Skilled Manual,North America,Oregon City,Oregon,United States
928,11927,"Murphy, Nicole",Partial College,Skilled Manual,North America,Sedro Woolley,Washington,United States
929,11928,"Morris, Isabella",Partial College,Skilled Manual,North America,El Cajon,California,United States
932,11931,"Adams, Marcus",Partial College,Skilled Manual,North America,Palo Alto,California,United States
933,11932,"Coleman, Elizabeth",Partial College,Skilled Manual,North America,Santa Monica,California,United States
934,11933,"Rubio, Mathew",Partial High School,Clerical,North America,Bellingham,Washington,United States
935,11934,"Shan, Justin",Partial High School,Clerical,North America,Burien,Washington,United States
936,11935,"Taylor, Jessica",Partial College,Skilled Manual,North America,Lebanon,Oregon,United States
937,11936,"Clark, Hunter",Partial College,Skilled Manual,North America,Redmond,Washington,United States
938,11937,"Perez, Devin",Partial College,Skilled Manual,North America,Salem,Oregon,United States
939,11938,"Alexander, Seth",Partial College,Skilled Manual,North America,Daly City,California,United States
940,11939,"Washington, Kevin",Partial College,Skilled Manual,North America,Imperial Beach,California,United States
941,11940,"Miller, Tyler",Bachelors,Management,North America,Woodland Hills,California,United States
942,11941,"Roberts, Adam",Partial College,Skilled Manual,North America,Woodburn,Oregon,United States
946,11945,"Huang, Dennis",Partial College,Skilled Manual,North America,Concord,California,United States
950,11949,"Brooks, Julia",Partial College,Skilled Manual,North America,Torrance,California,United States
951,11950,"Carter, Jordan",Partial College,Skilled Manual,North America,Coronado,California,United States
954,11953,"Wright, Courtney",High School,Skilled Manual,North America,Milwaukie,Oregon,United States
955,11954,"Garcia, Joseph",Partial College,Skilled Manual,North America,Glendale,California,United States
956,11955,"Green, Gabriel",Partial College,Skilled Manual,North America,Glendale,California,United States
957,11956,"Sandberg, Alexandria",High School,Skilled Manual,North America,Beverly Hills,California,United States
958,11957,"Hernandez, Courtney",Partial College,Skilled Manual,North America,Redmond,Washington,United States
959,11958,"Lal, Dylan",Partial College,Professional,North America,Bremerton,Washington,United States
960,11959,"Davis, Elizabeth",Partial College,Professional,North America,Lemon Grove,California,United States
961,11960,"Griffin, Ana",Partial College,Professional,North America,Redmond,Washington,United States
962,11961,"Alvarez, Anne",Partial College,Professional,North America,Berkeley,California,United States
963,11962,"Roberts, Alexandra",Partial College,Professional,North America,Bellflower,California,United States
971,11970,"Collins, Bailey",Bachelors,Management,North America,W. Linn,Oregon,United States
972,11971,"Adams, Amanda",Bachelors,Management,North America,Fremont,California,United States
973,11972,"Williams, Katherine",Partial College,Professional,North America,Edmonds,Washington,United States
974,11973,"Barnes, Caroline",Partial College,Professional,North America,Renton,Washington,United States
975,11974,"Sun, Randy",Partial College,Professional,North America,Berkeley,California,United States
976,11975,"Garcia, Destiny",High School,Professional,North America,Chula Vista,California,United States
979,11978,"Washington, Jackson",Graduate Degree,Management,North America,Fremont,California,United States
981,11980,"Richardson, Kimberly",High School,Professional,North America,Santa Monica,California,United States
982,11981,"Howard, Alexandria",High School,Professional,North America,Everett,Washington,United States
983,11982,"Foster, Alexandra",High School,Professional,North America,San Diego,California,United States
984,11983,"Ortega, Cheryl",Partial College,Professional,North America,Bellflower,California,United States
986,11985,"Hughes, Melanie",Bachelors,Management,North America,Beaverton,Oregon,United States
1016,12015,"White, Jacob",High School,Skilled Manual,North America,Lincoln Acres,California,United States
1017,12016,"Serrano, Meredith",High School,Skilled Manual,North America,Colma,California,United States
1019,12018,"Henderson, Devin",High School,Skilled Manual,North America,San Diego,California,United States
1020,12019,"Cox, Gabrielle",High School,Skilled Manual,North America,Torrance,California,United States
1023,12022,"Wright, Jose",High School,Skilled Manual,North America,Woodburn,Oregon,United States
1024,12023,"Johnson, Fernando",Partial High School,Clerical,North America,Colma,California,United States
1025,12024,"Edwards, Samuel",High School,Skilled Manual,North America,Port Orchard,Washington,United States
1026,12025,"Diaz, Logan",High School,Skilled Manual,North America,Lake Oswego,Oregon,United States
1027,12026,"Flores, Lucas",High School,Skilled Manual,North America,West Covina,California,United States
1028,12027,"Wood, Haley",High School,Skilled Manual,North America,Renton,Washington,United States
1029,12028,"Lewis, Sarah",Partial High School,Clerical,North America,Lemon Grove,California,United States
1030,12029,"Hu, Damien",Partial High School,Clerical,North America,Bellflower,California,United States
1031,12030,"Washington, Ana",High School,Skilled Manual,North America,Issaquah,Washington,United States
1034,12033,"Guo, Kristen",High School,Skilled Manual,North America,Bremerton,Washington,United States
1041,12040,"Torres, Richard",Partial College,Skilled Manual,North America,San Diego,California,United States
1042,12041,"Martin, Seth",High School,Skilled Manual,North America,Marysville,Washington,United States
1043,12042,"Carter, Alex",High School,Skilled Manual,North America,Yakima,Washington,United States
1044,12043,"Patterson, Carson",Partial College,Skilled Manual,North America,Fremont,California,United States
1045,12044,"Lopez, Madeline",Partial College,Skilled Manual,North America,Long Beach,California,United States
1046,12045,"Russell, Luis",Partial College,Skilled Manual,North America,Mill Valley,California,United States
1051,12050,"Young, Aaron",Graduate Degree,Management,North America,Lincoln Acres,California,United States
1052,12051,"Scott, Isaiah",Bachelors,Management,North America,National City,California,United States
1053,12052,"Ward, Makayla",Bachelors,Management,North America,Redwood City,California,United States
1054,12053,"Gao, Cedric",Graduate Degree,Management,North America,Burbank,California,United States
1058,12057,"Collins, Madeline",Graduate Degree,Management,North America,Marysville,Washington,United States
1059,12058,"Nelson, Chloe",Bachelors,Management,North America,Fremont,California,United States
1060,12059,"Jenkins, Jason",Bachelors,Management,North America,Renton,Washington,United States
1069,12068,"Jenkins, Maria",Bachelors,Management,North America,Newport Beach,California,United States
1070,12069,"Kelly, Garrett",Bachelors,Management,North America,Chula Vista,California,United States
1071,12070,"Ross, Luke",Bachelors,Management,North America,Beverly Hills,California,United States
1072,12071,"Robinson, Robert",Bachelors,Management,North America,Beverly Hills,California,United States
1073,12072,"Ross, Tristan",Bachelors,Management,North America,Lakewood,California,United States
1074,12073,"Rodriguez, Thomas",Bachelors,Management,North America,Lakewood,California,United States
1076,12075,"Griffin, Cameron",Bachelors,Management,North America,Issaquah,Washington,United States
1077,12076,"Washington, Chloe",Bachelors,Management,North America,Fremont,California,United States
1079,12078,"Edwards, Jose",Bachelors,Management,North America,Yakima,Washington,United States
1080,12079,"Cooper, Nathaniel",Bachelors,Management,North America,National City,California,United States
1086,12085,"Rodriguez, Tyler",Bachelors,Management,North America,Portland,Oregon,United States
1088,12087,"Cook, Sean",Bachelors,Management,North America,Lakewood,California,United States
1089,12088,"Thompson, Lauren",Bachelors,Management,North America,Salem,Oregon,United States
1092,12091,"Munoz, Eddie",High School,Professional,North America,Beaverton,Oregon,United States
1093,12092,"White, Austin",High School,Professional,North America,Burien,Washington,United States
1094,12093,"Chandra, Levi",Partial College,Professional,North America,Beverly Hills,California,United States
1095,12094,"Bailey, Bailey",Bachelors,Management,North America,Lemon Grove,California,United States
1096,12095,"Griffin, Austin",Bachelors,Management,North America,Lincoln Acres,California,United States
1097,12096,"Brooks, Caitlin",Bachelors,Management,North America,San Carlos,California,United States
1099,12098,"Clark, Grace",Partial College,Professional,North America,Spokane,Washington,United States
1100,12099,"Hall, Sydney",Partial College,Professional,North America,Yakima,Washington,United States
1101,12100,"Sun, Jon",Bachelors,Management,North America,Burbank,California,United States
1102,12101,"Patterson, Logan",Partial College,Professional,North America,Newport Beach,California,United States
1103,12102,"Simmons, Devin",Partial College,Professional,North America,Novato,California,United States
1104,12103,"White, Chloe",Partial College,Professional,North America,Oakland,California,United States
1105,12104,"Ross, Mariah",Partial College,Professional,North America,Palo Alto,California,United States
1106,12105,"Foster, Abigail",Partial College,Professional,North America,Woodland Hills,California,United States
1109,12108,"Walker, James",Partial College,Professional,North America,Marysville,Washington,United States
1110,12109,"Foster, Morgan",Partial College,Professional,North America,Spokane,Washington,United States
1111,12110,"Guo, Bianca",Partial College,Professional,North America,Burlingame,California,United States
1112,12111,"Gonzales, Jacqueline",Partial College,Professional,North America,Fremont,California,United States
1113,12112,"Henderson, Arianna",Partial College,Professional,North America,Long Beach,California,United States
1116,12115,"Richardson, Chloe",High School,Professional,North America,Lebanon,Oregon,United States
1126,12125,"Ortega, Diana",Partial College,Professional,Europe,Mühlheim am Main,Hesse,Germany
1129,12128,"Munoz, Kristy",High School,Professional,Europe,Berlin,Berlin,Germany
1130,12129,"Alvarez, Wendy",High School,Professional,Europe,Leipzig,Saxony,Germany
1131,12130,"Zhou, Suzanne",High School,Professional,Europe,Paderborn,North Rhine-Westphalia,Germany
1136,12135,"Taylor, Fernando",Partial College,Professional,North America,El Cajon,California,United States
1138,12137,"Green, Jack",Graduate Degree,Management,North America,Novato,California,United States
1139,12138,"Jai, Colin",Graduate Degree,Management,North America,Beaverton,Oregon,United States
1140,12139,"Yang, Franklin",Graduate Degree,Management,North America,Bellingham,Washington,United States
1142,12141,"Lee, Kaitlyn",Partial College,Professional,North America,Beaverton,Oregon,United States
1143,12142,"Torres, Gabriella",Bachelors,Management,North America,Milwaukie,Oregon,United States
1144,12143,"Turner, Logan",Bachelors,Management,North America,Port Orchard,Washington,United States
1145,12144,"Jenkins, Kelly",Partial College,Professional,North America,Port Orchard,Washington,United States
1146,12145,"Butler, Brandon",Partial College,Professional,North America,Walla Walla,Washington,United States
1147,12146,"Thomas, Xavier",Bachelors,Management,North America,Concord,California,United States
1149,12148,"Morris, Gabrielle",Partial College,Professional,North America,Salem,Oregon,United States
1150,12149,"Scott, Bailey",Partial College,Professional,North America,W. Linn,Oregon,United States
1151,12150,"Wang, Logan",Graduate Degree,Management,North America,El Cajon,California,United States
1152,12151,"Kelly, Steven",Bachelors,Management,North America,Lemon Grove,California,United States
1153,12152,"Ramirez, Adrian",Bachelors,Management,North America,Lemon Grove,California,United States
1154,12153,"Bailey, Kaitlyn",Partial College,Professional,North America,Oakland,California,United States
1156,12155,"Lopez, Gabriella",Partial College,Professional,North America,Yakima,Washington,United States
1157,12156,"Raji, Bonnie",Graduate Degree,Management,North America,Burbank,California,United States
1158,12157,"White, William",Graduate Degree,Management,North America,Lincoln Acres,California,United States
1161,12160,"Zhang, Jaclyn",Partial College,Professional,North America,Beaverton,Oregon,United States
1162,12161,"Rogers, Alexandria",Partial College,Professional,North America,Yakima,Washington,United States
1163,12162,"Mitchell, Luke",Partial College,Professional,North America,La Jolla,California,United States
1164,12163,"Wang, Aaron",Bachelors,Management,North America,Santa Cruz,California,United States
1165,12164,"Butler, Noah",Bachelors,Management,North America,Spring Valley,California,United States
1168,12167,"Stewart, Sebastian",Partial College,Professional,North America,Seattle,Washington,United States
1169,12168,"Jackson, Hunter",Partial College,Professional,North America,Edmonds,Washington,United States
1170,12169,"Howard, Abigail",High School,Professional,North America,Coronado,California,United States
1171,12170,"Reed, Sara",Bachelors,Management,North America,Glendale,California,United States
1172,12171,"Cooper, Alyssa",Bachelors,Management,North America,Lemon Grove,California,United States
1173,12172,"Alexander, Eduardo",Bachelors,Management,North America,Newport Beach,California,United States
1174,12173,"Edwards, Dalton",Bachelors,Management,North America,Newport Beach,California,United States
1175,12174,"Phillips, Charles",Graduate Degree,Management,North America,Torrance,California,United States
1176,12175,"Powell, Luke",High School,Professional,North America,Santa Cruz,California,United States
1177,12176,"James, Cody",High School,Professional,North America,Salem,Oregon,United States
1179,12178,"Shan, Ethan",Partial High School,Skilled Manual,North America,Portland,Oregon,United States
1180,12179,"Jones, Alexis",Graduate Degree,Management,North America,Lebanon,Oregon,United States
1181,12180,"Mehta, Holly",Graduate Degree,Management,North America,Beaverton,Oregon,United States
1182,12181,"Sanders, Katelyn",Graduate Degree,Management,North America,Palo Alto,California,United States
1185,12184,"Perez, Isaiah",Partial College,Professional,North America,Oregon City,Oregon,United States
1186,12185,"Patterson, Kaitlyn",Partial College,Professional,North America,Yakima,Washington,United States
1187,12186,"Srini, Bryant",Partial College,Professional,North America,Berkeley,California,United States
1188,12187,"Subram, Ruben",Partial College,Professional,North America,Beverly Hills,California,United States
1189,12188,"Thomas, Ashley",Partial College,Professional,North America,Chula Vista,California,United States
1190,12189,"Wright, Sophia",Bachelors,Management,North America,Los Angeles,California,United States
1191,12190,"Gonzales, Justin",Graduate Degree,Management,North America,San Gabriel,California,United States
1192,12191,"Washington, Melissa",Partial High School,Skilled Manual,North America,West Covina,California,United States
1193,12192,"Hayes, Jocelyn",Partial High School,Skilled Manual,North America,Bellingham,Washington,United States
1195,12194,"Foster, Destiny",Graduate Degree,Management,North America,San Gabriel,California,United States
1196,12195,"Morris, Erin",Graduate Degree,Management,North America,National City,California,United States
1198,12197,"Hernandez, Adam",Graduate Degree,Management,North America,Mill Valley,California,United States
1199,12198,"Scott, Noah",Graduate Degree,Management,North America,Milwaukie,Oregon,United States
1200,12199,"Richardson, Christina",Partial College,Professional,North America,Walla Walla,Washington,United States
1201,12200,"Sharma, Rafael",Graduate Degree,Management,North America,Colma,California,United States
1202,12201,"Yuan, Mindy",Graduate Degree,Management,North America,Burlingame,California,United States
1205,12204,"Jai, Bradley",Graduate Degree,Management,North America,Beaverton,Oregon,United States
1206,12205,"Long, Madison",Bachelors,Management,North America,Burbank,California,United States
1207,12206,"Parker, Sierra",Bachelors,Management,North America,Long Beach,California,United States
1208,12207,"Hill, Samuel",Bachelors,Management,North America,Issaquah,Washington,United States
1209,12208,"Sanchez, Dominique",Bachelors,Management,North America,Bellingham,Washington,United States
1210,12209,"Jai, Mindy",Bachelors,Management,North America,Bellflower,California,United States
1214,12213,"Lal, Alejandro",Graduate Degree,Manual,Europe,Munich,Bavaria,Germany
1219,12218,"Xu, Mitchell",Bachelors,Manual,Europe,Berlin,Berlin,Germany
1224,12223,"Vazquez, Felicia",Graduate Degree,Clerical,Europe,Frankfurt,Hesse,Germany
1226,12225,"Ortega, Kathleen",Graduate Degree,Clerical,Europe,Poing,Bavaria,Germany
1227,12226,"Ward, Faith",Bachelors,Clerical,Europe,Hof,Bavaria,Germany
1229,12228,"Martinez, Mayra",Bachelors,Clerical,Europe,Berlin,Berlin,Germany
1230,12229,"Gomez, Kari",Partial College,Manual,Europe,Mühlheim am Main,Hesse,Germany
1231,12230,"Zheng, Wesley",Partial College,Manual,Europe,Hamburg,Hamburg,Germany
1232,12231,"Patterson, Isabelle",Partial College,Manual,Europe,Solingen,North Rhine-Westphalia,Germany
1233,12232,"Hernandez, Sean",Partial College,Manual,Europe,Paderborn,North Rhine-Westphalia,Germany
1237,12236,"Gill, Kendra",Partial College,Manual,Europe,Hamburg,Hamburg,Germany
1238,12237,"Madan, Ruth",Partial College,Manual,Europe,Kassel,Hesse,Germany
1239,12238,"Raman, Monica",Bachelors,Clerical,Europe,Offenbach am Main,Hesse,Germany
1258,12257,"Ruiz, Ross",Graduate Degree,Clerical,Europe,Berlin,Berlin,Germany
1259,12258,"Li, Jamie",Graduate Degree,Clerical,Europe,Essen,North Rhine-Westphalia,Germany
1267,12266,"Lin, Tiffany",Partial College,Manual,Europe,Paderborn,North Rhine-Westphalia,Germany
1269,12268,"Shan, Edwin",Graduate Degree,Clerical,Europe,Berlin,Berlin,Germany
1271,12270,"Ramos, Ebony",Graduate Degree,Clerical,Europe,Berlin,Berlin,Germany
1274,12273,"Carlson, Nelson",Bachelors,Clerical,Europe,Ingolstadt,Bavaria,Germany
1276,12275,"Madan, Adriana",Partial College,Manual,Europe,Berlin,Berlin,Germany
1277,12276,"Shan, Alisha",Bachelors,Clerical,Europe,Berlin,Berlin,Germany
1279,12278,"Johnsen, Meredith",High School,Manual,Europe,Dusseldorf,North Rhine-Westphalia,Germany
1292,12291,"Suri, Johnathan",Partial College,Professional,Europe,Eilenburg,Saxony,Germany
1298,12297,"Blanco, Felicia",Partial College,Professional,Europe,Frankfurt,Hesse,Germany
1299,12298,"Zeng, Crystal",Partial College,Professional,Europe,Neunkirchen,North Rhine-Westphalia,Germany
1303,12302,"Coleman, Kevin",Bachelors,Management,Europe,Frankfurt,Hesse,Germany
1307,12306,"Parker, Logan",Partial College,Professional,Europe,Hof,Bavaria,Germany
1315,12314,"Suarez, Jill",Bachelors,Management,Europe,Grevenbroich,North Rhine-Westphalia,Germany
1320,12319,"Ye, Shannon",High School,Professional,Europe,Eilenburg,Saxony,Germany
1325,12324,"Lal, Dale",High School,Professional,Europe,Hamburg,Hamburg,Germany
1328,12327,"Liang, Edwin",Partial College,Management,Europe,Brunswick,Lower Saxony,Germany
1331,12330,"Raman, Preston",Partial College,Management,Europe,Essen,North Rhine-Westphalia,Germany
1363,12362,"Harrison, Thomas",Bachelors,Management,North America,Lemon Grove,California,United States
1365,12364,"Rogers, Erin",Bachelors,Management,North America,Port Orchard,Washington,United States
1366,12365,"Evans, Alex",Bachelors,Management,North America,Bremerton,Washington,United States
1367,12366,"Cox, Stephanie",Bachelors,Management,North America,Ballard,Washington,United States
1378,12377,"Miller, Christopher",Partial High School,Manual,Europe,Bottrop,North Rhine-Westphalia,Germany
1379,12378,"Sanchez, Brianna",Partial College,Clerical,Europe,Ingolstadt,Bavaria,Germany
1380,12379,"Chande, Bridget",Partial College,Clerical,Europe,Hamburg,Hamburg,Germany
1385,12384,"Gutierrez, Jacquelyn",Bachelors,Skilled Manual,Europe,Kiel,Schleswig-Holstein,Germany
1387,12386,"Perry, Katherine",Partial High School,Manual,Europe,Erlangen,Bavaria,Germany
1389,12388,"Kumar, Casey",High School,Manual,Europe,Kiel,Schleswig-Holstein,Germany
1391,12390,"Martinez, Denise",Partial College,Clerical,Europe,Berlin,Berlin,Germany
1397,12396,"Yang, Susan",High School,Manual,Europe,Hof,Bavaria,Germany
1398,12397,"Chapman, Shaun",Partial College,Clerical,Europe,Poing,Bavaria,Germany
1400,12399,"Chapman, Henry",Partial College,Clerical,Europe,Brunswick,Lower Saxony,Germany
1401,12400,"Martin, Andy",Partial College,Clerical,Europe,Essen,North Rhine-Westphalia,Germany
1402,12401,"Rivera, Kimberly",Partial College,Clerical,Europe,Hof,Bavaria,Germany
1407,12406,"Gutierrez, Ross",Graduate Degree,Skilled Manual,Europe,Grevenbroich,North Rhine-Westphalia,Germany
1408,12407,"Raji, Shawn",Graduate Degree,Skilled Manual,Europe,Berlin,Berlin,Germany
1409,12408,"Lu, Jon",Graduate Degree,Skilled Manual,Europe,Saarlouis,Saar,Germany
1410,12409,"Hill, Savannah",Partial College,Clerical,North America,Santa Cruz,California,United States
1411,12410,"Richardson, Mariah",Partial College,Clerical,North America,Beverly Hills,California,United States
1412,12411,"Alexander, Kevin",Partial College,Clerical,North America,Concord,California,United States
1413,12412,"Wright, Mackenzie",Graduate Degree,Skilled Manual,North America,Downey,California,United States
1414,12413,"Gonzales, James",Graduate Degree,Skilled Manual,North America,Olympia,Washington,United States
1415,12414,"Lal, Ethan",Graduate Degree,Skilled Manual,North America,Oregon City,Oregon,United States
1416,12415,"Richardson, Brianna",Graduate Degree,Skilled Manual,North America,W. Linn,Oregon,United States
1417,12416,"Martinez, Veronica",Graduate Degree,Skilled Manual,North America,Bellflower,California,United States
1418,12417,"Bryant, Alexis",Graduate Degree,Skilled Manual,North America,Chula Vista,California,United States
1419,12418,"Hernandez, Robert",High School,Manual,North America,Corvallis,Oregon,United States
1420,12419,"Bell, Destiny",Bachelors,Skilled Manual,North America,Bremerton,Washington,United States
1421,12420,"Hayes, Spencer",Bachelors,Skilled Manual,North America,Milwaukie,Oregon,United States
1422,12421,"Hughes, Cameron",Bachelors,Skilled Manual,North America,Newport Beach,California,United States
1423,12422,"Evans, Hailey",Bachelors,Skilled Manual,North America,Marysville,Washington,United States
1424,12423,"Thompson, Sarah",Partial High School,Clerical,North America,Olympia,Washington,United States
1425,12424,"Mitchell, Rebecca",High School,Manual,North America,Sedro Woolley,Washington,United States
1426,12425,"White, Brandon",High School,Clerical,North America,Walla Walla,Washington,United States
1427,12426,"Cox, Cody",Partial College,Clerical,North America,Lakewood,California,United States
1428,12427,"Stewart, Kimberly",Partial College,Clerical,North America,San Diego,California,United States
1429,12428,"Morris, Sean",Partial College,Clerical,North America,San Gabriel,California,United States
1430,12429,"Black, Melvin",Partial College,Clerical,North America,Concord,California,United States
1433,12432,"Clark, Nathan",Partial College,Clerical,North America,Glendale,California,United States
1434,12433,"Price, Antonio",Partial College,Clerical,North America,San Gabriel,California,United States
1435,12434,"Kumar, Thomas",Partial College,Clerical,North America,Tacoma,Washington,United States
1436,12435,"Zhou, Christy",Partial College,Clerical,North America,Bell Gardens,California,United States
1437,12436,"Diaz, Albert",Partial College,Clerical,North America,Burien,Washington,United States
1438,12437,"Young, Jeremy",Partial College,Clerical,North America,Salem,Oregon,United States
1439,12438,"Rogers, Bailey",Graduate Degree,Skilled Manual,North America,Colma,California,United States
1440,12439,"Bennett, Megan",Partial College,Clerical,North America,Beaverton,Oregon,United States
1441,12440,"Chandra, Francisco",Partial College,Clerical,North America,Burbank,California,United States
1442,12441,"Simmons, Trevor",Partial College,Clerical,North America,Berkeley,California,United States
1443,12442,"Richardson, Allison",Partial College,Clerical,North America,Burbank,California,United States
1444,12443,"James, Garrett",Partial College,Clerical,North America,Burbank,California,United States
1446,12445,"Taylor, Cameron",Partial College,Clerical,North America,Oregon City,Oregon,United States
1447,12446,"Hall, Jasmine",Partial College,Clerical,North America,La Jolla,California,United States
1449,12448,"Cox, Hailey",Graduate Degree,Skilled Manual,North America,Lebanon,Oregon,United States
1451,12450,"Cook, Cody",Graduate Degree,Skilled Manual,North America,Imperial Beach,California,United States
1453,12452,"Sanchez, Sean",Graduate Degree,Skilled Manual,North America,Spokane,Washington,United States
1454,12453,"Bennett, Madison",Graduate Degree,Skilled Manual,North America,W. Linn,Oregon,United States
1455,12454,"Griffin, Samuel",Graduate Degree,Skilled Manual,North America,Bremerton,Washington,United States
1456,12455,"Lewis, Benjamin",Graduate Degree,Skilled Manual,North America,Mill Valley,California,United States
1457,12456,"Chen, Thomas",Graduate Degree,Skilled Manual,North America,Burien,Washington,United States
1458,12457,"Rai, Misty",Graduate Degree,Skilled Manual,North America,Beaverton,Oregon,United States
1459,12458,"Sanchez, Veronica",Bachelors,Clerical,Europe,Bottrop,North Rhine-Westphalia,Germany
1462,12461,"Suri, Ruth",Graduate Degree,Clerical,Europe,Hamburg,Hamburg,Germany
1463,12462,"Suri, Levi",Graduate Degree,Clerical,Europe,Sulzbach Taunus,Saar,Germany
1470,12469,"Srini, Shane",High School,Manual,Europe,Paderborn,North Rhine-Westphalia,Germany
1471,12470,"He, Barbara",High School,Manual,Europe,Berlin,Berlin,Germany
1472,12471,"Zeng, Lacey",Bachelors,Clerical,Europe,Bottrop,North Rhine-Westphalia,Germany
1476,12475,"Carter, Logan",Partial High School,Manual,Europe,Solingen,North Rhine-Westphalia,Germany
1479,12478,"Mehta, Ruben",High School,Manual,Europe,Bottrop,North Rhine-Westphalia,Germany
1480,12479,"Tang, Priscilla",Bachelors,Skilled Manual,Europe,Frankfurt,Hesse,Germany
1482,12481,"Diaz, Victor",Partial High School,Manual,Europe,Berlin,Berlin,Germany
1485,12484,"Suarez, Lori",High School,Manual,Europe,Hamburg,Hamburg,Germany
1488,12487,"Zhu, Willie",High School,Manual,Europe,Salzgitter,Lower Saxony,Germany
1494,12493,"Vazquez, Dwayne",Bachelors,Professional,Europe,Ingolstadt,Bavaria,Germany
1496,12495,"Miller, Lucas",Partial College,Clerical,Europe,Frankfurt,Hesse,Germany
1498,12497,"Kumar, Ashlee",Bachelors,Skilled Manual,Europe,Saarbrücken,Saar,Germany
1499,12498,"Diaz, Eduardo",Bachelors,Skilled Manual,Europe,Hamburg,Hamburg,Germany
1500,12499,"Wang, Heather",High School,Manual,Europe,Munich,Bavaria,Germany
1501,12500,"Vazquez, Kathleen",Partial College,Clerical,Europe,Offenbach am Main,Hesse,Germany
1502,12501,"Sai, Cory",Partial College,Clerical,Europe,Solingen,North Rhine-Westphalia,Germany
1508,12507,"Bell, Ian",Partial College,Clerical,Europe,Solingen,North Rhine-Westphalia,Germany
1513,12512,"Gomez, Carolyn",Partial College,Clerical,Europe,Berlin,Berlin,Germany
1517,12516,"Chander, Shawna",Partial College,Clerical,Europe,Frankfurt,Hesse,Germany
1518,12517,"Watson, Alexa",Partial College,Clerical,Europe,Kassel,Hesse,Germany
1519,12518,"Dominguez, Jacquelyn",Partial College,Clerical,Europe,Solingen,North Rhine-Westphalia,Germany
1522,12521,"Dominguez, Meredith",Partial High School,Manual,Europe,Offenbach am Main,Hesse,Germany
1528,12527,"Rodriguez, José",Graduate Degree,Skilled Manual,North America,Burbank,California,United States
1529,12528,"Wilson, Devin",Graduate Degree,Skilled Manual,North America,Spokane,Washington,United States
1530,12529,"Allen, Isaiah",Graduate Degree,Skilled Manual,North America,Berkeley,California,United States
1532,12531,"Xu, Autumn",Partial College,Clerical,North America,Beaverton,Oregon,United States
1534,12533,"Washington, Luis",Graduate Degree,Management,North America,Walla Walla,Washington,United States
1536,12535,"Kapoor, Clifford",Bachelors,Manual,Europe,Solingen,North Rhine-Westphalia,Germany
1537,12536,"Dominguez, Javier",Bachelors,Manual,Europe,Solingen,North Rhine-Westphalia,Germany
1539,12538,"Blanco, Paula",Graduate Degree,Clerical,Europe,Berlin,Berlin,Germany
1545,12544,"Jordan, Bruce",Bachelors,Manual,Europe,Kiel,Schleswig-Holstein,Germany
1547,12546,"Andersen, Clarence",Bachelors,Clerical,Europe,Mühlheim am Main,Hesse,Germany
1549,12548,"Collins, Alexandra",Partial College,Manual,Europe,Bottrop,North Rhine-Westphalia,Germany
1557,12556,"Kapoor, Manuel",Bachelors,Clerical,Europe,Werne,North Rhine-Westphalia,Germany
1559,12558,"Evans, Amanda",Bachelors,Clerical,Europe,Bottrop,North Rhine-Westphalia,Germany
1592,12591,"Madan, Meredith",Graduate Degree,Clerical,Europe,Berlin,Berlin,Germany
1601,12600,"Romero, Larry",Graduate Degree,Clerical,Europe,Eilenburg,Saxony,Germany
1605,12604,"Lee, Nathan",Bachelors,Clerical,Europe,Darmstadt,Hesse,Germany
1606,12605,"Cooper, Carol",Bachelors,Clerical,Europe,Saarlouis,Saar,Germany
1617,12616,"Tang, Kelsey",Partial College,Manual,Europe,Munich,Bavaria,Germany
1618,12617,"Ma, Jake",Partial College,Manual,Europe,Hanover,Lower Saxony,Germany
1625,12624,"Xu, Jamie",Partial College,Manual,Europe,Frankfurt,Hesse,Germany
1630,12629,"Nara, Russell",Partial College,Manual,Europe,Hamburg,Hamburg,Germany
1637,12636,"Salah, Tamer",Bachelors,Management,Europe,Berlin,Berlin,Germany
1639,12638,"Brooks, Sebastian",Partial College,Professional,Europe,Frankfurt,Hesse,Germany
1644,12643,"Perez, Kristina",Bachelors,Management,Europe,Stuttgart,Baden-Wuerttemberg,Germany
1647,12646,"Xu, Kenneth",High School,Professional,Europe,Bonn,North Rhine-Westphalia,Germany
1658,12657,"Blanco, Audrey",High School,Management,Europe,Grevenbroich,North Rhine-Westphalia,Germany
1710,12709,"Rodriguez, Ian",Bachelors,Management,North America,San Carlos,California,United States
1713,12712,"Romero, Arthur",Partial High School,Manual,Europe,Munich,Bavaria,Germany
1714,12713,"Xie, Deborah",Partial High School,Manual,Europe,Offenbach am Main,Hesse,Germany
1715,12714,"Lu, Colleen",Partial College,Clerical,Europe,Hanover,Lower Saxony,Germany
1722,12721,"Martinez, Rebekah",Partial College,Clerical,Europe,Saarlouis,Saar,Germany
1723,12722,"Gomez, Latasha",Partial High School,Manual,Europe,Bottrop,North Rhine-Westphalia,Germany
1725,12724,"Martin, Eddie",Partial High School,Manual,Europe,Munster,North Rhine-Westphalia,Germany
1726,12725,"James, Gabrielle",Partial High School,Manual,Europe,Neunkirchen,North Rhine-Westphalia,Germany
1727,12726,"Goel, Kurt",Partial High School,Manual,Europe,Ingolstadt,Bavaria,Germany
1729,12728,"Stewart, Jeremiah",Partial College,Clerical,Europe,Frankfurt,Hesse,Germany
1732,12731,"Murphy, Steven",High School,Manual,Europe,Werne,North Rhine-Westphalia,Germany
1736,12735,"Mehta, Donald",Partial High School,Manual,Europe,Essen,North Rhine-Westphalia,Germany
1737,12736,"Ruiz, Diana",Partial High School,Manual,Europe,Frankfurt,Hesse,Germany
1739,12738,"Rubio, Melinda",Bachelors,Skilled Manual,Europe,Berlin,Berlin,Germany
1742,12741,"Sam, Raymond",High School,Manual,Europe,Stuttgart,Baden-Wuerttemberg,Germany
1743,12742,"Martinez, Samantha",Partial College,Clerical,Europe,Solingen,North Rhine-Westphalia,Germany
1748,12747,"Hu, Colleen",Partial High School,Manual,Europe,Hamburg,Hamburg,Germany
1752,12751,"Xu, Priscilla",Partial College,Clerical,Europe,Erlangen,Bavaria,Germany
1758,12757,"Ramirez, Sara",Partial College,Clerical,North America,Edmonds,Washington,United States
1759,12758,"Ramirez, Stephanie",Bachelors,Skilled Manual,North America,Kirkland,Washington,United States
1760,12759,"Sanders, Jada",Graduate Degree,Skilled Manual,North America,Seattle,Washington,United States
1762,12761,"Richardson, Alexandra",Graduate Degree,Skilled Manual,North America,Woodburn,Oregon,United States
1763,12762,"Smith, Jonathan",Bachelors,Skilled Manual,North America,Spring Valley,California,United States
1765,12764,"Harris, Alexandra",Partial College,Clerical,North America,Tacoma,Washington,United States
1767,12766,"Bryant, Jordyn",Partial High School,Clerical,North America,Corvallis,Oregon,United States
1768,12767,"Robinson, Christopher",High School,Clerical,North America,Yakima,Washington,United States
1769,12768,"Chapman, Johnathan",High School,Clerical,North America,Colma,California,United States
1770,12769,"Zhang, Thomas",Partial College,Clerical,North America,Olympia,Washington,United States
1771,12770,"Evans, Charles",Partial College,Clerical,North America,Los Angeles,California,United States
1772,12771,"Thomas, Morgan",Partial College,Clerical,North America,Spring Valley,California,United States
1773,12772,"Clark, Abigail",Partial College,Clerical,North America,Everett,Washington,United States
1774,12773,"Taylor, Samantha",Partial College,Clerical,North America,Bellingham,Washington,United States
1775,12774,"Gao, Kristen",Partial College,Clerical,North America,Burlingame,California,United States
1776,12775,"Griffin, Connor",Partial College,Clerical,North America,Palo Alto,California,United States
1777,12776,"Campbell, Blake",Graduate Degree,Skilled Manual,North America,Yakima,Washington,United States
1778,12777,"Anderson, Joseph",Partial College,Clerical,North America,Lynnwood,Washington,United States
1779,12778,"Morgan, Connie",Partial College,Clerical,North America,Santa Cruz,California,United States
1780,12779,"Rogers, Mason",Partial College,Clerical,North America,Yakima,Washington,United States
1790,12789,"Zeng, Jamie",Partial College,Clerical,North America,Burlingame,California,United States
1791,12790,"Kumar, Brandon",Graduate Degree,Skilled Manual,North America,Lemon Grove,California,United States
1792,12791,"Foster, Angelica",Graduate Degree,Skilled Manual,North America,Long Beach,California,United States
1793,12792,"White, Blake",Graduate Degree,Skilled Manual,North America,Bremerton,Washington,United States
1794,12793,"Guo, Jessie",Graduate Degree,Skilled Manual,North America,Chula Vista,California,United States
1795,12794,"Jackson, Megan",Graduate Degree,Skilled Manual,North America,Woodburn,Oregon,United States
1797,12796,"Zhang, Jason",Graduate Degree,Skilled Manual,North America,Bremerton,Washington,United States
1798,12797,"Howard, Patrick",Graduate Degree,Skilled Manual,North America,West Covina,California,United States
1800,12799,"Chandra, George",Bachelors,Clerical,Europe,Neunkirchen,North Rhine-Westphalia,Germany
1801,12800,"Chen, Lacey",Bachelors,Clerical,Europe,Leipzig,Saxony,Germany
1802,12801,"Browning, Melody",Bachelors,Clerical,Europe,Erlangen,Bavaria,Germany
1803,12802,"Sun, Alan",Bachelors,Clerical,Europe,Stuttgart,Baden-Wuerttemberg,Germany
1807,12806,"Zeng, Ronnie",Graduate Degree,Clerical,Europe,Munich,Bavaria,Germany
1808,12807,"Kumar, Nina",Graduate Degree,Clerical,Europe,Offenbach am Main,Hesse,Germany
1810,12809,"Navarro, Michele",Partial College,Manual,Europe,Grevenbroich,North Rhine-Westphalia,Germany
1811,12810,"Stewart, Chase",Bachelors,Clerical,Europe,Werne,North Rhine-Westphalia,Germany
1812,12811,"Serrano, Marc",Partial College,Manual,Europe,Salzgitter,Lower Saxony,Germany
1814,12813,"Ramos, Reginald",Bachelors,Clerical,Europe,Dresden,Saxony,Germany
1815,12814,"Sharma, Casey",Bachelors,Clerical,Europe,Essen,North Rhine-Westphalia,Germany
1816,12815,"Mehta, Dominique",Bachelors,Clerical,Europe,Munich,Bavaria,Germany
1817,12816,"Mehta, Tammy",Partial High School,Manual,Europe,Munich,Bavaria,Germany
1823,12822,"James, Alexandra",Bachelors,Clerical,Europe,Werne,North Rhine-Westphalia,Germany
1826,12825,"Hu, Kelvin",Bachelors,Skilled Manual,Europe,Hamburg,Hamburg,Germany
1827,12826,"Gonzalez, Caleb",Partial High School,Manual,Europe,Kassel,Hesse,Germany
1828,12827,"Raje, Nicolas",High School,Manual,Europe,Saarbrücken,Saar,Germany
1829,12828,"Rubio, Carol",Partial High School,Manual,Europe,Saarlouis,Saar,Germany
1830,12829,"Li, Micah",High School,Manual,Europe,Sulzbach Taunus,Saar,Germany
1832,12831,"Lal, Kathryn",High School,Manual,Europe,Poing,Bavaria,Germany
1833,12832,"Prasad, Douglas",High School,Manual,Europe,Berlin,Berlin,Germany
1834,12833,"Goel, Sheena",High School,Manual,Europe,Berlin,Berlin,Germany
1836,12835,"Yuan, Karl",Partial High School,Manual,Europe,Ingolstadt,Bavaria,Germany
1838,12837,"Anderson, Nicole",Partial College,Manual,Europe,Hof,Bavaria,Germany
1839,12838,"Beck, Ralph",Bachelors,Professional,Europe,Neunkirchen,North Rhine-Westphalia,Germany
1845,12844,"Gonzalez, Gerald",Bachelors,Skilled Manual,Europe,Munster,North Rhine-Westphalia,Germany
1846,12845,"Torres, Angela",Bachelors,Skilled Manual,Europe,Solingen,North Rhine-Westphalia,Germany
1847,12846,"Nara, Bridget",Partial College,Clerical,Europe,Bottrop,North Rhine-Westphalia,Germany
1851,12850,"Raji, Johnny",High School,Manual,Europe,Frankfurt,Hesse,Germany
1853,12852,"Carlson, Teresa",Partial College,Clerical,Europe,Stuttgart,Baden-Wuerttemberg,Germany
1859,12858,"Mehta, Adriana",Partial College,Clerical,Europe,Berlin,Berlin,Germany
1864,12863,"Zhang, Caleb",Partial College,Clerical,Europe,Paderborn,North Rhine-Westphalia,Germany
1868,12867,"Ye, Laura",Partial High School,Manual,Europe,Paderborn,North Rhine-Westphalia,Germany
1871,12870,"Munoz, Tyrone",Partial High School,Manual,Europe,Bonn,North Rhine-Westphalia,Germany
1873,12872,"Hughes, Olivia",Partial College,Clerical,Europe,Erlangen,Bavaria,Germany
1876,12875,"Ross, Brianna",Graduate Degree,Skilled Manual,North America,Bellingham,Washington,United States
1877,12876,"Robinson, Blake",Graduate Degree,Skilled Manual,North America,Oakland,California,United States
1878,12877,"Williams, Alexander",Graduate Degree,Skilled Manual,North America,Sedro Woolley,Washington,United States
1879,12878,"Sun, Gilbert",High School,Skilled Manual,North America,Beverly Hills,California,United States
1880,12879,"Nelson, Elijah",Graduate Degree,Skilled Manual,North America,Los Angeles,California,United States
1882,12881,"Edwards, Isabella",Graduate Degree,Skilled Manual,North America,Burbank,California,United States
1883,12882,"Allen, Eduardo",Graduate Degree,Skilled Manual,North America,San Carlos,California,United States
1884,12883,"Bailey, Stephanie",Graduate Degree,Skilled Manual,North America,Coronado,California,United States
1885,12884,"Williams, Megan",Graduate Degree,Skilled Manual,North America,Woodland Hills,California,United States
1886,12885,"Anderson, Jonathan",Graduate Degree,Skilled Manual,North America,San Francisco,California,United States
1887,12886,"Long, Jocelyn",Graduate Degree,Skilled Manual,North America,San Diego,California,United States
1888,12887,"Pal, Brendan",Graduate Degree,Skilled Manual,North America,Bellflower,California,United States
1889,12888,"Barnes, Melissa",Graduate Degree,Skilled Manual,North America,Lake Oswego,Oregon,United States
1890,12889,"Adams, James",Graduate Degree,Skilled Manual,North America,Portland,Oregon,United States
1891,12890,"Thorpe, Steven",Graduate Degree,Skilled Manual,North America,Novato,California,United States
1892,12891,"King, Kaylee",Graduate Degree,Skilled Manual,North America,Oregon City,Oregon,United States
1894,12893,"Foster, Brittany",Graduate Degree,Professional,North America,Redwood City,California,United States
1895,12894,"Walker, Natalie",Graduate Degree,Professional,North America,Santa Cruz,California,United States
1897,12896,"Wood, Victoria",Bachelors,Skilled Manual,North America,Corvallis,Oregon,United States
1898,12897,"Wilson, Alyssa",Bachelors,Skilled Manual,North America,Burbank,California,United States
1899,12898,"Campbell, Madeline",Bachelors,Skilled Manual,North America,Burbank,California,United States
1900,12899,"Ross, Ana",Bachelors,Skilled Manual,North America,Glendale,California,United States
1901,12900,"Ward, Carlos",Graduate Degree,Professional,North America,Palo Alto,California,United States
1902,12901,"Adams, Robert",Bachelors,Skilled Manual,North America,W. Linn,Oregon,United States
1905,12904,"Jai, Thomas",Bachelors,Skilled Manual,North America,Chula Vista,California,United States
1906,12905,"Sanchez, Alexandra",Graduate Degree,Professional,North America,Lynnwood,Washington,United States
1907,12906,"Ramos, Philip",Graduate Degree,Professional,North America,Burien,Washington,United States
1908,12907,"Bryant, Julia",Graduate Degree,Professional,North America,Kirkland,Washington,United States
1909,12908,"Clark, Tyler",Graduate Degree,Professional,North America,Renton,Washington,United States
1910,12909,"Shan, Kelsey",Graduate Degree,Professional,North America,Berkeley,California,United States
1922,12921,"Lee, Wyatt",Bachelors,Skilled Manual,North America,Imperial Beach,California,United States
1923,12922,"Sanders, Jennifer",Bachelors,Skilled Manual,North America,Palo Alto,California,United States
1924,12923,"Wright, Fernando",Bachelors,Skilled Manual,North America,Mill Valley,California,United States
1925,12924,"Chande, Devon",Bachelors,Skilled Manual,North America,Beverly Hills,California,United States
1926,12925,"Blue, Mackenzie",Graduate Degree,Professional,North America,Burbank,California,United States
1927,12926,"Murphy, Sara",Graduate Degree,Professional,North America,Lakewood,California,United States
1930,12929,"Bryant, Vanessa",Graduate Degree,Professional,North America,Corvallis,Oregon,United States
1931,12930,"Harris, Grace",Graduate Degree,Professional,North America,Everett,Washington,United States
1932,12931,"Fernandez, Ann",Graduate Degree,Professional,North America,Chula Vista,California,United States
1933,12932,"Johnson, Tyler",Graduate Degree,Professional,North America,Colma,California,United States
1934,12933,"Hall, Jonathan",Graduate Degree,Professional,North America,Colma,California,United States
1935,12934,"Foster, Jason",Graduate Degree,Professional,North America,Lincoln Acres,California,United States
1936,12935,"Hill, Robert",Graduate Degree,Professional,North America,Newport Beach,California,United States
1938,12937,"Wilson, Megan",Bachelors,Professional,North America,Seattle,Washington,United States
1939,12938,"Parker, Edward",Bachelors,Professional,North America,Spokane,Washington,United States
1941,12940,"Rogers, Steven",Bachelors,Skilled Manual,North America,Santa Monica,California,United States
1942,12941,"Morgan, Maria",Bachelors,Skilled Manual,North America,Lynnwood,Washington,United States
1943,12942,"Harris, Morgan",Bachelors,Skilled Manual,North America,Downey,California,United States
1944,12943,"Perez, Caleb",Bachelors,Skilled Manual,North America,Grossmont,California,United States
1947,12946,"Allen, Seth",Graduate Degree,Professional,North America,Puyallup,Washington,United States
1948,12947,"Sanchez, Isaiah",Bachelors,Professional,North America,Bellflower,California,United States
1949,12948,"Kumar, Adam",Bachelors,Skilled Manual,North America,Glendale,California,United States
1950,12949,"Rivera, Morgan",Bachelors,Skilled Manual,North America,Salem,Oregon,United States
1951,12950,"Adams, Mary",Bachelors,Skilled Manual,North America,Milwaukie,Oregon,United States
1952,12951,"Simmons, Blake",Bachelors,Professional,North America,W. Linn,Oregon,United States
1953,12952,"Hughes, Jennifer",Bachelors,Professional,North America,Lemon Grove,California,United States
1954,12953,"Cooper, Catherine",Graduate Degree,Professional,North America,Spokane,Washington,United States
1955,12954,"Diaz, Pedro",Bachelors,Professional,North America,Burien,Washington,United States
1956,12955,"Hernandez, Theresa",Bachelors,Professional,North America,Burlingame,California,United States
1957,12956,"Sun, Marshall",Bachelors,Professional,North America,Cincinnati,Ohio,United States
1958,12957,"Lopez, Isabella",Bachelors,Professional,North America,Spring Valley,California,United States
1959,12958,"Campbell, Jennifer",Bachelors,Professional,North America,Spokane,Washington,United States
1961,12960,"Lewis, Ashley",Bachelors,Professional,North America,Torrance,California,United States
1962,12961,"Murphy, Kimberly",Partial College,Skilled Manual,North America,Beaverton,Oregon,United States
1963,12962,"Edwards, Jennifer",Partial College,Skilled Manual,North America,Newport Beach,California,United States
1964,12963,"Anderson, Marcus",Partial College,Skilled Manual,North America,Oregon City,Oregon,United States
1966,12965,"Bell, Cody",High School,Skilled Manual,North America,National City,California,United States
1967,12966,"Zhu, Dennis",High School,Skilled Manual,North America,Beverly Hills,California,United States
1968,12967,"Rodriguez, Fernando",High School,Skilled Manual,North America,Lincoln Acres,California,United States
1969,12968,"Butler, Paige",Partial College,Skilled Manual,North America,W. Linn,Oregon,United States
1972,12971,"Nara, Carl",Bachelors,Professional,North America,Colma,California,United States
1974,12973,"Howard, Adrian",Partial College,Skilled Manual,North America,Redmond,Washington,United States
1975,12974,"Gill, Marc",Graduate Degree,Professional,North America,Chula Vista,California,United States
1976,12975,"Wilson, Marcus",Graduate Degree,Professional,North America,Coronado,California,United States
1977,12976,"Thompson, Hunter",Graduate Degree,Professional,North America,Long Beach,California,United States
1978,12977,"Johnson, Destiny",Graduate Degree,Professional,North America,Los Angeles,California,United States
1979,12978,"James, Danielle",High School,Skilled Manual,North America,Burbank,California,United States
1980,12979,"Ward, Christina",Partial College,Skilled Manual,North America,Spokane,Washington,United States
1981,12980,"Moyer, Max",Graduate Degree,Professional,North America,Burien,Washington,United States
1982,12981,"Sanz, Joe",Graduate Degree,Professional,North America,Burlingame,California,United States
1983,12982,"Patterson, Brittany",Partial College,Skilled Manual,North America,Coronado,California,United States
1984,12983,"Carter, Gabriella",Bachelors,Professional,North America,Imperial Beach,California,United States
1986,12985,"Roberts, Hailey",Graduate Degree,Professional,North America,Long Beach,California,United States
2015,13014,"Clark, James",Bachelors,Management,North America,Edmonds,Washington,United States
2016,13015,"Parker, Rebecca",Bachelors,Management,North America,Lake Oswego,Oregon,United States
2017,13016,"Bryant, Antonio",Graduate Degree,Management,North America,Walla Walla,Washington,United States
2018,13017,"Alexander, Xavier",Partial College,Skilled Manual,North America,Concord,California,United States
2020,13019,"Murphy, Destiny",Partial College,Skilled Manual,North America,San Carlos,California,United States
2029,13028,"Thompson, Dalton",Partial College,Skilled Manual,North America,Lynnwood,Washington,United States
2030,13029,"Foster, Jennifer",Partial College,Skilled Manual,North America,Port Orchard,Washington,United States
2031,13030,"Lopez, Sophia",Partial College,Skilled Manual,North America,Coronado,California,United States
2032,13031,"Shan, Hunter",Partial College,Skilled Manual,North America,Lemon Grove,California,United States
2033,13032,"Baker, Kevin",Partial College,Skilled Manual,North America,National City,California,United States
2040,13039,"Ma, Trisha",Partial College,Skilled Manual,North America,Coronado,California,United States
2056,13055,"Gray, Patrick",High School,Skilled Manual,North America,Lebanon,Oregon,United States
2057,13056,"Blue, Morgan",High School,Skilled Manual,North America,Woodburn,Oregon,United States
2058,13057,"Powell, Destiny",High School,Skilled Manual,North America,Berkeley,California,United States
2059,13058,"Huang, Ramon",High School,Skilled Manual,North America,Chula Vista,California,United States
2060,13059,"Deng, Keith",High School,Skilled Manual,North America,Colma,California,United States
2061,13060,"Zhu, Eugene",High School,Skilled Manual,North America,Concord,California,United States
2067,13066,"Perry, Carson",High School,Skilled Manual,North America,Lake Oswego,Oregon,United States
2068,13067,"Garcia, Olivia",High School,Skilled Manual,North America,Burien,Washington,United States
2069,13068,"Morris, Alexandria",High School,Skilled Manual,North America,Bellflower,California,United States
2070,13069,"Green, Adam",High School,Skilled Manual,North America,Bellingham,Washington,United States
2071,13070,"Clark, Emma",Partial College,Skilled Manual,North America,Lake Oswego,Oregon,United States
2073,13072,"Rogers, Emma",Partial College,Professional,North America,Lebanon,Oregon,United States
2074,13073,"Lopez, Sydney",Partial College,Professional,North America,Santa Cruz,California,United States
2075,13074,"Hughes, Grace",Partial College,Professional,North America,Spring Valley,California,United States
2084,13083,"Butler, Jordyn",Partial College,Professional,North America,Walla Walla,Washington,United States
2086,13085,"Harris, Daniel",Partial High School,Skilled Manual,North America,Bremerton,Washington,United States
2087,13086,"Nelson, Blake",Partial College,Professional,North America,Lynnwood,Washington,United States
2088,13087,"Collins, Jeremy",Partial College,Professional,North America,Oregon City,Oregon,United States
2089,13088,"Powell, Megan",Partial College,Professional,North America,Sedro Woolley,Washington,United States
2093,13092,"Walker, William",Graduate Degree,Management,North America,Palo Alto,California,United States
2148,13147,"Lin, Cedric",High School,Skilled Manual,North America,Burbank,California,United States
2168,13167,"Tang, Mario",Partial College,Skilled Manual,North America,Concord,California,United States
2169,13168,"Price, Hannah",Partial College,Skilled Manual,North America,Santa Monica,California,United States
2171,13170,"Reed, Sebastian",Bachelors,Management,North America,Beverly Hills,California,United States
2172,13171,"Torres, Catherine",Bachelors,Management,North America,National City,California,United States
2173,13172,"Cook, Isabella",Bachelors,Management,North America,Lynnwood,Washington,United States
2174,13173,"Brooks, Dalton",Bachelors,Management,North America,Corvallis,Oregon,United States
2175,13174,"Morris, Gabriella",Bachelors,Management,North America,Lake Oswego,Oregon,United States
2177,13176,"Chander, Kurt",Graduate Degree,Management,North America,Berkeley,California,United States
2178,13177,"Rogers, Taylor",Partial College,Skilled Manual,North America,Milwaukie,Oregon,United States
2179,13178,"Gray, Megan",Bachelors,Management,North America,Woodburn,Oregon,United States
2181,13180,"Sanz, Leslie",Bachelors,Management,North America,Burien,Washington,United States
2182,13181,"Morgan, Brian",Bachelors,Management,North America,Imperial Beach,California,United States
2183,13182,"Bennett, Jeremy",Bachelors,Management,North America,Olympia,Washington,United States
2184,13183,"Jenkins, Christian",Bachelors,Management,North America,Spokane,Washington,United States
2185,13184,"Perez, Miguel",Bachelors,Management,North America,Lebanon,Oregon,United States
2187,13186,"Sanders, Marcus",Graduate Degree,Management,North America,Chula Vista,California,United States
2188,13187,"Wright, Evan",Graduate Degree,Management,North America,Fremont,California,United States
2189,13188,"Davis, Anthony",Graduate Degree,Management,North America,Puyallup,Washington,United States
2190,13189,"Romero, Gloria",Graduate Degree,Management,North America,Concord,California,United States
2191,13190,"Diaz, Jonathan",Graduate Degree,Management,North America,Burbank,California,United States
2192,13191,"Rodriguez, Emma",Bachelors,Management,North America,Redwood City,California,United States
2193,13192,"Martinez, Hunter",Bachelors,Management,North America,San Carlos,California,United States
2194,13193,"Evans, Kevin",Bachelors,Management,North America,Mill Valley,California,United States
2195,13194,"Carter, Kevin",Bachelors,Management,North America,Burlingame,California,United States
2196,13195,"Perry, Aaron",Bachelors,Management,North America,San Francisco,California,United States
2197,13196,"Sanders, Kimberly",Bachelors,Management,North America,Issaquah,Washington,United States
2201,13200,"Miller, Jessica",Bachelors,Management,North America,San Diego,California,United States
2203,13202,"Romero, Natasha",Bachelors,Management,North America,Colma,California,United States
2204,13203,"Bell, Bailey",Bachelors,Management,North America,Olympia,Washington,United States
2211,13210,"Simmons, Ethan",Bachelors,Management,North America,Redwood City,California,United States
2212,13211,"Jai, James",Bachelors,Management,North America,Beaverton,Oregon,United States
2213,13212,"Phillips, Logan",Bachelors,Management,North America,Long Beach,California,United States
2214,13213,"King, Courtney",Bachelors,Management,North America,Walla Walla,Washington,United States
2215,13214,"Adams, Elijah",Bachelors,Management,North America,Seattle,Washington,United States
2216,13215,"Sharma, Colleen",Bachelors,Management,North America,Carrollton,Texas,United States
2229,13228,"Sanchez, Thomas",Bachelors,Management,North America,Colma,California,United States
2230,13229,"Wang, Dylan",Bachelors,Management,North America,Woodburn,Oregon,United States
2231,13230,"Bryant, Chloe",Bachelors,Management,North America,Olympia,Washington,United States
2233,13232,"Baker, Kaitlyn",Partial College,Professional,North America,Lebanon,Oregon,United States
2234,13233,"Coleman, Richard",Partial College,Professional,North America,Marysville,Washington,United States
2235,13234,"Lewis, Robert",Partial College,Professional,North America,Puyallup,Washington,United States
2236,13235,"Robinson, Jonathan",Partial College,Professional,North America,Woodburn,Oregon,United States
2237,13236,"Wang, Robert",Partial College,Professional,North America,Beverly Hills,California,United States
2238,13237,"Stewart, Devin",Bachelors,Management,North America,Torrance,California,United States
2239,13238,"Williams, John",Bachelors,Management,North America,Torrance,California,United States
2241,13240,"Foster, Blake",Bachelors,Management,North America,Chula Vista,California,United States
2243,13242,"Yang, Kyle",Partial College,Professional,North America,Los Angeles,California,United States
2244,13243,"Davis, Alyssa",High School,Professional,North America,Lake Oswego,Oregon,United States
2245,13244,"Sharma, Jose",High School,Professional,North America,Puyallup,Washington,United States
2246,13245,"Scott, Angel",Partial College,Professional,North America,Salem,Oregon,United States
2247,13246,"Perez, Hailey",High School,Professional,North America,Long Beach,California,United States
2248,13247,"Chen, Zachary",High School,Professional,North America,Burbank,California,United States
2249,13248,"Martinez, Isabella",High School,Professional,North America,Edmonds,Washington,United States
2251,13250,"King, Jordan",Partial College,Professional,North America,Santa Cruz,California,United States
2256,13255,"Blanco, Lance",Partial College,Professional,Europe,Saarbrücken,Saar,Germany
2257,13256,"Subram, Abby",Partial College,Professional,Europe,Essen,North Rhine-Westphalia,Germany
2258,13257,"Chander, Jon",Partial College,Professional,Europe,Hof,Bavaria,Germany
2259,13258,"Dominguez, Anne",Partial College,Professional,Europe,Kassel,Hesse,Germany
2260,13259,"Garcia, Allen",Partial College,Professional,Europe,Munster,North Rhine-Westphalia,Germany
2261,13260,"Flores, James",Partial College,Professional,Europe,Neunkirchen,North Rhine-Westphalia,Germany
2262,13261,"Andersen, Lindsey",Partial College,Professional,Europe,Paderborn,North Rhine-Westphalia,Germany
2265,13264,"Sanchez, Melanie",High School,Professional,Europe,Ingolstadt,Bavaria,Germany
2266,13265,"Adams, Luke",High School,Professional,Europe,Paderborn,North Rhine-Westphalia,Germany
2267,13266,"Wang, Samuel",Partial College,Professional,North America,Long Beach,California,United States
2270,13269,"Martin, Rachel",Graduate Degree,Management,North America,Lynnwood,Washington,United States
2273,13272,"Gonzalez, Jordan",Graduate Degree,Management,North America,Oregon City,Oregon,United States
2274,13273,"Lee, Elizabeth",Graduate Degree,Management,North America,Coronado,California,United States
2275,13274,"Lee, Joshua",Partial College,Professional,North America,Ballard,Washington,United States
2276,13275,"Murphy, Carlos",Bachelors,Management,North America,Everett,Washington,United States
2277,13276,"Johnson, Sarah",Bachelors,Management,North America,Everett,Washington,United States
2278,13277,"Brown, Nathan",Partial College,Professional,North America,Salem,Oregon,United States
2279,13278,"Hu, Jorge",Bachelors,Management,North America,Chula Vista,California,United States
2280,13279,"Howard, Rachel",Graduate Degree,Management,North America,Palo Alto,California,United States
2281,13280,"Adams, Bailey",Partial College,Professional,North America,Kirkland,Washington,United States
2282,13281,"Li, Brent",Bachelors,Management,North America,Burbank,California,United States
2283,13282,"Price, Madison",Partial College,Professional,North America,Burlingame,California,United States
2284,13283,"Griffin, Dakota",Partial College,Professional,North America,Lebanon,Oregon,United States
2287,13286,"Rodriguez, Hannah",Partial College,Professional,North America,Milwaukie,Oregon,United States
2288,13287,"Rodriguez, Brandon",Bachelors,Management,North America,Burbank,California,United States
2289,13288,"Lopez, Jackson",Partial College,Professional,North America,Grossmont,California,United States
2294,13293,"Lu, Barbara",Bachelors,Management,North America,Chula Vista,California,United States
2295,13294,"Hughes, Cassidy",Partial College,Professional,North America,Edmonds,Washington,United States
2296,13295,"Jackson, Jasmine",High School,Professional,North America,Portland,Oregon,United States
2297,13296,"Anderson, Seth",Bachelors,Management,North America,Beverly Hills,California,United States
2298,13297,"Rubio, Arthur",Partial College,Professional,North America,Chula Vista,California,United States
2299,13298,"Harris, Anna",Bachelors,Management,North America,Lincoln Acres,California,United States
2300,13299,"Ross, Vanessa",Bachelors,Management,North America,Palo Alto,California,United States
2301,13300,"Hernandez, Timothy",High School,Professional,North America,Redmond,Washington,United States
2302,13301,"Stewart, Angela",High School,Professional,North America,Sedro Woolley,Washington,United States
2303,13302,"Torres, Cole",High School,Professional,North America,Oakland,California,United States
2305,13304,"Peterson, Sara",High School,Professional,North America,Tacoma,Washington,United States
2306,13305,"Alexander, Oscar",High School,Professional,North America,Puyallup,Washington,United States
2307,13306,"Cox, Kaitlyn",High School,Professional,North America,Santa Monica,California,United States
2308,13307,"Stone, Michelle",Graduate Degree,Management,North America,Downey,California,United States
2309,13308,"King, Kaitlyn",Graduate Degree,Management,North America,Walla Walla,Washington,United States
2310,13309,"Sanders, Angela",Bachelors,Management,North America,El Cajon,California,United States
2311,13310,"Barnes, Miguel",Partial College,Professional,North America,Puyallup,Washington,United States
2312,13311,"Reed, Isabella",Partial College,Professional,North America,Renton,Washington,United States
2313,13312,"Jenkins, Natalie",Partial College,Professional,North America,Chula Vista,California,United States
2314,13313,"Stone, Megan",High School,Professional,North America,Glendale,California,United States
2315,13314,"Hernandez, Jordan",High School,Professional,North America,Grossmont,California,United States
2316,13315,"Thomas, Lucas",Partial High School,Skilled Manual,North America,Imperial Beach,California,United States
2317,13316,"Rivera, Angel",Partial High School,Skilled Manual,North America,Bellflower,California,United States
2318,13317,"Long, Jeremiah",High School,Professional,North America,Los Angeles,California,United States
2320,13319,"Howard, Charles",High School,Professional,North America,Marysville,Washington,United States
2321,13320,"Jones, Jasmine",Graduate Degree,Management,North America,Grossmont,California,United States
2322,13321,"Barnes, Arianna",Graduate Degree,Management,North America,Portland,Oregon,United States
2323,13322,"Patterson, Elizabeth",Graduate Degree,Management,North America,Olympia,Washington,United States
2324,13323,"Adams, Adam",Graduate Degree,Management,North America,Newport Beach,California,United States
2325,13324,"Stiller, Florian",Bachelors,Management,North America,Santa Monica,California,United States
2326,13325,"Wright, Marcus",Bachelors,Management,North America,Burbank,California,United States
2327,13326,"Fernandez, Bob",Bachelors,Management,North America,Beverly Hills,California,United States
2328,13327,"Russell, Isabelle",Graduate Degree,Management,North America,Bellingham,Washington,United States
2330,13329,"Wang, Jake",Bachelors,Management,North America,Chula Vista,California,United States
2332,13331,"Diaz, Lauren",Bachelors,Management,North America,Imperial Beach,California,United States
2333,13332,"Alonso, Neil",Bachelors,Management,North America,Colma,California,United States
2334,13333,"Chander, Tara",Bachelors,Management,North America,Concord,California,United States
2335,13334,"Rivera, Melanie",Bachelors,Management,North America,Beaverton,Oregon,United States
2336,13335,"Barnes, Alyssa",Bachelors,Management,North America,Lakewood,California,United States
2337,13336,"Gill, Deanna",Graduate Degree,Management,North America,Colma,California,United States
2338,13337,"Cox, Lauren",Bachelors,Management,North America,Sedro Woolley,Washington,United States
2339,13338,"Carter, Jada",Bachelors,Management,North America,Santa Cruz,California,United States
2340,13339,"Clark, Nicole",Bachelors,Management,North America,Santa Cruz,California,United States
2341,13340,"Edwards, Natalie",Bachelors,Management,North America,Berkeley,California,United States
2342,13341,"King, Lucas",Bachelors,Management,North America,Long Beach,California,United States
2343,13342,"Jackson, Brandon",Bachelors,Management,North America,Coronado,California,United States
2345,13344,"Reed, Caitlin",Bachelors,Management,North America,Puyallup,Washington,United States
2347,13346,"Chande, Gregory",Bachelors,Management,North America,Beaverton,Oregon,United States
2348,13347,"Hall, Rachel",Bachelors,Management,North America,Novato,California,United States
2349,13348,"Young, Noah",Bachelors,Management,North America,Lincoln Acres,California,United States
2350,13349,"Gonzalez, Kaitlyn",Bachelors,Management,North America,Newport Beach,California,United States
2352,13351,"Cox, Mariah",Bachelors,Management,North America,Issaquah,Washington,United States
2353,13352,"Davis, Joseph",Bachelors,Management,North America,La Jolla,California,United States
2354,13353,"Coleman, Jordyn",Graduate Degree,Management,North America,Lynnwood,Washington,United States
2355,13354,"Campbell, Eric",Bachelors,Management,North America,Seattle,Washington,United States
2356,13355,"Jai, Jackson",Bachelors,Management,North America,Puyallup,Washington,United States
2357,13356,"Prasad, Stefanie",Bachelors,Management,North America,Bellingham,Washington,United States
2358,13357,"Gonzales, Blake",Bachelors,Management,North America,El Cajon,California,United States
2360,13359,"Wood, Ian",Bachelors,Management,North America,Downey,California,United States
2361,13360,"Cook, Jada",Bachelors,Management,North America,Concord,California,United States
2362,13361,"Jai, Cameron",Bachelors,Management,North America,Lake Oswego,Oregon,United States
2363,13362,"Morgan, Destiny",Bachelors,Management,North America,Bellflower,California,United States
2364,13363,"Allen, Sydney",Bachelors,Management,North America,Woodburn,Oregon,United States
2365,13364,"Anderson, Natalie",Bachelors,Management,North America,Bellflower,California,United States
2366,13365,"Shan, Luke",Bachelors,Management,North America,Concord,California,United States
2368,13367,"Edwards, Savannah",Bachelors,Management,North America,Lynnwood,Washington,United States
2369,13368,"Henderson, Kyle",Bachelors,Management,North America,Renton,Washington,United States
2370,13369,"Henderson, Mariah",Bachelors,Management,North America,Edmonds,Washington,United States
2371,13370,"Ross, Blake",Partial College,Professional,North America,Oregon City,Oregon,United States
2372,13371,"Gonzales, Sydney",Partial College,Professional,North America,Salem,Oregon,United States
2373,13372,"Edwards, Isaac",Partial College,Professional,North America,Yakima,Washington,United States
2374,13373,"Murphy, Michelle",Partial College,Professional,North America,Beverly Hills,California,United States
2375,13374,"Martinez, Marco",Partial College,Professional,North America,Burlingame,California,United States
2376,13375,"Kumar, Jason",Partial College,Professional,North America,Colma,California,United States
2377,13376,"Rai, Jerry",Partial College,Professional,North America,Concord,California,United States
2378,13377,"Hernandez, Thomas",Bachelors,Management,North America,Santa Cruz,California,United States
2379,13378,"Bailey, Alexandra",Partial College,Professional,North America,Woodland Hills,California,United States
2380,13379,"Morris, Bailey",Partial College,Professional,North America,Sedro Woolley,Washington,United States
2381,13380,"Scott, Katherine",Bachelors,Management,North America,Bellflower,California,United States
2382,13381,"Jenkins, Vanessa",Bachelors,Management,North America,Coronado,California,United States
2383,13382,"Rogers, Richard",Partial College,Professional,North America,Santa Monica,California,United States
2384,13383,"Wright, Natalie",Partial College,Professional,North America,Beaverton,Oregon,United States
2385,13384,"Ashe, Mario",Partial College,Professional,North America,Bremerton,Washington,United States
2386,13385,"Cook, Danielle",Partial College,Professional,North America,Issaquah,Washington,United States
2387,13386,"Patterson, Samuel",Partial College,Professional,North America,Lebanon,Oregon,United States
2388,13387,"Jenkins, Miranda",Partial College,Professional,North America,Berkeley,California,United States
2389,13388,"Shen, Marshall",Partial College,Professional,North America,Burlingame,California,United States
2390,13389,"Thomas, Madison",Partial College,Professional,North America,Lemon Grove,California,United States
2391,13390,"Collins, Julia",Partial College,Professional,North America,Novato,California,United States
2393,13392,"Parker, Hunter",High School,Professional,North America,Beaverton,Oregon,United States
2394,13393,"Kumar, Willie",High School,Professional,North America,Beaverton,Oregon,United States
2395,13394,"Clark, Matthew",High School,Professional,North America,Beaverton,Oregon,United States
2396,13395,"Li, Gabriel",High School,Professional,North America,Bellingham,Washington,United States
2397,13396,"Kumar, David",High School,Professional,North America,Olympia,Washington,United States
2398,13397,"Mitchell, Adam",Partial College,Professional,North America,Redmond,Washington,United States
2399,13398,"Ross, Logan",Partial College,Professional,North America,Sedro Woolley,Washington,United States
2400,13399,"Young, Edward",Partial College,Professional,North America,Grossmont,California,United States
2401,13400,"Thomas, Julia",Partial College,Professional,North America,Grossmont,California,United States
2402,13401,"Bradley, Erin",High School,Professional,North America,Woodland Hills,California,United States
2403,13402,"Turner, Gabriel",High School,Professional,North America,El Cajon,California,United States
2404,13403,"Jackson, Jennifer",Partial College,Professional,North America,Woodburn,Oregon,United States
2407,13406,"Jiménez, Craig",Partial College,Professional,Europe,Munster,North Rhine-Westphalia,Germany
2411,13410,"Madan, Jillian",Partial College,Professional,Europe,Berlin,Berlin,Germany
2414,13413,"Phillips, Fernando",Graduate Degree,Management,North America,Portland,Oregon,United States
2415,13414,"Wilson, Miguel",Graduate Degree,Management,North America,Oregon City,Oregon,United States
2416,13415,"Rogers, Marcus",Graduate Degree,Management,North America,Beverly Hills,California,United States
2417,13416,"Roberts, Richard",Graduate Degree,Management,North America,Fremont,California,United States
2418,13417,"Cox, Ian",Graduate Degree,Management,North America,Long Beach,California,United States
2420,13419,"Coleman, Lauren",Partial College,Professional,North America,Bremerton,Washington,United States
2421,13420,"Turner, Jordan",Bachelors,Management,North America,Grossmont,California,United States
2422,13421,"Patterson, Alyssa",Graduate Degree,Management,North America,Santa Cruz,California,United States
2423,13422,"Washington, Jacqueline",Graduate Degree,Management,North America,Spring Valley,California,United States
2425,13424,"Thomas, Jasmine",Partial College,Professional,North America,Corvallis,Oregon,United States
2426,13425,"Garcia, Jose",Partial College,Professional,North America,Edmonds,Washington,United States
2427,13426,"Williams, Taylor",Bachelors,Management,North America,Bellflower,California,United States
2428,13427,"Winston, Connor",Bachelors,Management,North America,Lincoln Acres,California,United States
2429,13428,"Ramirez, Marcus",Bachelors,Management,North America,Novato,California,United States
2430,13429,"Washington, Gabrielle",Bachelors,Management,North America,Palo Alto,California,United States
2431,13430,"Griffin, Edward",Bachelors,Management,North America,Santa Monica,California,United States
2432,13431,"James, Bryan",Partial College,Professional,North America,Tacoma,Washington,United States
2433,13432,"Wood, Dalton",Partial College,Professional,North America,Ballard,Washington,United States
2434,13433,"Vazquez, Jessie",Partial College,Professional,North America,Bellflower,California,United States
2436,13435,"Pal, Tracy",Graduate Degree,Management,North America,Beverly Hills,California,United States
2440,13439,"Lin, Arturo",Bachelors,Management,North America,Burlingame,California,United States
2445,13444,"Lopez, Abby",Bachelors,Management,North America,Beverly Hills,California,United States
2446,13445,"Davis, Logan",Partial College,Professional,North America,Daly City,California,United States
2447,13446,"Scott, Katelyn",Partial College,Professional,North America,El Cajon,California,United States
2448,13447,"Cox, Destiny",Bachelors,Management,North America,Long Beach,California,United States
2449,13448,"Ward, Catherine",Bachelors,Management,North America,Palo Alto,California,United States
2452,13451,"Browning, Robin",Partial College,Professional,North America,Burbank,California,United States
2453,13452,"Evans, Kaitlyn",Bachelors,Management,North America,Glendale,California,United States
2454,13453,"Howard, Amanda",Bachelors,Management,North America,Lincoln Acres,California,United States
2455,13454,"Griffin, Benjamin",Bachelors,Management,North America,Long Beach,California,United States
2456,13455,"Bryant, Kaitlyn",Bachelors,Management,North America,San Diego,California,United States
2462,13461,"Jones, Anthony",Graduate Degree,Management,North America,Santa Cruz,California,United States
2472,13471,"Bryant, Eric",High School,Professional,North America,Grossmont,California,United States
2473,13472,"Pearson, Simon",Partial High School,Skilled Manual,North America,National City,California,United States
2474,13473,"Hill, Logan",Partial High School,Skilled Manual,North America,Coronado,California,United States
2476,13475,"Allen, Charles",Partial High School,Skilled Manual,North America,Redwood City,California,United States
2477,13476,"Hall, Timothy",Partial High School,Skilled Manual,North America,Santa Cruz,California,United States
2478,13477,"Wood, Katherine",High School,Professional,North America,Imperial Beach,California,United States
2479,13478,"Coleman, Alexia",High School,Professional,North America,Puyallup,Washington,United States
2480,13479,"Rogers, Katelyn",Graduate Degree,Management,North America,Lemon Grove,California,United States
2481,13480,"Rodriguez, Anna",Graduate Degree,Management,North America,Berkeley,California,United States
2482,13481,"Hernandez, Hunter",Graduate Degree,Management,North America,Chula Vista,California,United States
2485,13484,"Martinez, Marcus",Graduate Degree,Management,North America,Bellflower,California,United States
2486,13485,"Allen, Thomas",Graduate Degree,Management,North America,Chula Vista,California,United States
2488,13487,"Martin, Emily",Graduate Degree,Management,North America,Spring Valley,California,United States
2489,13488,"Guo, Laura",Graduate Degree,Management,North America,Bellingham,Washington,United States
2491,13490,"Rodriguez, Edward",Graduate Degree,Management,North America,Santa Cruz,California,United States
2493,13492,"Foster, Christian",Bachelors,Management,North America,Burbank,California,United States
2495,13494,"Gutierrez, Byron",Graduate Degree,Manual,Europe,Brunswick,Lower Saxony,Germany
2498,13497,"Sharma, Deborah",Graduate Degree,Clerical,Europe,Hamburg,Hamburg,Germany
2501,13500,"Vance, Molly",Bachelors,Manual,Europe,Bonn,North Rhine-Westphalia,Germany
2502,13501,"Zhu, Clayton",Bachelors,Manual,Europe,Stuttgart,Baden-Wuerttemberg,Germany
2503,13502,"Nara, Deborah",Bachelors,Manual,Europe,Berlin,Berlin,Germany
2514,13513,"Henderson, Abigail",Bachelors,Clerical,Europe,Werne,North Rhine-Westphalia,Germany
2515,13514,"Luo, Lindsay",Partial College,Manual,Europe,Eilenburg,Saxony,Germany
2516,13515,"Liang, Cara",Partial College,Manual,Europe,Salzgitter,Lower Saxony,Germany
2533,13532,"Gill, Melody",Graduate Degree,Clerical,Europe,Poing,Bavaria,Germany
2539,13538,"Henderson, Vanessa",Partial College,Manual,Europe,Kassel,Hesse,Germany
2541,13540,"Ortega, Paula",Graduate Degree,Clerical,Europe,Erlangen,Bavaria,Germany
2542,13541,"Xu, Ashlee",Graduate Degree,Clerical,Europe,Hanover,Lower Saxony,Germany
2543,13542,"Kumar, Sharon",Bachelors,Clerical,Europe,Frankfurt,Hesse,Germany
2544,13543,"Rana, Phillip",Bachelors,Clerical,Europe,Leipzig,Saxony,Germany
2546,13545,"Sharma, Brad",Bachelors,Clerical,Europe,Grevenbroich,North Rhine-Westphalia,Germany
2547,13546,"Jai, Mitchell",Bachelors,Clerical,Europe,Munster,North Rhine-Westphalia,Germany
2549,13548,"Jai, Bridget",Bachelors,Clerical,Europe,Frankfurt,Hesse,Germany
2560,13559,"Ramos, Lori",Graduate Degree,Skilled Manual,Europe,Berlin,Berlin,Germany
2561,13560,"Shan, Andres",Graduate Degree,Skilled Manual,Europe,Frankfurt,Hesse,Germany
2567,13566,"Sandberg, Mikael",High School,Manual,Europe,Solingen,North Rhine-Westphalia,Germany
2568,13567,"Rubio, Anne",High School,Manual,Europe,Stuttgart,Baden-Wuerttemberg,Germany
2570,13569,"Hall, Marcus",High School,Manual,Europe,Darmstadt,Hesse,Germany
2571,13570,"Jackson, Benjamin",High School,Manual,Europe,Ingolstadt,Bavaria,Germany
2573,13572,"Deng, Shaun",High School,Manual,Europe,Stuttgart,Baden-Wuerttemberg,Germany
2575,13574,"Garcia, Brenda",Partial College,Manual,Europe,Dresden,Saxony,Germany
2580,13579,"Chen, Alan",Bachelors,Management,Europe,Ingolstadt,Bavaria,Germany
2581,13580,"Xu, Carol",Bachelors,Management,Europe,Offenbach am Main,Hesse,Germany
2588,13587,"Subram, Kristina",High School,Professional,Europe,Bonn,North Rhine-Westphalia,Germany
2589,13588,"Dominguez, Deb",Partial College,Professional,Europe,Leipzig,Saxony,Germany
2594,13593,"Navarro, Deanna",Partial College,Professional,Europe,Frankfurt,Hesse,Germany
2595,13594,"Williams, Jessica",Partial College,Professional,Europe,Hamburg,Hamburg,Germany
2598,13597,"Gutierrez, Lance",High School,Professional,Europe,Hof,Bavaria,Germany
2599,13598,"Luo, Keith",Partial College,Professional,Europe,Werne,North Rhine-Westphalia,Germany
2602,13601,"Dominguez, Tanya",Partial College,Management,Europe,Berlin,Berlin,Germany
2607,13606,"Sharma, Drew",Partial College,Management,Europe,Frankfurt,Hesse,Germany
2608,13607,"Rana, Levi",High School,Management,Europe,Frankfurt,Hesse,Germany
2609,13608,"Kumar, Karla",High School,Management,Europe,Paderborn,North Rhine-Westphalia,Germany
2657,13656,"Howard, Faith",Graduate Degree,Management,North America,Bellflower,California,United States
2658,13657,"Collins, Kaylee",Graduate Degree,Management,North America,Lebanon,Oregon,United States
2659,13658,"Bennett, Wyatt",Bachelors,Management,North America,Redmond,Washington,United States
2660,13659,"Shan, Clayton",Bachelors,Management,North America,Ballard,Washington,United States
2664,13663,"Tang, Melvin",Partial High School,Manual,Europe,Stuttgart,Baden-Wuerttemberg,Germany
2667,13666,"Ruiz, Teresa",Partial High School,Manual,Europe,Grevenbroich,North Rhine-Westphalia,Germany
2672,13671,"Ramos, Frank",Partial College,Clerical,Europe,Poing,Bavaria,Germany
2678,13677,"Albrecht, Brian",High School,Manual,Europe,Saarbrücken,Saar,Germany
2683,13682,"Lopez, Fernando",High School,Manual,Europe,Paderborn,North Rhine-Westphalia,Germany
2684,13683,"Torres, Sheila",High School,Manual,Europe,Kiel,Schleswig-Holstein,Germany
2685,13684,"Dominguez, Francis",Partial High School,Manual,Europe,Kassel,Hesse,Germany
2686,13685,"Torres, Briana",Bachelors,Skilled Manual,Europe,Berlin,Berlin,Germany
2687,13686,"Jai, Peter",Bachelors,Skilled Manual,Europe,Dresden,Saxony,Germany
2697,13696,"Edwards, Katherine",Partial College,Clerical,Europe,Neunkirchen,North Rhine-Westphalia,Germany
2698,13697,"Munoz, Jésus",Partial College,Clerical,Europe,Offenbach am Main,Hesse,Germany
2699,13698,"Sanchez, Catherine",Partial College,Clerical,Europe,Kassel,Hesse,Germany
2704,13703,"Sanders, Mackenzie",Graduate Degree,Skilled Manual,North America,Kirkland,Washington,United States
2705,13704,"Davis, Victoria",Graduate Degree,Skilled Manual,North America,Walla Walla,Washington,United States
2706,13705,"Mitchell, Blake",Graduate Degree,Skilled Manual,North America,Portland,Oregon,United States
2713,13712,"Martinez, Nancy",Graduate Degree,Skilled Manual,North America,Beaverton,Oregon,United States
2714,13713,"Walker, Alexander",Graduate Degree,Skilled Manual,North America,Sedro Woolley,Washington,United States
2715,13714,"Ward, Amanda",High School,Manual,North America,Milwaukie,Oregon,United States
2716,13715,"Sanchez, Eduardo",Bachelors,Skilled Manual,North America,Chula Vista,California,United States
2717,13716,"Jai, Brandon",Bachelors,Skilled Manual,North America,Downey,California,United States
2718,13717,"Gill, Audrey",Bachelors,Skilled Manual,North America,Beaverton,Oregon,United States
2719,13718,"Barnes, Marcus",Bachelors,Skilled Manual,North America,Redmond,Washington,United States
2722,13721,"Howard, Lucas",Partial High School,Clerical,North America,Olympia,Washington,United States
2723,13722,"Campbell, Luke",High School,Manual,North America,Puyallup,Washington,United States
2724,13723,"Raje, Leonard",High School,Clerical,North America,Burbank,California,United States
2725,13724,"Thompson, Charles",Partial College,Clerical,North America,Mill Valley,California,United States
2726,13725,"Henderson, Nathan",Partial College,Clerical,North America,San Gabriel,California,United States
2727,13726,"Lewis, Austin",Partial College,Clerical,North America,Torrance,California,United States
2728,13727,"Rubio, Paula",Partial College,Clerical,North America,Berkeley,California,United States
2729,13728,"Stewart, Taylor",Partial College,Clerical,North America,Bellflower,California,United States
2730,13729,"Li, Jason",Partial College,Clerical,North America,Sedro Woolley,Washington,United States
2731,13730,"Suarez, Walter",Partial College,Clerical,North America,Bellingham,Washington,United States
2732,13731,"James, Jan",Graduate Degree,Skilled Manual,North America,Coronado,California,United States
2734,13733,"Collins, Sydney",Partial College,Clerical,North America,Burien,Washington,United States
2735,13734,"Gonzalez, Kristi",Partial College,Clerical,North America,Berkeley,California,United States
2736,13735,"Guo, Dennis",Partial College,Clerical,North America,Bremerton,Washington,United States
2737,13736,"Rivera, Cole",Partial College,Clerical,North America,Spring Valley,California,United States
2738,13737,"Sanders, Garrett",Partial College,Clerical,North America,Bellflower,California,United States
2739,13738,"Young, Jose",Partial College,Clerical,North America,Los Angeles,California,United States
2740,13739,"Coleman, Jason",Partial College,Clerical,North America,Renton,Washington,United States
2741,13740,"Ramirez, Jada",Partial College,Clerical,North America,Walla Walla,Washington,United States
2742,13741,"Morgan, Haley",Partial College,Clerical,North America,Imperial Beach,California,United States
2743,13742,"Ross, Benjamin",Partial College,Clerical,North America,Bremerton,Washington,United States
2745,13744,"Andersen, Alvin",Partial College,Clerical,North America,Bremerton,Washington,United States
2768,13767,"Jimenez, Linda",Bachelors,Clerical,Europe,Munich,Bavaria,Germany
2771,13770,"Moreno, Gerald",Graduate Degree,Clerical,Europe,Frankfurt,Hesse,Germany
2772,13771,"Moreno, Victor",Graduate Degree,Clerical,Europe,Hamburg,Hamburg,Germany
2775,13774,"Guo, Steve",Partial High School,Manual,Europe,Hamburg,Hamburg,Germany
2776,13775,"Subram, Patricia",Partial High School,Manual,Europe,Hanover,Lower Saxony,Germany
2779,13778,"Huang, Roger",Bachelors,Clerical,Europe,Brunswick,Lower Saxony,Germany
2783,13782,"Lu, Kelli",Bachelors,Clerical,Europe,Essen,North Rhine-Westphalia,Germany
2787,13786,"Chavez, Jon",Bachelors,Clerical,Europe,Kassel,Hesse,Germany
2788,13787,"Cai, Glenn",Bachelors,Clerical,Europe,Grevenbroich,North Rhine-Westphalia,Germany
2790,13789,"Shan, Julie",Partial High School,Manual,Europe,Saarbrücken,Saar,Germany
2791,13790,"Deng, Nina",High School,Manual,Europe,Munster,North Rhine-Westphalia,Germany
2796,13795,"Raje, Carl",High School,Manual,Europe,Frankfurt,Hesse,Germany
2797,13796,"Zheng, Martha",Partial High School,Manual,Europe,Dusseldorf,North Rhine-Westphalia,Germany
2798,13797,"Gao, Franklin",High School,Manual,Europe,Kiel,Schleswig-Holstein,Germany
2804,13803,"Zheng, Krystal",Graduate Degree,Skilled Manual,Europe,Saarlouis,Saar,Germany
2808,13807,"Rana, Frederick",Partial College,Clerical,Europe,Dusseldorf,North Rhine-Westphalia,Germany
2809,13808,"Perez, Richard",Partial College,Clerical,Europe,Erlangen,Bavaria,Germany
2823,13822,"Moyer, Jay",Bachelors,Skilled Manual,Europe,Erlangen,Bavaria,Germany
2825,13824,"Wood, Destiny",Partial College,Clerical,Europe,Werne,North Rhine-Westphalia,Germany
2827,13826,"He, Candice",Partial College,Clerical,Europe,Darmstadt,Hesse,Germany
2828,13827,"Harris, Nathan",Partial College,Clerical,Europe,Frankfurt,Hesse,Germany
2829,13828,"Travers, Jessie",Partial College,Clerical,Europe,Frankfurt,Hesse,Germany
2830,13829,"Carlson, Randall",Partial College,Clerical,Europe,Grevenbroich,North Rhine-Westphalia,Germany
2837,13836,"Sara, Dominic",Partial College,Clerical,Europe,Hof,Bavaria,Germany
2838,13837,"Lee, Alyssa",Partial College,Clerical,Europe,Hof,Bavaria,Germany
2843,13842,"Xie, Kenneth",Partial High School,Manual,Europe,Brunswick,Lower Saxony,Germany
2845,13844,"Mehta, Phillip",Partial College,Clerical,Europe,Paderborn,North Rhine-Westphalia,Germany
2857,13856,"Scott, Ian",High School,Skilled Manual,North America,Lincoln Acres,California,United States
2858,13857,"Thompson, Victoria",Graduate Degree,Skilled Manual,North America,Woodburn,Oregon,United States
2859,13858,"Richardson, Melanie",Graduate Degree,Skilled Manual,North America,San Diego,California,United States
2860,13859,"Deng, Kristin",Graduate Degree,Skilled Manual,North America,Burlingame,California,United States
2862,13861,"Rogers, Hailey",Graduate Degree,Skilled Manual,North America,Renton,Washington,United States
2863,13862,"Walker, Andrew",Graduate Degree,Skilled Manual,North America,Bellflower,California,United States
2864,13863,"Long, Kevin",Graduate Degree,Skilled Manual,North America,Berkeley,California,United States
2865,13864,"Torres, Robin",Graduate Degree,Skilled Manual,North America,Berkeley,California,United States
2866,13865,"Foster, Mariah",Graduate Degree,Professional,North America,Novato,California,United States
2867,13866,"Butler, Mya",Graduate Degree,Professional,North America,San Diego,California,United States
2868,13867,"Griffin, Luke",Bachelors,Skilled Manual,North America,Lynnwood,Washington,United States
2869,13868,"Morris, Shelby",Graduate Degree,Professional,North America,Salem,Oregon,United States
2870,13869,"Morgan, Anna",Bachelors,Skilled Manual,North America,Burlingame,California,United States
2871,13870,"Clark, Jonathan",Bachelors,Skilled Manual,North America,Lebanon,Oregon,United States
2872,13871,"Gonzales, Sarah",Bachelors,Skilled Manual,North America,Palo Alto,California,United States
2873,13872,"Henderson, Alyssa",Graduate Degree,Professional,North America,Marysville,Washington,United States
2874,13873,"Jai, Russell",Graduate Degree,Professional,North America,Concord,California,United States
2875,13874,"Bryant, Alyssa",Graduate Degree,Professional,North America,Grossmont,California,United States
2876,13875,"Williams, Samantha",Graduate Degree,Professional,North America,El Cajon,California,United States
2877,13876,"Murphy, Sebastian",Graduate Degree,Professional,North America,Chula Vista,California,United States
2878,13877,"Lal, Adam",Bachelors,Skilled Manual,North America,Lakewood,California,United States
2880,13879,"Hernandez, Derrick",Bachelors,Skilled Manual,North America,Bellflower,California,United States
2881,13880,"Kumar, Marshall",Bachelors,Skilled Manual,North America,Burien,Washington,United States
2882,13881,"Wood, Jasmine",Bachelors,Skilled Manual,North America,Yakima,Washington,United States
2883,13882,"Russell, Mariah",Bachelors,Professional,North America,Imperial Beach,California,United States
2884,13883,"Lal, Brandon",Bachelors,Professional,North America,Long Beach,California,United States
2885,13884,"Rogers, Jada",Bachelors,Professional,North America,Bellingham,Washington,United States
2886,13885,"Howard, Brian",Graduate Degree,Professional,North America,Tacoma,Washington,United States
2887,13886,"Taylor, Rachel",Graduate Degree,Professional,North America,Colma,California,United States
2888,13887,"Scott, Nathan",Graduate Degree,Professional,North America,Spring Valley,California,United States
2889,13888,"Brown, Ian",Bachelors,Skilled Manual,North America,Everett,Washington,United States
2890,13889,"Martin, Robert",Graduate Degree,Professional,North America,Lebanon,Oregon,United States
2891,13890,"Carter, Jennifer",Graduate Degree,Professional,North America,Beaverton,Oregon,United States
2892,13891,"Simmons, Aaron",Graduate Degree,Professional,North America,Lakewood,California,United States
2893,13892,"Diaz, Spencer",Graduate Degree,Professional,North America,Milwaukie,Oregon,United States
2894,13893,"Carter, Dalton",Graduate Degree,Professional,North America,Beaverton,Oregon,United States
2895,13894,"Ruiz, Robyn",Graduate Degree,Professional,North America,Bremerton,Washington,United States
2896,13895,"Brooks, Isabella",Graduate Degree,Professional,North America,Bremerton,Washington,United States
2897,13896,"Mitchell, Hailey",Graduate Degree,Professional,North America,Burien,Washington,United States
2898,13897,"Washington, Carol",Graduate Degree,Professional,North America,Burien,Washington,United States
2899,13898,"Baker, Richard",Graduate Degree,Professional,North America,Corvallis,Oregon,United States
2900,13899,"Jones, Cameron",Graduate Degree,Professional,North America,Olympia,Washington,United States
2901,13900,"Campbell, Isaac",Graduate Degree,Professional,North America,Olympia,Washington,United States
2902,13901,"Foster, Oscar",Graduate Degree,Professional,North America,W. Linn,Oregon,United States
2904,13903,"Hernandez, Elijah",Graduate Degree,Professional,North America,El Cajon,California,United States
2905,13904,"Thompson, Natalie",Graduate Degree,Professional,North America,Imperial Beach,California,United States
2906,13905,"Henderson, Christian",Graduate Degree,Professional,North America,La Jolla,California,United States
2907,13906,"Evans, Courtney",Bachelors,Professional,North America,Olympia,Washington,United States
2908,13907,"Xie, Misty",Bachelors,Skilled Manual,North America,Bremerton,Washington,United States
2911,13910,"Butler, Isabelle",Bachelors,Skilled Manual,North America,Sedro Woolley,Washington,United States
2912,13911,"Kelly, Andrea",Bachelors,Skilled Manual,North America,Seattle,Washington,United States
2913,13912,"Simmons, Caroline",Bachelors,Skilled Manual,North America,Coronado,California,United States
2914,13913,"Rogers, Angela",Bachelors,Skilled Manual,North America,Berkeley,California,United States
2915,13914,"Bell, Abigail",Bachelors,Professional,North America,Chula Vista,California,United States
2916,13915,"King, Allison",Bachelors,Skilled Manual,North America,Glendale,California,United States
2918,13917,"Allen, Samuel",Bachelors,Skilled Manual,North America,Novato,California,United States
2920,13919,"Smith, Grace",Bachelors,Skilled Manual,North America,Glendale,California,United States
2922,13921,"Jones, Joseph",Bachelors,Professional,North America,Concord,California,United States
2923,13922,"Foster, Jackson",Bachelors,Professional,North America,Salem,Oregon,United States
2924,13923,"Howard, Steven",Bachelors,Professional,North America,Grossmont,California,United States
2940,13939,"Ramirez, Eduardo",Graduate Degree,Professional,North America,Burbank,California,United States
2941,13940,"Simmons, Emma",Graduate Degree,Professional,North America,Long Beach,California,United States
2943,13942,"Long, Seth",Partial College,Skilled Manual,North America,Downey,California,United States
2944,13943,"Bryant, Kelly",Partial College,Skilled Manual,North America,Los Angeles,California,United States
2946,13945,"Luo, Yolanda",Partial College,Skilled Manual,North America,Bellingham,Washington,United States
2947,13946,"Powell, Jason",Bachelors,Professional,North America,Portland,Oregon,United States
2948,13947,"Hughes, Megan",Graduate Degree,Professional,North America,Oregon City,Oregon,United States
2949,13948,"Ma, Susan",Graduate Degree,Professional,North America,Berkeley,California,United States
2950,13949,"Ramos, Dwayne",Graduate Degree,Professional,North America,Berkeley,California,United States
2951,13950,"Hernandez, Meredith",Graduate Degree,Professional,North America,Bellingham,Washington,United States
2952,13951,"Hughes, Dylan",Graduate Degree,Management,North America,Spokane,Washington,United States
2977,13976,"Smith, Emmanuel",Bachelors,Management,North America,Bremerton,Washington,United States
2978,13977,"Brown, Alexandra",Bachelors,Management,North America,Issaquah,Washington,United States
2979,13978,"Peterson, Zoe",Bachelors,Management,North America,Renton,Washington,United States
2980,13979,"Jenkins, Chloe",High School,Skilled Manual,North America,Puyallup,Washington,United States
2981,13980,"Liu, Margaret",Partial College,Skilled Manual,North America,Beverly Hills,California,United States
2985,13984,"Richardson, Adrian",Partial College,Skilled Manual,North America,San Diego,California,United States
2986,13985,"Wood, Alexis",Partial College,Skilled Manual,North America,Spring Valley,California,United States
2987,13986,"Anderson, Chloe",Partial College,Skilled Manual,North America,Spring Valley,California,United States
2990,13989,"Bradley, Chloe",Partial College,Skilled Manual,North America,Burien,Washington,United States
2991,13990,"Wood, Stephanie",Partial College,Skilled Manual,North America,Salem,Oregon,United States
2992,13991,"Hayes, Jack",Partial College,Skilled Manual,North America,Sedro Woolley,Washington,United States
2993,13992,"Xie, Gregory",Partial College,Skilled Manual,North America,Burlingame,California,United States
2994,13993,"Patterson, Zachary",Partial College,Skilled Manual,North America,Burlingame,California,United States
3000,13999,"Gonzales, Elijah",Partial College,Skilled Manual,North America,Oakland,California,United States
3001,14000,"Sharma, Terry",Partial High School,Clerical,North America,Beaverton,Oregon,United States
3003,14002,"Reed, Jacqueline",Partial College,Skilled Manual,North America,Burien,Washington,United States
3004,14003,"Ramirez, Angel",Partial College,Skilled Manual,North America,Portland,Oregon,United States
3018,14017,"Rodriguez, Chloe",Partial College,Skilled Manual,North America,San Diego,California,United States
3022,14021,"Richardson, Michelle",Partial College,Skilled Manual,North America,Kirkland,Washington,United States
3023,14022,"Lee, Taylor",High School,Skilled Manual,North America,Marysville,Washington,United States
3024,14023,"Carlson, Beth",High School,Skilled Manual,North America,Concord,California,United States
3025,14024,"Moore, Hannah",Partial College,Skilled Manual,North America,Oakland,California,United States
3026,14025,"Alexander, Robert",High School,Skilled Manual,North America,Seattle,Washington,United States
3027,14026,"Butler, Chloe",High School,Skilled Manual,North America,Renton,Washington,United States
3028,14027,"Perez, Carlos",Partial College,Professional,North America,Tacoma,Washington,United States
3029,14028,"Srini, Patricia",Partial College,Professional,North America,Bellingham,Washington,United States
3030,14029,"Morris, Christina",Partial College,Professional,North America,Lake Oswego,Oregon,United States
3036,14035,"Hughes, Hunter",Bachelors,Management,North America,Imperial Beach,California,United States
3037,14036,"Torres, Amanda",Partial College,Professional,North America,Oregon City,Oregon,United States
3038,14037,"Sara, Lydia",Partial College,Professional,North America,Berkeley,California,United States
3041,14040,"Morris, Stephanie",Partial High School,Skilled Manual,North America,El Cajon,California,United States
3043,14042,"Adams, Stephanie",High School,Professional,North America,Yakima,Washington,United States
3044,14043,"Gonzalez, Mary",High School,Professional,North America,Portland,Oregon,United States
3045,14044,"Wright, Thomas",Partial College,Professional,North America,Oakland,California,United States
3076,14075,"Harris, Robert",High School,Skilled Manual,North America,La Jolla,California,United States
3077,14076,"Ross, Justin",High School,Skilled Manual,North America,Beaverton,Oregon,United States
3081,14080,"Srini, Cynthia",High School,Skilled Manual,North America,Beaverton,Oregon,United States
3082,14081,"Butler, Nicole",High School,Skilled Manual,North America,Oakland,California,United States
3083,14082,"Jai, Johnny",High School,Skilled Manual,North America,Beaverton,Oregon,United States
3084,14083,"Lopez, Nathan",High School,Skilled Manual,North America,Kirkland,Washington,United States
3086,14085,"Garcia, Nathan",High School,Skilled Manual,North America,Issaquah,Washington,United States
3089,14088,"Lopez, Alexandra",Partial High School,Clerical,North America,Woodburn,Oregon,United States
3090,14089,"Gray, Kaitlyn",High School,Skilled Manual,North America,El Cajon,California,United States
3091,14090,"Lewis, Jennifer",Partial High School,Clerical,North America,Daly City,California,United States
3093,14092,"Nath, Maurice",Partial High School,Clerical,North America,Bellingham,Washington,United States
3094,14093,"Arthur, Jillian",Partial High School,Clerical,North America,Beverly Hills,California,United States
3095,14094,"Russell, Amanda",High School,Skilled Manual,North America,West Covina,California,United States
3096,14095,"Griffin, Paige",High School,Skilled Manual,North America,National City,California,United States
3098,14097,"Srini, Johnathan",High School,Skilled Manual,North America,Ballard,Washington,United States
3099,14098,"Lopez, Allison",High School,Skilled Manual,North America,Issaquah,Washington,United States
3105,14104,"James, Sydney",Partial College,Skilled Manual,North America,Downey,California,United States
3106,14105,"Zhang, Jackson",Partial College,Skilled Manual,North America,Lincoln Acres,California,United States
3107,14106,"Hughes, Melissa",Partial College,Skilled Manual,North America,Oakland,California,United States
3110,14109,"Gonzales, Aidan",Partial College,Skilled Manual,North America,San Diego,California,United States
3112,14111,"Anderson, Michael",Partial College,Skilled Manual,North America,Oregon City,Oregon,United States
3113,14112,"Sanchez, Charles",Partial College,Skilled Manual,North America,Colma,California,United States
3114,14113,"Lopez, Natalie",Partial College,Skilled Manual,North America,Walla Walla,Washington,United States
3115,14114,"Martin, Chloe",Partial College,Skilled Manual,North America,Coronado,California,United States
3116,14115,"Gonzales, Samantha",Bachelors,Management,North America,Corvallis,Oregon,United States
3117,14116,"Torres, Brianna",Bachelors,Management,North America,Sedro Woolley,Washington,United States
3118,14117,"Cook, Emma",Bachelors,Management,North America,Yakima,Washington,United States
3121,14120,"Cooper, Gabrielle",Bachelors,Management,North America,Berkeley,California,United States
3122,14121,"Goel, Devon",Graduate Degree,Management,North America,Bremerton,Washington,United States
3123,14122,"Miller, Kaitlyn",Bachelors,Management,North America,Long Beach,California,United States
3138,14137,"Ruiz, Joy",Partial College,Manual,Europe,Bottrop,North Rhine-Westphalia,Germany
3139,14138,"He, Vincent",Partial College,Manual,Europe,Kassel,Hesse,Germany
3140,14139,"Sai, Meredith",Graduate Degree,Clerical,Europe,Kiel,Schleswig-Holstein,Germany
3141,14140,"Sai, Meagan",Graduate Degree,Clerical,Europe,Paderborn,North Rhine-Westphalia,Germany
3143,14142,"Zheng, Damien",High School,Manual,Europe,Bonn,North Rhine-Westphalia,Germany
3148,14147,"Rivera, Marcus",Graduate Degree,Clerical,Europe,Bottrop,North Rhine-Westphalia,Germany
3149,14148,"Sharma, Shaun",Graduate Degree,Clerical,Europe,Kassel,Hesse,Germany
3150,14149,"Srini, Donald",Bachelors,Clerical,Europe,Ingolstadt,Bavaria,Germany
3154,14153,"Lewis, Dylan",Partial College,Manual,Europe,Hof,Bavaria,Germany
3161,14160,"Hu, Brittney",Graduate Degree,Clerical,Europe,Erlangen,Bavaria,Germany
3162,14161,"Li, Claudia",Graduate Degree,Clerical,Europe,Eilenburg,Saxony,Germany
3163,14162,"Garcia, Brett",Graduate Degree,Clerical,Europe,Frankfurt,Hesse,Germany
3164,14163,"Garcia, Ebony",Graduate Degree,Clerical,Europe,Berlin,Berlin,Germany
3165,14164,"Smith, Kari",Graduate Degree,Skilled Manual,Europe,Dusseldorf,North Rhine-Westphalia,Germany
3168,14167,"Subram, Pamela",Partial College,Manual,Europe,Frankfurt,Hesse,Germany
3172,14171,"Lal, Michele",Partial College,Professional,Europe,Frankfurt,Hesse,Germany
3175,14174,"Diaz, Alberto",High School,Professional,Europe,Berlin,Berlin,Germany
3180,14179,"Xu, Claudia",Bachelors,Management,Europe,Brunswick,Lower Saxony,Germany
3181,14180,"Patel, Henry",Bachelors,Management,Europe,Erlangen,Bavaria,Germany
3182,14181,"Chandra, Adriana",Bachelors,Management,Europe,Frankfurt,Hesse,Germany
3183,14182,"Lin, Steve",Partial College,Professional,Europe,Frankfurt,Hesse,Germany
3188,14187,"Lu, Eugene",Partial College,Professional,Europe,Hamburg,Hamburg,Germany
3190,14189,"Martin, Krista",High School,Professional,Europe,Dresden,Saxony,Germany
3191,14190,"Patel, Candace",High School,Professional,Europe,Munich,Bavaria,Germany
3194,14193,"Vance, Pamela",Partial College,Management,Europe,Dusseldorf,North Rhine-Westphalia,Germany
3198,14197,"Gill, Frank",Partial College,Management,Europe,Brunswick,Lower Saxony,Germany
3199,14198,"Romero, Daisy",High School,Management,Europe,Hamburg,Hamburg,Germany
3203,14202,"Zeng, Clayton",Partial High School,Skilled Manual,Europe,Saarbrücken,Saar,Germany
3207,14206,"West, Edwin",Partial High School,Professional,Europe,Kassel,Hesse,Germany
3208,14207,"Saraiva, José",Partial High School,Professional,Europe,Munich,Bavaria,Germany
3240,14239,"Peterson, Maria",Bachelors,Management,North America,Lakewood,California,United States
3241,14240,"Foster, Caroline",Bachelors,Management,North America,Kirkland,Washington,United States
3242,14241,"Wood, Grace",Graduate Degree,Management,North America,Coronado,California,United States
3243,14242,"Ye, Rafael",Bachelors,Management,North America,Bremerton,Washington,United States
3244,14243,"Winston, Gregory",Bachelors,Management,North America,Oregon City,Oregon,United States
3246,14245,"Russell, Ana",Bachelors,Management,North America,Woodburn,Oregon,United States
3247,14246,"Garcia, Devin",Bachelors,Management,North America,Glendale,California,United States
3248,14247,"Allen, Hunter",Bachelors,Management,North America,Spokane,Washington,United States
3249,14248,"Tang, Misty",Graduate Degree,Management,North America,Bellflower,California,United States
3250,14249,"Thomas, Eduardo",Graduate Degree,Management,North America,National City,California,United States
3251,14250,"Collins, Adam",Bachelors,Management,North America,Concord,California,United States
3252,14251,"Brooks, Alex",Graduate Degree,Management,North America,Santa Cruz,California,United States
3253,14252,"Cook, Destiny",Graduate Degree,Management,North America,Portland,Oregon,United States
3254,14253,"Scott, Eduardo",Bachelors,Management,North America,Burbank,California,United States
3255,14254,"Gill, Tabitha",Bachelors,Management,North America,Bellflower,California,United States
3256,14255,"Jackson, Jonathan",Bachelors,Management,North America,Edmonds,Washington,United States
3257,14256,"Robinson, Elizabeth",Graduate Degree,Management,North America,Lynnwood,Washington,United States
3258,14257,"Carter, James",Graduate Degree,Management,North America,National City,California,United States
3259,14258,"Foster, Haley",Bachelors,Management,North America,San Carlos,California,United States
3267,14266,"Patel, Cory",Partial College,Skilled Manual,North America,Bellingham,Washington,United States
3268,14267,"Wood, Lauren",Partial College,Skilled Manual,North America,Corvallis,Oregon,United States
3269,14268,"Roberts, Isabella",High School,Skilled Manual,North America,Beverly Hills,California,United States
3270,14269,"She, Tony",High School,Skilled Manual,North America,Beverly Hills,California,United States
3271,14270,"Ross, James",Partial College,Skilled Manual,North America,La Jolla,California,United States
3272,14271,"Wright, Lucas",High School,Skilled Manual,North America,Spokane,Washington,United States
3273,14272,"Ward, Sydney",High School,Skilled Manual,North America,Puyallup,Washington,United States
3274,14273,"Parker, Angel",Partial College,Skilled Manual,North America,San Gabriel,California,United States
3281,14280,"Oliver, Isaac",Bachelors,Management,North America,Bremerton,Washington,United States
3284,14283,"Simmons, Seth",Partial College,Professional,North America,Lake Oswego,Oregon,United States
3285,14284,"Anderson, Wyatt",Partial College,Professional,North America,Sedro Woolley,Washington,United States
3286,14285,"Hughes, Taylor",Partial College,Professional,North America,Burlingame,California,United States
3289,14288,"Ramirez, Christina",Graduate Degree,Management,North America,El Cajon,California,United States
3290,14289,"Martinez, Jessica",Bachelors,Management,North America,Santa Cruz,California,United States
3291,14290,"Wilson, Jonathan",Partial High School,Skilled Manual,North America,Corvallis,Oregon,United States
3293,14292,"Ross, Isabella",Partial High School,Skilled Manual,North America,Concord,California,United States
3294,14293,"Campbell, Kyle",High School,Professional,North America,Daly City,California,United States
3295,14294,"Gray, Steven",High School,Professional,North America,El Cajon,California,United States
3296,14295,"Thomas, Hannah",High School,Professional,North America,West Covina,California,United States
3297,14296,"Russell, Benjamin",High School,Professional,North America,Beaverton,Oregon,United States
3298,14297,"Raji, Kristin",Partial College,Professional,North America,Bellflower,California,United States
3299,14298,"Jenkins, Kaitlyn",Partial College,Professional,North America,Los Angeles,California,United States
3328,14327,"Butler, Kyle",High School,Skilled Manual,North America,Downey,California,United States
3330,14329,"Sanchez, Holly",High School,Skilled Manual,North America,Burbank,California,United States
3332,14331,"Murphy, Timothy",High School,Skilled Manual,North America,Milwaukie,Oregon,United States
3334,14333,"Suri, Bobby",Partial High School,Clerical,North America,Bremerton,Washington,United States
3335,14334,"Murphy, Patrick",High School,Skilled Manual,North America,Walla Walla,Washington,United States
3336,14335,"Cox, Allison",High School,Skilled Manual,North America,Walla Walla,Washington,United States
3337,14336,"Baker, Gabriel",High School,Skilled Manual,North America,Beaverton,Oregon,United States
3338,14337,"Coleman, Olivia",High School,Skilled Manual,North America,Oregon City,Oregon,United States
3340,14339,"Suri, Brandy",Partial High School,Clerical,North America,Bellflower,California,United States
3341,14340,"Butler, Miranda",High School,Skilled Manual,North America,Salem,Oregon,United States
3343,14342,"Ruiz, Beth",High School,Skilled Manual,North America,Ballard,Washington,United States
3344,14343,"Turner, Xavier",High School,Skilled Manual,North America,Corvallis,Oregon,United States
3350,14349,"Griffin, Nicole",High School,Skilled Manual,North America,Oregon City,Oregon,United States
3351,14350,"Moore, Emily",High School,Skilled Manual,North America,Portland,Oregon,United States
3352,14351,"Gray, Riley",Partial College,Skilled Manual,North America,Berkeley,California,United States
3353,14352,"Butler, Melissa",High School,Skilled Manual,North America,Lynnwood,Washington,United States
3355,14354,"Green, Seth",Partial College,Skilled Manual,North America,San Carlos,California,United States
3356,14355,"King, Ian",Partial College,Skilled Manual,North America,Lebanon,Oregon,United States
3357,14356,"Baker, Isabella",Bachelors,Management,North America,San Gabriel,California,United States
3358,14357,"Collins, Dalton",Bachelors,Management,North America,Santa Cruz,California,United States
3359,14358,"Watson, Amanda",Bachelors,Management,North America,Kirkland,Washington,United States
3361,14360,"Patterson, Samantha",Graduate Degree,Skilled Manual,North America,Mill Valley,California,United States
3362,14361,"Raje, Franklin",Graduate Degree,Skilled Manual,North America,Bremerton,Washington,United States
3363,14362,"Gill, Roberto",Partial College,Clerical,North America,Beaverton,Oregon,United States
3365,14364,"Rai, Mario",Graduate Degree,Skilled Manual,North America,Berkeley,California,United States
3366,14365,"Ward, Evan",Graduate Degree,Skilled Manual,North America,Long Beach,California,United States
3367,14366,"Brooks, Anna",Graduate Degree,Skilled Manual,North America,Marysville,Washington,United States
3368,14367,"Green, Courtney",Graduate Degree,Skilled Manual,North America,Milwaukie,Oregon,United States
3369,14368,"Thompson, Richard",Graduate Degree,Skilled Manual,North America,Concord,California,United States
3370,14369,"Sanchez, Devin",Graduate Degree,Skilled Manual,North America,Oregon City,Oregon,United States
3373,14372,"Washington, Kaitlyn",Graduate Degree,Skilled Manual,North America,Port Orchard,Washington,United States
3374,14373,"Jai, Ricardo",Graduate Degree,Skilled Manual,North America,Burlingame,California,United States
3375,14374,"Yang, David",Graduate Degree,Professional,North America,National City,California,United States
3376,14375,"Moore, Alexandra",Bachelors,Skilled Manual,North America,Walla Walla,Washington,United States
3377,14376,"Torres, Faith",Bachelors,Management,North America,Everett,Washington,United States
3378,14377,"Ruiz, Paula",Bachelors,Management,North America,Bellingham,Washington,United States
3379,14378,"Mehta, Cory",Graduate Degree,Management,North America,Burlingame,California,United States
3380,14379,"Foster, Richard",Graduate Degree,Management,North America,Fremont,California,United States
3381,14380,"Watson, Kaylee",Bachelors,Management,North America,Lebanon,Oregon,United States
3382,14381,"Cooper, Alexa",Bachelors,Management,North America,Corvallis,Oregon,United States
3383,14382,"Blanco, Darren",Bachelors,Management,North America,Berkeley,California,United States
3384,14383,"Ferrier, Marvin",Bachelors,Management,North America,Concord,California,United States
3385,14384,"Miller, Rachel",Bachelors,Management,North America,Sedro Woolley,Washington,United States
3386,14385,"Hall, Maria",Bachelors,Management,North America,Lebanon,Oregon,United States
3387,14386,"Wood, Marissa",Bachelors,Management,North America,Glendale,California,United States
3389,14388,"Rogers, Kaylee",Bachelors,Management,North America,National City,California,United States
3390,14389,"Harris, Ryan",Bachelors,Management,North America,Downey,California,United States
3391,14390,"Kumar, Logan",Bachelors,Management,North America,Santa Monica,California,United States
3392,14391,"Long, Jason",Bachelors,Management,North America,Sedro Woolley,Washington,United States
3393,14392,"Jackson, Justin",Bachelors,Management,North America,Yakima,Washington,United States
3394,14393,"Perez, José",Bachelors,Management,North America,Corvallis,Oregon,United States
3395,14394,"Rodriguez, Jacob",Bachelors,Management,North America,Bellingham,Washington,United States
3396,14395,"Reed, Devin",Bachelors,Management,North America,Grossmont,California,United States
3397,14396,"Sanchez, Zoe",Partial College,Professional,North America,Olympia,Washington,United States
3398,14397,"Edwards, Sierra",Partial College,Professional,North America,Port Orchard,Washington,United States
3399,14398,"Anderson, James",Partial College,Professional,North America,Spokane,Washington,United States
3400,14399,"Peterson, Jeremy",Bachelors,Management,North America,San Diego,California,United States
3401,14400,"Brown, Brandon",Bachelors,Management,North America,San Francisco,California,United States
3402,14401,"Kumar, Jose",Partial College,Professional,North America,Salem,Oregon,United States
3403,14402,"Parker, Hailey",Partial College,Professional,North America,Tacoma,Washington,United States
3404,14403,"Russell, Angelica",Partial College,Professional,North America,Bellflower,California,United States
3405,14404,"Davis, Rachel",Partial College,Professional,North America,Ballard,Washington,United States
3406,14405,"Walker, Dylan",Partial College,Professional,North America,Bellingham,Washington,United States
3407,14406,"Schmidt, Carrie",Partial College,Professional,North America,Berkeley,California,United States
3408,14407,"Bryant, Thomas",Partial College,Professional,North America,Coronado,California,United States
3409,14408,"Cook, Jasmine",Partial College,Professional,North America,National City,California,United States
3410,14409,"Wang, Eric",Partial College,Professional,North America,National City,California,United States
3411,14410,"Brooks, Arianna",Partial College,Professional,North America,Newport Beach,California,United States
3412,14411,"Johnson, Ashley",High School,Professional,North America,Lake Oswego,Oregon,United States
3413,14412,"Blue, Nicole",High School,Professional,North America,Lebanon,Oregon,United States
3414,14413,"Patterson, Rachel",Partial College,Professional,North America,Chula Vista,California,United States
3416,14415,"Davis, William",Partial College,Professional,North America,Long Beach,California,United States
3418,14417,"Lu, Ernest",High School,Professional,North America,Bellingham,Washington,United States
3419,14418,"Young, Rebecca",High School,Professional,North America,Lake Oswego,Oregon,United States
3420,14419,"Ward, Abigail",Partial College,Professional,North America,Oregon City,Oregon,United States
3421,14420,"Wright, Chloe",Partial College,Professional,North America,Lynnwood,Washington,United States
3422,14421,"Barnes, Hannah",Partial College,Professional,North America,Woodburn,Oregon,United States
3423,14422,"Lu, Cara",Bachelors,Management,Europe,Stuttgart,Baden-Wuerttemberg,Germany
3426,14425,"Carlson, Victor",High School,Professional,Europe,Dusseldorf,North Rhine-Westphalia,Germany
3427,14426,"Hughes, Madison",Partial College,Professional,Europe,Erlangen,Bavaria,Germany
3429,14428,"Andersen, Cassie",Partial College,Professional,Europe,Poing,Bavaria,Germany
3431,14430,"Jones, Sydney",Partial College,Professional,North America,Seattle,Washington,United States
3432,14431,"Moore, Kayla",Partial College,Professional,North America,Beverly Hills,California,United States
3433,14432,"Russell, Antonio",Graduate Degree,Management,North America,Port Orchard,Washington,United States
3434,14433,"Peterson, Jennifer",Graduate Degree,Management,North America,Concord,California,United States
3435,14434,"Hill, Sophia",Graduate Degree,Management,North America,Daly City,California,United States
3436,14435,"Wilson, Jennifer",Graduate Degree,Management,North America,La Jolla,California,United States
3438,14437,"Anand, Mitchell",Partial College,Professional,North America,Beaverton,Oregon,United States
3442,14441,"Lewis, William",Bachelors,Management,North America,Bellflower,California,United States
3443,14442,"Peterson, Shelby",Partial College,Professional,North America,Lemon Grove,California,United States
3444,14443,"Wilson, Benjamin",Graduate Degree,Management,North America,Mill Valley,California,United States
3445,14444,"Sanders, Patrick",Graduate Degree,Management,North America,Mill Valley,California,United States
3446,14445,"Henderson, Benjamin",Graduate Degree,Management,North America,Palo Alto,California,United States
3451,14450,"Butler, Kevin",Graduate Degree,Management,North America,Imperial Beach,California,United States
3452,14451,"Moore, Tyler",Graduate Degree,Management,North America,Lakewood,California,United States
3458,14457,"White, Thomas",Partial College,Professional,North America,La Jolla,California,United States
3463,14462,"Sanz, Beth",Bachelors,Management,North America,Beverly Hills,California,United States
3464,14463,"Patterson, Julia",Partial College,Professional,North America,Coronado,California,United States
3465,14464,"Price, Elizabeth",Bachelors,Management,North America,San Carlos,California,United States
3471,14470,"Robinson, Jeremy",Bachelors,Management,North America,Mill Valley,California,United States
3472,14471,"Gonzalez, Gabriel",Bachelors,Management,North America,San Carlos,California,United States
3473,14472,"Diaz, Natalie",Bachelors,Management,North America,San Gabriel,California,United States
3474,14473,"King, Miguel",Bachelors,Management,North America,Santa Cruz,California,United States
3480,14479,"Smith, Samantha",Graduate Degree,Management,North America,Woodland Hills,California,United States
3484,14483,"Henderson, Nicole",High School,Professional,North America,Lake Oswego,Oregon,United States
3485,14484,"Hall, Samantha",Bachelors,Management,North America,National City,California,United States
3486,14485,"Stewart, Bailey",Partial College,Professional,North America,Redwood City,California,United States
3487,14486,"Coleman, Jonathan",Graduate Degree,Management,North America,Santa Cruz,California,United States
3488,14487,"Hall, Seth",Partial High School,Skilled Manual,North America,San Carlos,California,United States
3489,14488,"Hughes, Connor",High School,Professional,North America,Berkeley,California,United States
3490,14489,"Wang, Jason",Graduate Degree,Management,North America,Glendale,California,United States
3491,14490,"Butler, Aidan",Graduate Degree,Management,North America,Coronado,California,United States
3492,14491,"Bailey, Isaac",Graduate Degree,Management,North America,San Diego,California,United States
3493,14492,"Patterson, Justin",Graduate Degree,Management,North America,Renton,Washington,United States
3494,14493,"Parker, Sara",Graduate Degree,Management,North America,Torrance,California,United States
3495,14494,"Diaz, Cameron",Graduate Degree,Management,North America,Salem,Oregon,United States
3496,14495,"Diaz, Nathan",Partial College,Professional,North America,Grossmont,California,United States
3499,14498,"Luo, Katie",Graduate Degree,Management,North America,Chula Vista,California,United States
3500,14499,"Flores, Samuel",Graduate Degree,Management,North America,Downey,California,United States
3501,14500,"Ward, Jasmine",Bachelors,Management,North America,Torrance,California,United States
3502,14501,"Prasad, Ruben",Graduate Degree,Management,North America,Beverly Hills,California,United States
3504,14503,"Alexander, Brianna",Bachelors,Management,North America,Walla Walla,Washington,United States
3506,14505,"Edwards, Alex",Bachelors,Management,North America,Beverly Hills,California,United States
3507,14506,"Suarez, Stacy",Bachelors,Management,North America,Beaverton,Oregon,United States
3508,14507,"Wright, Eric",Graduate Degree,Management,North America,Woodland Hills,California,United States
3509,14508,"Hall, Madison",Graduate Degree,Management,North America,Newport Beach,California,United States
3510,14509,"Deng, Bridget",Partial College,Skilled Manual,North America,Beaverton,Oregon,United States
3511,14510,"Hernandez, Samuel",Bachelors,Management,North America,Everett,Washington,United States
3512,14511,"Rogers, Danielle",Bachelors,Management,North America,Issaquah,Washington,United States
3513,14512,"Jones, Christopher",Bachelors,Management,North America,Puyallup,Washington,United States
3514,14513,"Turner, Alexandra",Graduate Degree,Management,North America,Burlingame,California,United States
3515,14514,"Jones, Rachel",Partial College,Skilled Manual,North America,Berkeley,California,United States
3516,14515,"Cooper, Anna",Partial College,Skilled Manual,North America,Lemon Grove,California,United States
3520,14519,"Rana, Denise",Partial College,Skilled Manual,North America,Beaverton,Oregon,United States
3521,14520,"Xu, Bonnie",Partial College,Skilled Manual,North America,Bremerton,Washington,United States
3527,14526,"Hall, Emily",Graduate Degree,Manual,Europe,Darmstadt,Hesse,Germany
3528,14527,"Raji, Kurt",Graduate Degree,Manual,Europe,Kassel,Hesse,Germany
3529,14528,"Ramos, Casey",Graduate Degree,Manual,Europe,Mühlheim am Main,Hesse,Germany
3538,14537,"Cai, Clayton",Graduate Degree,Clerical,Europe,Berlin,Berlin,Germany
3542,14541,"Kapoor, Douglas",Graduate Degree,Clerical,Europe,Neunkirchen,North Rhine-Westphalia,Germany
3544,14543,"Lu, Heather",Partial College,Manual,Europe,Munich,Bavaria,Germany
3550,14549,"Goel, Arturo",Partial College,Manual,Europe,Berlin,Berlin,Germany
3552,14551,"Vance, Michele",Bachelors,Clerical,Europe,Kiel,Schleswig-Holstein,Germany
3559,14558,"Truempy, Marcel",Bachelors,Skilled Manual,North America,Yakima,Washington,United States
3560,14559,"Washington, Ashley",Bachelors,Skilled Manual,North America,Long Beach,California,United States
3561,14560,"Huang, Kelvin",Bachelors,Skilled Manual,North America,Bellflower,California,United States
3563,14562,"Stewart, Bryce",Bachelors,Skilled Manual,North America,Concord,California,United States
3564,14563,"Carter, Fernando",Bachelors,Skilled Manual,North America,Olympia,Washington,United States
3565,14564,"Bailey, Chloe",Bachelors,Skilled Manual,North America,San Diego,California,United States
3566,14565,"Hernandez, Natalie",Bachelors,Skilled Manual,North America,National City,California,United States
3569,14568,"Kumar, Priscilla",Graduate Degree,Professional,North America,Beaverton,Oregon,United States
3570,14569,"Rodriguez, Kristopher",Graduate Degree,Professional,North America,Bellingham,Washington,United States
3571,14570,"Henderson, Hannah",Graduate Degree,Professional,North America,Yakima,Washington,United States
3572,14571,"Richardson, Rachel",Graduate Degree,Professional,North America,Bellflower,California,United States
3573,14572,"Foster, Melanie",Graduate Degree,Professional,North America,Lincoln Acres,California,United States
3577,14576,"Price, Anna",Bachelors,Skilled Manual,North America,Renton,Washington,United States
3578,14577,"Rogers, Natalie",Bachelors,Skilled Manual,North America,Corvallis,Oregon,United States
3580,14579,"Henderson, Luis",Bachelors,Skilled Manual,North America,Lake Oswego,Oregon,United States
3581,14580,"Diaz, Kyle",Bachelors,Professional,North America,Novato,California,United States
3582,14581,"Adams, Kevin",Bachelors,Professional,North America,Portland,Oregon,United States
3584,14583,"Morris, Sydney",Graduate Degree,Professional,North America,Lake Oswego,Oregon,United States
3585,14584,"Mitchell, Gabrielle",Graduate Degree,Professional,North America,West Covina,California,United States
3586,14585,"Torres, Kimberly",Graduate Degree,Professional,North America,Woodland Hills,California,United States
3588,14587,"Peterson, Jade",Bachelors,Skilled Manual,North America,Lebanon,Oregon,United States
3589,14588,"Taylor, Alexander",Bachelors,Skilled Manual,North America,Renton,Washington,United States
3590,14589,"Cook, Mackenzie",Bachelors,Skilled Manual,North America,Redwood City,California,United States
3591,14590,"Butler, Marissa",Bachelors,Skilled Manual,North America,Concord,California,United States
3592,14591,"Harris, Charles",Graduate Degree,Professional,North America,Lemon Grove,California,United States
3593,14592,"Thompson, Jessica",Graduate Degree,Professional,North America,Walla Walla,Washington,United States
3594,14593,"Washington, Jack",Graduate Degree,Professional,North America,West Covina,California,United States
3595,14594,"Taylor, Lauren",Graduate Degree,Professional,North America,West Covina,California,United States
3596,14595,"Ward, Andrea",Graduate Degree,Professional,North America,Glendale,California,United States
3597,14596,"Hill, Amber",Graduate Degree,Professional,North America,Grossmont,California,United States
3600,14599,"Wilson, Charles",Graduate Degree,Professional,North America,Lebanon,Oregon,United States
3601,14600,"Ramirez, Ariana",Graduate Degree,Professional,North America,Port Orchard,Washington,United States
3602,14601,"Rai, Nicolas",Graduate Degree,Professional,North America,Concord,California,United States
3608,14607,"Nelson, Isaiah",Bachelors,Skilled Manual,North America,Lake Oswego,Oregon,United States
3609,14608,"Gao, Warren",Bachelors,Skilled Manual,North America,Bremerton,Washington,United States
3610,14609,"Phillips, Julia",Bachelors,Skilled Manual,North America,National City,California,United States
3611,14610,"Jenkins, Lauren",Bachelors,Skilled Manual,North America,Everett,Washington,United States
3613,14612,"Zhang, Ernest",Bachelors,Professional,North America,Beverly Hills,California,United States
3614,14613,"Huang, Glenn",Bachelors,Professional,North America,Bremerton,Washington,United States
3615,14614,"Bryant, Dylan",Bachelors,Professional,North America,Colma,California,United States
3616,14615,"Dominguez, Audrey",Bachelors,Professional,North America,Concord,California,United States
3617,14616,"Sandberg, Emma",Bachelors,Professional,North America,Concord,California,United States
3618,14617,"Flores, Aaron",Bachelors,Professional,North America,Edmonds,Washington,United States
3619,14618,"Baker, Gabrielle",Graduate Degree,Professional,North America,Issaquah,Washington,United States
3620,14619,"Sanders, Nathaniel",Graduate Degree,Professional,North America,Issaquah,Washington,United States
3621,14620,"Patterson, Kayla",Graduate Degree,Professional,North America,Novato,California,United States
3622,14621,"Morris, Chloe",Bachelors,Professional,North America,Milwaukie,Oregon,United States
3623,14622,"Patterson, Brandon",Partial College,Skilled Manual,North America,Coronado,California,United States
3624,14623,"Li, Benjamin",Partial College,Skilled Manual,North America,San Diego,California,United States
3625,14624,"Thomas, Anna",Partial College,Skilled Manual,North America,Issaquah,Washington,United States
3626,14625,"Simmons, Benjamin",Partial College,Skilled Manual,North America,Marysville,Washington,United States
3628,14627,"Hill, Isaiah",Partial College,Skilled Manual,North America,San Carlos,California,United States
3629,14628,"Brooks, Carlos",Partial College,Skilled Manual,North America,Lebanon,Oregon,United States
3630,14629,"Hernandez, Blake",Partial College,Skilled Manual,North America,Burien,Washington,United States
3631,14630,"James, Isaiah",Partial College,Skilled Manual,North America,Imperial Beach,California,United States
3640,14639,"Howard, Jeremiah",Partial College,Skilled Manual,North America,Downey,California,United States
3643,14642,"Zeng, Jeffery",Partial College,Skilled Manual,North America,Beaverton,Oregon,United States
3644,14643,"Simmons, Eric",Partial College,Skilled Manual,North America,Everett,Washington,United States
3645,14644,"Lee, Jennifer",Partial College,Skilled Manual,North America,Lebanon,Oregon,United States
3646,14645,"Kelly, Isaac",Graduate Degree,Professional,North America,Grossmont,California,United States
3647,14646,"Garcia, Dylan",Graduate Degree,Professional,North America,Mill Valley,California,United States
3648,14647,"Howard, Sean",Graduate Degree,Professional,North America,Novato,California,United States
3649,14648,"Evans, Eric",Graduate Degree,Professional,North America,National City,California,United States
3689,14688,"Carlson, Tabitha",Partial High School,Manual,Europe,Hamburg,Hamburg,Germany
3691,14690,"Rai, Drew",Partial High School,Manual,Europe,Erlangen,Bavaria,Germany
3696,14695,"Andersen, Russell",Partial High School,Manual,Europe,Brunswick,Lower Saxony,Germany
3697,14696,"Anand, Shawn",Partial High School,Manual,Europe,Grevenbroich,North Rhine-Westphalia,Germany
3699,14698,"Navarro, Diane",Bachelors,Skilled Manual,Europe,Frankfurt,Hesse,Germany
3700,14699,"Munoz, Gerald",Bachelors,Skilled Manual,Europe,Munich,Bavaria,Germany
3704,14703,"Srini, Clifford",High School,Manual,Europe,Berlin,Berlin,Germany
3708,14707,"Raje, Tonya",Partial High School,Manual,Europe,Berlin,Berlin,Germany
3710,14709,"Martin, Ian",High School,Manual,Europe,Saarlouis,Saar,Germany
3711,14710,"Ma, Lisa",High School,Manual,Europe,Hamburg,Hamburg,Germany
3712,14711,"Xu, Deborah",High School,Manual,Europe,Paderborn,North Rhine-Westphalia,Germany
3714,14713,"Ye, Jon",Partial College,Clerical,Europe,Offenbach am Main,Hesse,Germany
3716,14715,"Munoz, Erik",Partial College,Clerical,Europe,Mühlheim am Main,Hesse,Germany
3719,14718,"Raji, Gregory",Partial College,Clerical,Europe,Bottrop,North Rhine-Westphalia,Germany
3731,14730,"Ferrier, Jerry",High School,Manual,North America,Bellflower,California,United States
3732,14731,"Brown, Seth",Bachelors,Skilled Manual,North America,Burlingame,California,United States
3733,14732,"Cook, Trinity",Bachelors,Skilled Manual,North America,Olympia,Washington,United States
3734,14733,"Raji, Clarence",Bachelors,Skilled Manual,North America,Berkeley,California,United States
3735,14734,"Edwards, Kevin",Bachelors,Skilled Manual,North America,Corvallis,Oregon,United States
3736,14735,"Rogers, Maria",Partial College,Clerical,North America,Oregon City,Oregon,United States
3737,14736,"Roberts, Jack",Partial High School,Manual,North America,Beaverton,Oregon,United States
3738,14737,"Srini, Dominic",Partial High School,Clerical,North America,Bellingham,Washington,United States
3739,14738,"Garcia, Ethan",Partial College,Clerical,North America,Grossmont,California,United States
3740,14739,"Gonzalez, Charles",Partial College,Clerical,North America,La Jolla,California,United States
3741,14740,"Scott, Jenna",Partial College,Clerical,North America,Lakewood,California,United States
3742,14741,"Cooper, Emma",Partial College,Clerical,North America,West Covina,California,United States
3743,14742,"Howard, Andrea",Partial College,Clerical,North America,Lincoln Acres,California,United States
3744,14743,"Turner, Nathan",Partial College,Clerical,North America,Sedro Woolley,Washington,United States
3745,14744,"Yang, Elijah",Partial College,Clerical,North America,Burien,Washington,United States
3747,14746,"Nelson, Courtney",Partial College,Clerical,North America,Torrance,California,United States
3748,14747,"Wood, Aidan",Partial College,Clerical,North America,La Jolla,California,United States
3749,14748,"Roessler, Don",Partial College,Clerical,North America,Imperial Beach,California,United States
3750,14749,"Jenkins, Jose",Partial College,Clerical,North America,Burbank,California,United States
3751,14750,"Green, Mary",Partial College,Clerical,North America,Novato,California,United States
3752,14751,"Price, Gabrielle",Partial College,Clerical,North America,Yakima,Washington,United States
3753,14752,"Turner, Seth",Partial College,Clerical,North America,Beverly Hills,California,United States
3754,14753,"Foster, Austin",Partial College,Clerical,North America,Corvallis,Oregon,United States
3755,14754,"Pal, Grant",Partial College,Clerical,North America,Bellingham,Washington,United States
3756,14755,"Davis, Robert",Partial College,Clerical,North America,Burlingame,California,United States
3757,14756,"Reed, Charles",Partial College,Clerical,North America,La Jolla,California,United States
3758,14757,"Garcia, Elizabeth",Partial College,Clerical,North America,San Gabriel,California,United States
3759,14758,"Long, Victoria",Graduate Degree,Skilled Manual,North America,Glendale,California,United States
3760,14759,"Davis, Madison",Graduate Degree,Skilled Manual,North America,Santa Cruz,California,United States
3762,14761,"Kelly, Morgan",Graduate Degree,Skilled Manual,North America,San Gabriel,California,United States
3763,14762,"Perez, Adriana",Graduate Degree,Skilled Manual,North America,Beverly Hills,California,United States
3764,14763,"Arun, George",Graduate Degree,Skilled Manual,North America,Beaverton,Oregon,United States
3765,14764,"Scott, Xavier",Graduate Degree,Skilled Manual,North America,Newport Beach,California,United States
3768,14767,"Blanco, Stacy",Partial College,Manual,Europe,Hanover,Lower Saxony,Germany
3769,14768,"Kelly, Ian",Partial College,Manual,Europe,Saarlouis,Saar,Germany
3770,14769,"Powell, Jessica",Bachelors,Clerical,Europe,Paderborn,North Rhine-Westphalia,Germany
3773,14772,"Torres, Stacy",Bachelors,Clerical,Europe,Frankfurt,Hesse,Germany
3775,14774,"Ferrier, Max",Graduate Degree,Clerical,Europe,Bonn,North Rhine-Westphalia,Germany
3776,14775,"Xie, Bonnie",Graduate Degree,Clerical,Europe,Hamburg,Hamburg,Germany
3782,14781,"Butler, Robert",Partial College,Manual,Europe,Solingen,North Rhine-Westphalia,Germany
3783,14782,"Lewis, Michael",Partial College,Manual,Europe,Paderborn,North Rhine-Westphalia,Germany
3787,14786,"Jenkins, Tristan",Bachelors,Clerical,Europe,Erlangen,Bavaria,Germany
3790,14789,"Zhang, Rosa",High School,Manual,Europe,Munster,North Rhine-Westphalia,Germany
3796,14795,"Gao, Crystal",Bachelors,Skilled Manual,Europe,Dusseldorf,North Rhine-Westphalia,Germany
3798,14797,"Gao, Steve",Partial High School,Manual,Europe,Mühlheim am Main,Hesse,Germany
3801,14800,"Arthur, Abby",Bachelors,Skilled Manual,Europe,Solingen,North Rhine-Westphalia,Germany
3802,14801,"Simmons, Riley",Partial High School,Manual,Europe,Frankfurt,Hesse,Germany
3804,14803,"Martin, Stacy",High School,Manual,Europe,Hamburg,Hamburg,Germany
3806,14805,"Garcia, Kari",Partial High School,Manual,Europe,Offenbach am Main,Hesse,Germany
3812,14811,"Sanchez, Molly",Bachelors,Professional,Europe,Leipzig,Saxony,Germany
3820,14819,"Ruiz, Dana",Partial College,Clerical,Europe,Dresden,Saxony,Germany
3823,14822,"Martin, Jessica",Partial College,Clerical,Europe,Darmstadt,Hesse,Germany
3824,14823,"Harrison, Nelson",Partial College,Clerical,Europe,Darmstadt,Hesse,Germany
3825,14824,"Baker, Miguel",Partial College,Clerical,Europe,Erlangen,Bavaria,Germany
3826,14825,"Alonso, Rebekah",High School,Manual,Europe,Munster,North Rhine-Westphalia,Germany
3828,14827,"Xu, Ernest",Partial College,Clerical,Europe,Saarbrücken,Saar,Germany
3829,14828,"Muñoz, Hector",Partial College,Clerical,Europe,Stuttgart,Baden-Wuerttemberg,Germany
3831,14830,"Ward, Isabella",Bachelors,Skilled Manual,Europe,Saarlouis,Saar,Germany
3835,14834,"Jimenez, Ebony",Partial College,Clerical,Europe,Kassel,Hesse,Germany
3836,14835,"Saunders, Melody",Partial College,Clerical,Europe,Paderborn,North Rhine-Westphalia,Germany
3838,14837,"Li, Dennis",Partial College,Clerical,Europe,Essen,North Rhine-Westphalia,Germany
3839,14838,"Alvarez, Darren",Partial College,Clerical,Europe,Ingolstadt,Bavaria,Germany
3842,14841,"Pal, Franklin",Partial High School,Manual,Europe,Neunkirchen,North Rhine-Westphalia,Germany
3843,14842,"Kim, Meagan",High School,Manual,Europe,Erlangen,Bavaria,Germany
3845,14844,"Miller, Blake",Partial High School,Manual,Europe,Frankfurt,Hesse,Germany
3850,14849,"Martin, Dwayne",Partial College,Clerical,Europe,Bonn,North Rhine-Westphalia,Germany
3853,14852,"Gonzalez, Adam",Partial College,Skilled Manual,North America,Lemon Grove,California,United States
3857,14856,"Carlson, Kari",Partial High School,Clerical,North America,Beaverton,Oregon,United States
3867,14866,"Peterson, Hailey",Partial College,Clerical,Europe,Solingen,North Rhine-Westphalia,Germany
3869,14868,"Morgan, Ariana",Partial College,Clerical,North America,West Covina,California,United States
3870,14869,"Bryant, Jennifer",Partial College,Clerical,North America,W. Linn,Oregon,United States
3871,14870,"Ortega, Brandi",Partial College,Clerical,North America,Bellflower,California,United States
3873,14872,"Clark, Fernando",Graduate Degree,Skilled Manual,North America,Salem,Oregon,United States
3874,14873,"Long, Fernando",Graduate Degree,Skilled Manual,North America,Lincoln Acres,California,United States
3877,14876,"Anderson, Nathan",Graduate Degree,Skilled Manual,North America,Burbank,California,United States
3879,14878,"Murphy, Marcus",Graduate Degree,Skilled Manual,North America,Olympia,Washington,United States
3880,14879,"Richardson, Andrea",Graduate Degree,Skilled Manual,North America,Berkeley,California,United States
3881,14880,"Ross, Jessica",Bachelors,Skilled Manual,North America,Spring Valley,California,United States
3882,14881,"Griffin, Eric",Bachelors,Skilled Manual,North America,Bremerton,Washington,United States
3883,14882,"Nara, Kathryn",Bachelors,Skilled Manual,North America,Berkeley,California,United States
3884,14883,"Barnes, Gabrielle",Bachelors,Skilled Manual,North America,Lemon Grove,California,United States
3885,14884,"Torres, Kristi",Bachelors,Skilled Manual,North America,Chula Vista,California,United States
3888,14887,"Wilson, Lauren",High School,Clerical,North America,Sedro Woolley,Washington,United States
3889,14888,"Russell, Jasmine",High School,Clerical,North America,Yakima,Washington,United States
3890,14889,"Kumar, Drew",High School,Clerical,North America,Burlingame,California,United States
3891,14890,"Adams, Wyatt",High School,Clerical,North America,Downey,California,United States
3892,14891,"Hayes, Kyle",Partial College,Clerical,North America,Redwood City,California,United States
3893,14892,"Sanders, Savannah",Partial College,Clerical,North America,Palo Alto,California,United States
3895,14894,"Baker, James",Partial College,Clerical,North America,Lake Oswego,Oregon,United States
3896,14895,"Hernandez, Connor",Partial College,Clerical,North America,Torrance,California,United States
3897,14896,"Flores, Alexia",Partial College,Clerical,North America,Lemon Grove,California,United States
3899,14898,"Edwards, Katelyn",Partial College,Clerical,North America,Lynnwood,Washington,United States
3900,14899,"Dominguez, Rodney",Partial College,Clerical,North America,Burlingame,California,United States
3902,14901,"Richardson, Katherine",Partial College,Clerical,North America,National City,California,United States
3903,14902,"Diaz, Arianna",Partial College,Clerical,North America,Bellflower,California,United States
3904,14903,"Morgan, Amanda",Partial College,Clerical,North America,San Gabriel,California,United States
3922,14921,"Watson, Sara",Graduate Degree,Skilled Manual,North America,San Gabriel,California,United States
3923,14922,"Perry, Paige",Graduate Degree,Skilled Manual,North America,Tacoma,Washington,United States
3928,14927,"Martinez, Chelsea",Bachelors,Clerical,Europe,Berlin,Berlin,Germany
3934,14933,"Patel, Ronald",Partial College,Manual,Europe,Grevenbroich,North Rhine-Westphalia,Germany
3936,14935,"Liang, Rafael",Bachelors,Clerical,Europe,Ingolstadt,Bavaria,Germany
3940,14939,"Kapoor, Cory",Bachelors,Clerical,Europe,Grevenbroich,North Rhine-Westphalia,Germany
3941,14940,"Rana, Carmen",Bachelors,Clerical,Europe,Paderborn,North Rhine-Westphalia,Germany
3944,14943,"Pal, Lindsay",Bachelors,Clerical,Europe,Stuttgart,Baden-Wuerttemberg,Germany
3946,14945,"Lewis, Samantha",Partial High School,Manual,Europe,Darmstadt,Hesse,Germany
3952,14951,"Rai, Katie",Bachelors,Skilled Manual,Europe,Mühlheim am Main,Hesse,Germany
3953,14952,"Srini, Holly",Bachelors,Skilled Manual,Europe,Frankfurt,Hesse,Germany
3957,14956,"Romero, Krista",High School,Manual,Europe,Hamburg,Hamburg,Germany
3962,14961,"Yang, Jaclyn",Bachelors,Skilled Manual,Europe,Munich,Bavaria,Germany
3968,14967,"Xu, Bridget",Partial College,Clerical,Europe,Berlin,Berlin,Germany
3970,14969,"Vazquez, Julio",Partial College,Clerical,Europe,Dresden,Saxony,Germany
3973,14972,"Deng, Cristina",Partial College,Clerical,Europe,Neunkirchen,North Rhine-Westphalia,Germany
3974,14973,"Jai, Alicia",Partial College,Clerical,Europe,Saarlouis,Saar,Germany
3979,14978,"Ortega, Jamie",Partial College,Clerical,Europe,Munich,Bavaria,Germany
3980,14979,"Serrano, Rodney",Partial College,Clerical,Europe,Munich,Bavaria,Germany
3981,14980,"Garcia, Michele",Partial College,Clerical,Europe,Sulzbach Taunus,Saar,Germany
3991,14990,"Ramos, Nelson",Partial College,Clerical,Europe,Leipzig,Saxony,Germany
3997,14996,"Gill, Ross",Partial College,Clerical,Europe,Berlin,Berlin,Germany
3998,14997,"Cooper, Angel",Partial College,Clerical,Europe,Solingen,North Rhine-Westphalia,Germany
4001,15000,"Zhou, Kelli",Partial High School,Manual,Europe,Sulzbach Taunus,Saar,Germany
4002,15001,"Lu, Autumn",Partial High School,Manual,Europe,Berlin,Berlin,Germany
4006,15005,"Cooper, Adrian",Partial College,Skilled Manual,North America,Long Beach,California,United States
4007,15006,"Jackson, Grace",Partial College,Skilled Manual,North America,West Covina,California,United States
4010,15009,"Patterson, Chloe",Partial College,Skilled Manual,North America,Redmond,Washington,United States
4011,15010,"Suri, Cory",Partial College,Skilled Manual,North America,Berkeley,California,United States
4018,15017,"Ramirez, Amanda",Partial College,Skilled Manual,North America,Los Angeles,California,United States
4050,15049,"Dominguez, Frank",High School,Manual,Europe,Bottrop,North Rhine-Westphalia,Germany
4051,15050,"Miller, Joshua",Partial College,Manual,Europe,Paderborn,North Rhine-Westphalia,Germany
4055,15054,"Anand, Roger",Partial College,Manual,Europe,Munich,Bavaria,Germany
4056,15055,"Torres, Patrick",Partial College,Manual,Europe,Saarlouis,Saar,Germany
4064,15063,"Malhotra, Kari",Bachelors,Clerical,Europe,Bottrop,North Rhine-Westphalia,Germany
4066,15065,"Gao, Alejandro",High School,Manual,Europe,Berlin,Berlin,Germany
4069,15068,"Barnes, Jessica",Partial College,Manual,Europe,Paderborn,North Rhine-Westphalia,Germany
4070,15069,"Lal, Noah",Partial College,Manual,Europe,Werne,North Rhine-Westphalia,Germany
4074,15073,"Chander, Tasha",Bachelors,Clerical,Europe,Berlin,Berlin,Germany
4075,15074,"Perry, Elizabeth",Bachelors,Clerical,Europe,Neunkirchen,North Rhine-Westphalia,Germany
4077,15076,"Ramos, Sheila",Partial College,Manual,Europe,Werne,North Rhine-Westphalia,Germany
4085,15084,"Serrano, Adrienne",Graduate Degree,Clerical,Europe,Kassel,Hesse,Germany
4091,15090,"Mehta, Troy",High School,Manual,Europe,Bottrop,North Rhine-Westphalia,Germany
4092,15091,"Madan, Jermaine",Partial College,Manual,Europe,Essen,North Rhine-Westphalia,Germany
4093,15092,"Morris, Adrian",Partial College,Professional,Europe,Solingen,North Rhine-Westphalia,Germany
4097,15096,"Schare, Gary",Bachelors,Management,Europe,Brunswick,Lower Saxony,Germany
4101,15100,"Chandra, Brenda",Bachelors,Management,Europe,Neunkirchen,North Rhine-Westphalia,Germany
4102,15101,"Shan, Shawn",Bachelors,Management,Europe,Werne,North Rhine-Westphalia,Germany
4106,15105,"Rana, Tina",High School,Professional,Europe,Berlin,Berlin,Germany
4111,15110,"Prasad, Janelle",Partial College,Professional,Europe,Hamburg,Hamburg,Germany
4114,15113,"Smith, Robert",High School,Professional,Europe,Darmstadt,Hesse,Germany
4115,15114,"Munoz, Erika",Partial College,Professional,Europe,Stuttgart,Baden-Wuerttemberg,Germany
4117,15116,"Ramirez, Mackenzie",Partial College,Management,Europe,Kassel,Hesse,Germany
4118,15117,"Dominguez, Dana",Partial College,Management,Europe,Dusseldorf,North Rhine-Westphalia,Germany
4167,15166,"Goel, Nina",Bachelors,Management,North America,Concord,California,United States
4168,15167,"Hernandez, Sara",Bachelors,Management,North America,Edmonds,Washington,United States
4174,15173,"Henderson, Miguel",Partial College,Skilled Manual,North America,Corvallis,Oregon,United States
4175,15174,"Rogers, Trinity",High School,Skilled Manual,North America,Burlingame,California,United States
4194,15193,"King, Samuel",Bachelors,Management,North America,Colma,California,United States
4195,15194,"Suarez, Erik",Bachelors,Management,North America,Colma,California,United States
4196,15195,"Huang, Edwin",Bachelors,Management,North America,Concord,California,United States
4197,15196,"Reed, Isaiah",Bachelors,Management,North America,Daly City,California,United States
4244,15243,"Harris, Lauren",High School,Skilled Manual,North America,Lebanon,Oregon,United States
4246,15245,"Ross, Eduardo",High School,Skilled Manual,North America,Santa Monica,California,United States
4247,15246,"Watson, Kaitlyn",High School,Skilled Manual,North America,San Diego,California,United States
4249,15248,"Harris, Richard",High School,Skilled Manual,North America,Burien,Washington,United States
4250,15249,"Anderson, Abigail",High School,Skilled Manual,North America,Oakland,California,United States
4251,15250,"Scott, Jose",High School,Skilled Manual,North America,Lemon Grove,California,United States
4253,15252,"Murphy, Jada",High School,Skilled Manual,North America,Portland,Oregon,United States
4255,15254,"Chapman, Carla",High School,Skilled Manual,North America,Columbus,Georgia,United States
4256,15255,"Collins, Evan",High School,Skilled Manual,North America,San Carlos,California,United States
4257,15256,"Ramirez, Dalton",High School,Skilled Manual,North America,Coronado,California,United States
4258,15257,"Anderson, Matthew",High School,Skilled Manual,North America,Bremerton,Washington,United States
4259,15258,"Reed, Chloe",High School,Skilled Manual,North America,Ballard,Washington,United States
4260,15259,"Zhu, Franklin",Partial High School,Clerical,North America,Burbank,California,United States
4261,15260,"Torres, Kathleen",Partial High School,Clerical,North America,Chula Vista,California,United States
4270,15269,"King, Chloe",High School,Skilled Manual,North America,Everett,Washington,United States
4271,15270,"Cox, Ariana",High School,Skilled Manual,North America,Olympia,Washington,United States
4272,15271,"Yang, Samuel",High School,Skilled Manual,North America,Seattle,Washington,United States
4273,15272,"Gonzales, Kyle",High School,Skilled Manual,North America,Tacoma,Washington,United States
4274,15273,"Alexander, Brandon",Partial College,Skilled Manual,North America,Lincoln Acres,California,United States
4275,15274,"Johnson, Alexander",Partial College,Skilled Manual,North America,Long Beach,California,United States
4276,15275,"Collins, Eric",Partial College,Skilled Manual,North America,Santa Monica,California,United States
4277,15276,"Hall, Megan",Partial College,Skilled Manual,North America,El Cajon,California,United States
4278,15277,"Griffin, Hailey",Partial College,Skilled Manual,North America,Long Beach,California,United States
4279,15278,"Russell, Brandon",Partial College,Skilled Manual,North America,San Carlos,California,United States
4280,15279,"Lee, Hunter",Partial College,Skilled Manual,North America,San Francisco,California,United States
4281,15280,"Griffin, Mya",Bachelors,Management,North America,San Carlos,California,United States
4282,15281,"Anderson, Hunter",Graduate Degree,Management,North America,Berkeley,California,United States
4283,15282,"Thomas, Elizabeth",Bachelors,Management,North America,San Diego,California,United States
4285,15284,"Prasad, Jay",Graduate Degree,Skilled Manual,North America,Colma,California,United States
4286,15285,"Rodriguez, Olivia",Graduate Degree,Skilled Manual,North America,Chula Vista,California,United States
4287,15286,"Nelson, Thomas",Graduate Degree,Skilled Manual,North America,Oregon City,Oregon,United States
4288,15287,"Baker, Stephanie",Graduate Degree,Skilled Manual,North America,Spokane,Washington,United States
4289,15288,"Perry, Logan",Graduate Degree,Skilled Manual,North America,Chula Vista,California,United States
4290,15289,"Gray, Katelyn",Graduate Degree,Skilled Manual,North America,Grossmont,California,United States
4291,15290,"Thompson, Edward",Graduate Degree,Skilled Manual,North America,Yakima,Washington,United States
4293,15292,"Bailey, Megan",Graduate Degree,Skilled Manual,North America,Woodburn,Oregon,United States
4294,15293,"Watson, Mason",Graduate Degree,Skilled Manual,North America,Lake Oswego,Oregon,United States
4295,15294,"Robinson, Michael",Graduate Degree,Skilled Manual,North America,Renton,Washington,United States
4296,15295,"Shan, Louis",Graduate Degree,Skilled Manual,North America,Beverly Hills,California,United States
4297,15296,"Peterson, Chloe",Graduate Degree,Skilled Manual,North America,Woodland Hills,California,United States
4298,15297,"Bryant, Nicole",Graduate Degree,Skilled Manual,North America,Edmonds,Washington,United States
4299,15298,"Chandra, Joe",Bachelors,Skilled Manual,North America,Burien,Washington,United States
4300,15299,"Lopez, Charles",Bachelors,Skilled Manual,North America,Lebanon,Oregon,United States
4301,15300,"Butler, Seth",Graduate Degree,Skilled Manual,North America,Port Orchard,Washington,United States
4302,15301,"Guo, Amy",Graduate Degree,Professional,North America,Colma,California,United States
4303,15302,"Thomas, Brianna",Graduate Degree,Professional,North America,Mill Valley,California,United States
4304,15303,"Patterson, Haley",Bachelors,Management,North America,Mill Valley,California,United States
4306,15305,"Ortega, Jacquelyn",Bachelors,Management,North America,Burbank,California,United States
4307,15306,"Sanchez, Victoria",Bachelors,Management,North America,Bellingham,Washington,United States
4308,15307,"Garcia, Jennifer",Bachelors,Management,North America,Los Angeles,California,United States
4309,15308,"Lal, Christy",Bachelors,Management,North America,Berkeley,California,United States
4310,15309,"Wilson, Dylan",Bachelors,Management,North America,Burbank,California,United States
4312,15311,"Thompson, Brandon",Bachelors,Management,North America,Tacoma,Washington,United States
4313,15312,"Gonzales, Alexandria",Bachelors,Management,North America,Newport Beach,California,United States
4314,15313,"Morris, Garrett",Bachelors,Management,North America,Portland,Oregon,United States
4315,15314,"Torres, Eduardo",Bachelors,Management,North America,Santa Cruz,California,United States
4316,15315,"Bennett, Katherine",Bachelors,Management,North America,Renton,Washington,United States
4317,15316,"Harris, Alexis",Bachelors,Management,North America,Daly City,California,United States
4318,15317,"Jenkins, Rachel",Bachelors,Management,North America,Burlingame,California,United States
4319,15318,"Watson, Grace",Bachelors,Management,North America,Corvallis,Oregon,United States
4320,15319,"Sanchez, Jade",Bachelors,Management,North America,Concord,California,United States
4321,15320,"Brooks, Eduardo",Bachelors,Management,North America,Redmond,Washington,United States
4322,15321,"Phillips, Blake",Bachelors,Management,North America,Fremont,California,United States
4323,15322,"Green, Evan",Bachelors,Management,North America,Walla Walla,Washington,United States
4325,15324,"Serrano, Renee",High School,Professional,North America,Central Valley,New York,United States
4326,15325,"Hayes, Elijah",Partial College,Professional,North America,Port Orchard,Washington,United States
4327,15326,"Zheng, Todd",Partial College,Professional,North America,Chula Vista,California,United States
4328,15327,"Hernandez, Paula",Bachelors,Management,North America,Coronado,California,United States
4329,15328,"Jackson, Fernando",Bachelors,Management,North America,San Diego,California,United States
4330,15329,"Cox, Brianna",Bachelors,Management,North America,Spring Valley,California,United States
4331,15330,"Richardson, Catherine",Partial College,Professional,North America,Bremerton,Washington,United States
4332,15331,"Taylor, Jacob",Partial College,Professional,North America,Lake Oswego,Oregon,United States
4333,15332,"Sharma, Jason",Partial College,Professional,North America,Seattle,Washington,United States
4334,15333,"Diaz, Marie",Bachelors,Management,North America,Burbank,California,United States
4336,15335,"Patterson, Emily",Partial College,Professional,North America,Redmond,Washington,United States
4337,15336,"Garcia, Marco",Partial College,Professional,North America,Burlingame,California,United States
4338,15337,"Gonzales, Rachel",Partial College,Professional,North America,Chula Vista,California,United States
4339,15338,"Navarro, Marie",Partial College,Professional,North America,College Station,Texas,United States
4340,15339,"Zhang, Noah",Partial College,Professional,North America,Fremont,California,United States
4342,15341,"Deng, Lacey",Partial College,Professional,North America,Concord,California,United States
4343,15342,"Raji, Ashlee",Partial College,Professional,North America,Concord,California,United States
4344,15343,"Barnes, Carson",Partial College,Professional,North America,Lakewood,California,United States
4345,15344,"Russell, Luke",Partial College,Professional,North America,Palo Alto,California,United States
4346,15345,"Perry, Ashley",Partial College,Professional,North America,San Gabriel,California,United States
4347,15346,"Rodriguez, Charles",Partial College,Professional,North America,Santa Monica,California,United States
4348,15347,"Alonso, Deanna",High School,Professional,North America,Bellflower,California,United States
4349,15348,"Carter, Greg",Partial College,Professional,North America,Tacoma,Washington,United States
4350,15349,"Gonzalez, Stephanie",Partial College,Professional,North America,Torrance,California,United States
4351,15350,"Serrano, Kathleen",Partial College,Professional,North America,Bremerton,Washington,United States
4352,15351,"Lu, Steve",Partial College,Professional,North America,Burien,Washington,United States
4353,15352,"Martinez, Raymond",Bachelors,Management,Europe,Poing,Bavaria,Germany
4357,15356,"Jai, Dawn",Partial High School,Professional,Europe,Frankfurt,Hesse,Germany
4358,15357,"Navarro, Craig",Partial High School,Professional,Europe,Hanover,Lower Saxony,Germany
4359,15358,"Sanders, Danielle",Graduate Degree,Management,North America,Oakland,California,United States
4360,15359,"Yang, Logan",Graduate Degree,Management,North America,Edmonds,Washington,United States
4361,15360,"Martin, Ryan",Graduate Degree,Management,North America,Burbank,California,United States
4362,15361,"Gonzales, Thomas",Graduate Degree,Management,North America,Santa Cruz,California,United States
4365,15364,"Bryant, Aidan",Partial College,Professional,North America,Beaverton,Oregon,United States
4366,15365,"Gray, Victoria",Bachelors,Management,North America,Glendale,California,United States
4367,15366,"Coleman, Alyssa",Graduate Degree,Management,North America,Lincoln Acres,California,United States
4368,15367,"White, Alyssa",Partial College,Professional,North America,Portland,Oregon,United States
4369,15368,"Martin, Brandi",Bachelors,Management,North America,Beverly Hills,California,United States
4370,15369,"Perez, Connor",Partial College,Professional,North America,Burien,Washington,United States
4371,15370,"Butler, Jessica",Partial College,Professional,North America,Lebanon,Oregon,United States
4372,15371,"Bryant, Cameron",Partial College,Professional,North America,Walla Walla,Washington,United States
4373,15372,"Alexander, Miguel",Partial College,Professional,North America,Bremerton,Washington,United States
4374,15373,"Jones, Kaitlyn",Graduate Degree,Management,North America,Everett,Washington,United States
4380,15379,"Griffin, Amanda",Bachelors,Management,North America,San Diego,California,United States
4381,15380,"Robinson, Nathan",Partial College,Professional,North America,Kirkland,Washington,United States
4382,15381,"Howard, Alexa",Partial College,Professional,North America,Olympia,Washington,United States
4383,15382,"Blue, Kimberly",Bachelors,Management,North America,Berkeley,California,United States
4384,15383,"Rivera, Charles",Bachelors,Management,North America,Lemon Grove,California,United States
4385,15384,"Alan, Xavier",Partial College,Professional,North America,Beaverton,Oregon,United States
4386,15385,"Reed, Destiny",High School,Professional,North America,Lebanon,Oregon,United States
4387,15386,"Taylor, Nicholas",High School,Professional,North America,Renton,Washington,United States
4388,15387,"Rodriguez, Miguel",Partial College,Professional,North America,Chula Vista,California,United States
4389,15388,"Smith, Victoria",Bachelors,Management,North America,Downey,California,United States
4390,15389,"King, Joan",Bachelors,Management,North America,Palo Alto,California,United States
4391,15390,"Turner, Jonathan",High School,Professional,North America,Portland,Oregon,United States
4393,15392,"Brown, Sydney",Partial High School,Skilled Manual,North America,Torrance,California,United States
4394,15393,"Ruiz, Rebekah",Graduate Degree,Management,North America,Berkeley,California,United States
4398,15397,"Tang, Karl",Partial College,Professional,North America,Burbank,California,United States
4399,15398,"Wang, Jose",Partial College,Professional,North America,Oakland,California,United States
4412,15411,"Chandra, Jay",Graduate Degree,Management,North America,Burlingame,California,United States
4413,15412,"Griffin, Ryan",Graduate Degree,Management,North America,Coronado,California,United States
4415,15414,"Richardson, Isaac",Graduate Degree,Management,North America,Beverly Hills,California,United States
4416,15415,"Gray, Rachel",Graduate Degree,Management,North America,Spokane,Washington,United States
4417,15416,"Barnes, Edward",Graduate Degree,Management,North America,Milwaukie,Oregon,United States
4418,15417,"Lu, Alvin",Graduate Degree,Management,North America,Chula Vista,California,United States
4420,15419,"Baker, Carlos",Bachelors,Management,North America,Corvallis,Oregon,United States
4421,15420,"Hernandez, Nathan",Bachelors,Management,North America,Issaquah,Washington,United States
4422,15421,"Clark, Cameron",Bachelors,Management,North America,Renton,Washington,United States
4423,15422,"Griffin, Kelly",High School,Skilled Manual,North America,W. Linn,Oregon,United States
4424,15423,"Long, Jack",High School,Skilled Manual,North America,Walla Walla,Washington,United States
4425,15424,"Hill, Rebecca",Partial College,Skilled Manual,North America,Beverly Hills,California,United States
4428,15427,"Murphy, Jade",Partial College,Skilled Manual,North America,San Diego,California,United States
4429,15428,"Howard, Richard",Partial College,Skilled Manual,North America,Spring Valley,California,United States
4430,15429,"Li, Aaron",Partial College,Skilled Manual,North America,West Covina,California,United States
4431,15430,"Jiménez, Alfredo",Partial College,Skilled Manual,North America,Burien,Washington,United States
4432,15431,"Jackson, John",Partial College,Skilled Manual,North America,Berkeley,California,United States
4433,15432,"Kumar, Alvin",Partial College,Skilled Manual,North America,Colma,California,United States
4434,15433,"Sharma, Adam",Partial College,Skilled Manual,North America,Concord,California,United States
4444,15443,"Patel, Francisco",Graduate Degree,Manual,Europe,Berlin,Berlin,Germany
4455,15454,"Bennett, Ian",Bachelors,Clerical,Europe,Werne,North Rhine-Westphalia,Germany
4457,15456,"Suri, Donald",Bachelors,Clerical,Europe,Saarlouis,Saar,Germany
4458,15457,"Martinez, Adriana",Partial College,Manual,Europe,Neunkirchen,North Rhine-Westphalia,Germany
4459,15458,"Ma, Krystal",Partial College,Manual,Europe,Hof,Bavaria,Germany
4460,15459,"Dominguez, Beth",Partial College,Manual,Europe,Mühlheim am Main,Hesse,Germany
4461,15460,"Nara, Bethany",Partial College,Manual,Europe,Poing,Bavaria,Germany
4467,15466,"Perez, Elijah",Bachelors,Skilled Manual,North America,San Carlos,California,United States
4468,15467,"Shan, Caleb",Bachelors,Skilled Manual,North America,Burbank,California,United States
4470,15469,"Williams, Fernando",Graduate Degree,Professional,North America,Santa Cruz,California,United States
4471,15470,"Lopez, Hailey",Graduate Degree,Professional,North America,Lemon Grove,California,United States
4472,15471,"White, Destiny",Bachelors,Skilled Manual,North America,Palo Alto,California,United States
4473,15472,"Torres, Jennifer",Bachelors,Skilled Manual,North America,Marysville,Washington,United States
4474,15473,"Jenkins, Abigail",Bachelors,Skilled Manual,North America,Coronado,California,United States
4475,15474,"Lal, Cameron",Bachelors,Skilled Manual,North America,Beverly Hills,California,United States
4476,15475,"Brooks, Kaitlyn",Bachelors,Skilled Manual,North America,Woodland Hills,California,United States
4477,15476,"Powell, Alyssa",Graduate Degree,Professional,North America,Long Beach,California,United States
4478,15477,"Adams, Jose",Graduate Degree,Professional,North America,Colma,California,United States
4480,15479,"Wright, Andrea",Graduate Degree,Professional,North America,Olympia,Washington,United States
4481,15480,"Lopez, Denise",Graduate Degree,Professional,North America,Burbank,California,United States
4482,15481,"Zhang, Jamie",Graduate Degree,Professional,North America,Burlingame,California,United States
4483,15482,"Rubio, Audrey",Graduate Degree,Professional,North America,Chula Vista,California,United States
4484,15483,"Robinson, Katherine",Graduate Degree,Professional,North America,San Gabriel,California,United States
4485,15484,"Henderson, Samuel",Graduate Degree,Professional,North America,West Covina,California,United States
4486,15485,"Wright, Jordan",Graduate Degree,Professional,North America,Imperial Beach,California,United States
4487,15486,"Griffin, Kevin",Graduate Degree,Professional,North America,Woodburn,Oregon,United States
4488,15487,"Ramirez, Jesse",Graduate Degree,Professional,North America,Spring Valley,California,United States
4490,15489,"Thompson, Emily",Bachelors,Skilled Manual,North America,Walla Walla,Washington,United States
4492,15491,"Li, Shannon",Bachelors,Skilled Manual,North America,Clearwater,Florida,United States
4493,15492,"Long, Grace",Bachelors,Skilled Manual,North America,Kirkland,Washington,United States
4494,15493,"Chen, Eric",Bachelors,Skilled Manual,North America,Lebanon,Oregon,United States
4496,15495,"Alonso, Craig",High School,Skilled Manual,North America,Chula Vista,California,United States
4497,15496,"Goel, Kelli",High School,Skilled Manual,North America,Colma,California,United States
4498,15497,"Phillips, Katelyn",Bachelors,Professional,North America,Novato,California,United States
4500,15499,"Thomas, Robert",Graduate Degree,Professional,North America,Sedro Woolley,Washington,United States
4501,15500,"Raji, Keith",Graduate Degree,Professional,North America,Burlingame,California,United States
4502,15501,"Simmons, Justin",Graduate Degree,Professional,North America,Colma,California,United States
4503,15502,"Howard, Nathaniel",Bachelors,Professional,North America,Corvallis,Oregon,United States
4504,15503,"James, Caitlin",Bachelors,Skilled Manual,North America,Sedro Woolley,Washington,United States
4505,15504,"James, Jared",Bachelors,Skilled Manual,North America,Issaquah,Washington,United States
4506,15505,"Bailey, Gabriella",Bachelors,Skilled Manual,North America,W. Linn,Oregon,United States
4507,15506,"Sanders, Evan",Graduate Degree,Professional,North America,Burlingame,California,United States
4509,15508,"Brooks, Megan",Graduate Degree,Professional,North America,Lynnwood,Washington,United States
4510,15509,"Washington, Zachary",Graduate Degree,Professional,North America,Yakima,Washington,United States
4511,15510,"She, Ernest",Graduate Degree,Professional,North America,Beaverton,Oregon,United States
4513,15512,"Hayes, Jose",Graduate Degree,Professional,North America,Ballard,Washington,United States
4514,15513,"Perez, Madeline",Graduate Degree,Professional,North America,Renton,Washington,United States
4515,15514,"Ramirez, Angela",Graduate Degree,Professional,North America,Walla Walla,Washington,United States
4516,15515,"Wright, Carlos",Graduate Degree,Professional,North America,Yakima,Washington,United States
4517,15516,"Raje, Shaun",Graduate Degree,Professional,North America,Chula Vista,California,United States
4518,15517,"Edwards, Thomas",Graduate Degree,Professional,North America,Santa Monica,California,United States
4519,15518,"Bryant, Richard",Graduate Degree,Professional,North America,Torrance,California,United States
4520,15519,"Evans, Jennifer",Partial High School,Clerical,North America,Beaverton,Oregon,United States
4521,15520,"Navarro, Desiree",Bachelors,Professional,North America,Coronado,California,United States
4522,15521,"Deng, Kathryn",Bachelors,Skilled Manual,North America,Bellflower,California,United States
4523,15522,"Russell, Ethan",Graduate Degree,Professional,North America,Portland,Oregon,United States
4524,15523,"Yang, Jonathan",Bachelors,Professional,North America,Marysville,Washington,United States
4525,15524,"Stone, Dalton",Bachelors,Skilled Manual,North America,Lake Oswego,Oregon,United States
4526,15525,"Gonzalez, Marie",Bachelors,Skilled Manual,North America,Burbank,California,United States
4528,15527,"Rivera, Megan",Bachelors,Skilled Manual,North America,Imperial Beach,California,United States
4529,15528,"Ramirez, Lucas",Bachelors,Professional,North America,Milwaukie,Oregon,United States
4530,15529,"Allen, Jason",Bachelors,Professional,North America,Lynnwood,Washington,United States
4532,15531,"Raji, Calvin",Bachelors,Professional,North America,Bothell,Washington,United States
4533,15532,"Jai, Marshall",Bachelors,Professional,North America,Chula Vista,California,United States
4534,15533,"Richardson, Anna",Bachelors,Professional,North America,San Francisco,California,United States
4535,15534,"Bell, Steven",Bachelors,Professional,North America,Portland,Oregon,United States
4536,15535,"Scott, Jordan",Bachelors,Professional,North America,Burlingame,California,United States
4538,15537,"Peterson, Destiny",Graduate Degree,Professional,North America,Glendale,California,United States
4539,15538,"Lal, Luis",Graduate Degree,Professional,North America,Grossmont,California,United States
4540,15539,"Goel, Raul",Bachelors,Professional,North America,Berkeley,California,United States
4541,15540,"Ortega, Randall",Bachelors,Professional,North America,Burlingame,California,United States
4542,15541,"Morris, Zoe",Bachelors,Professional,North America,Palo Alto,California,United States
4543,15542,"Baker, Andrea",Bachelors,Professional,North America,Burbank,California,United States
4545,15544,"Brown, Thomas",Partial College,Skilled Manual,North America,Glendale,California,United States
4546,15545,"Rivera, Jennifer",High School,Skilled Manual,North America,Chula Vista,California,United States
4547,15546,"Jenkins, Robert",High School,Skilled Manual,North America,W. Linn,Oregon,United States
4548,15547,"Wood, Cassidy",Partial College,Skilled Manual,North America,Daly City,California,United States
4549,15548,"Brooks, Morgan",High School,Skilled Manual,North America,Woodland Hills,California,United States
4551,15550,"Alonso, Orlando",Partial College,Skilled Manual,North America,Bremerton,Washington,United States
4552,15551,"Gray, Kaylee",Partial College,Skilled Manual,North America,Burien,Washington,United States
4553,15552,"Lewis, Tyler",Partial College,Skilled Manual,North America,Olympia,Washington,United States
4554,15553,"Lopez, Ivan",Graduate Degree,Professional,North America,Burbank,California,United States
4555,15554,"Bailey, Zoe",Graduate Degree,Professional,North America,Concord,California,United States
4556,15555,"Barnes, Hailey",Partial College,Skilled Manual,North America,Palo Alto,California,United States
4558,15557,"Murphy, Nathaniel",Partial College,Skilled Manual,North America,Oakland,California,United States
4559,15558,"Morris, Hailey",Partial College,Skilled Manual,North America,Puyallup,Washington,United States
4561,15560,"Gray, Gabrielle",Bachelors,Professional,North America,Bremerton,Washington,United States
4562,15561,"Young, Angel",Bachelors,Professional,North America,Lebanon,Oregon,United States
4563,15562,"James, Kaitlyn",Bachelors,Professional,North America,Bremerton,Washington,United States
4566,15565,"Mitchell, Kyle",Graduate Degree,Professional,North America,Everett,Washington,United States
4569,15568,"Hayes, Aaron",Partial College,Skilled Manual,North America,Glendale,California,United States
4570,15569,"Ward, Morgan",Partial College,Skilled Manual,North America,Beaverton,Oregon,United States
4571,15570,"Powell, Brianna",Bachelors,Professional,North America,Spring Valley,California,United States
4574,15573,"Wilson, Thomas",Bachelors,Professional,North America,Redmond,Washington,United States
4575,15574,"Peterson, Carlos",Bachelors,Professional,North America,West Covina,California,United States
4609,15608,"James, Faith",Partial College,Clerical,Europe,Hof,Bavaria,Germany
4619,15618,"Sharma, Gabriel",Bachelors,Skilled Manual,Europe,Werne,North Rhine-Westphalia,Germany
4623,15622,"Schleger, Yvonne",High School,Manual,Europe,Essen,North Rhine-Westphalia,Germany
4626,15625,"Alvarez, Clinton",Partial College,Clerical,Europe,Bonn,North Rhine-Westphalia,Germany
4627,15626,"White, Eduardo",Partial College,Clerical,Europe,Bottrop,North Rhine-Westphalia,Germany
4628,15627,"Srini, Troy",Partial College,Clerical,Europe,Frankfurt,Hesse,Germany
4629,15628,"Sandberg, Brianna",Bachelors,Skilled Manual,Europe,Solingen,North Rhine-Westphalia,Germany
4630,15629,"Ruiz, Meghan",Partial High School,Manual,Europe,Werne,North Rhine-Westphalia,Germany
4634,15633,"Shan, Ashlee",Partial High School,Manual,Europe,Dresden,Saxony,Germany
4637,15636,"White, David",Partial College,Clerical,Europe,Darmstadt,Hesse,Germany
4650,15649,"Jimenez, Melinda",Bachelors,Clerical,Europe,Paderborn,North Rhine-Westphalia,Germany
4656,15655,"Gomez, Deanna",Partial College,Manual,Europe,Essen,North Rhine-Westphalia,Germany
4657,15656,"Zhao, Darryl",Partial College,Manual,Europe,Sulzbach Taunus,Saar,Germany
4660,15659,"Rivera, Angela",Partial College,Manual,Europe,Darmstadt,Hesse,Germany
4665,15664,"Vazquez, Jill",Bachelors,Clerical,Europe,Offenbach am Main,Hesse,Germany
4668,15667,"Ramos, Hector",Bachelors,Clerical,Europe,Paderborn,North Rhine-Westphalia,Germany
4673,15672,"Nara, Kelvin",Partial College,Manual,Europe,Paderborn,North Rhine-Westphalia,Germany
4675,15674,"Raheem, Tommy",Bachelors,Clerical,Europe,Erlangen,Bavaria,Germany
4676,15675,"Alonso, Jay",Graduate Degree,Clerical,Europe,Hof,Bavaria,Germany
4681,15680,"She, Tasha",High School,Manual,Europe,Neunkirchen,North Rhine-Westphalia,Germany
4683,15682,"Garcia, Heidi",Bachelors,Management,Europe,Bonn,North Rhine-Westphalia,Germany
4684,15683,"Carlson, Jessie",Partial College,Professional,Europe,Brunswick,Lower Saxony,Germany
4685,15684,"Suarez, Tyrone",Partial College,Professional,Europe,Kiel,Schleswig-Holstein,Germany
4686,15685,"Vazquez, Robin",Bachelors,Management,Europe,Offenbach am Main,Hesse,Germany
4690,15689,"Wang, Stacey",Partial College,Professional,Europe,Leipzig,Saxony,Germany
4694,15693,"Barnes, Isabel",High School,Professional,Europe,Darmstadt,Hesse,Germany
4698,15697,"Morris, Julia",Partial College,Professional,Europe,Ingolstadt,Bavaria,Germany
4699,15698,"Wang, Susan",Bachelors,Management,Europe,Werne,North Rhine-Westphalia,Germany
4704,15703,"Chande, Alison",High School,Professional,Europe,Bonn,North Rhine-Westphalia,Germany
4705,15704,"Luo, Peter",High School,Professional,Europe,Munich,Bavaria,Germany
4706,15705,"Simmons, Gabriel",Partial College,Management,Europe,Erlangen,Bavaria,Germany
4708,15707,"Rubio, Robin",Partial College,Management,Europe,Ingolstadt,Bavaria,Germany
4709,15708,"Jai, Nina",High School,Management,Europe,Munich,Bavaria,Germany
4737,15736,"Raje, Sheena",Graduate Degree,Management,North America,Beverly Hills,California,United States
4738,15737,"Robinson, Alexander",Graduate Degree,Management,North America,Lynnwood,Washington,United States
4739,15738,"Miller, Abigail",Graduate Degree,Management,North America,Torrance,California,United States
4740,15739,"Rogers, Garrett",Bachelors,Management,North America,Santa Monica,California,United States
4741,15740,"Kumar, Johnny",Bachelors,Management,North America,Beaverton,Oregon,United States
4742,15741,"Allen, Isabella",Bachelors,Management,North America,Woodland Hills,California,United States
4743,15742,"Thompson, Grace",Bachelors,Management,North America,Palo Alto,California,United States
4744,15743,"Thompson, Chloe",Graduate Degree,Management,North America,Kirkland,Washington,United States
4745,15744,"Gray, Angela",Graduate Degree,Management,North America,Edmonds,Washington,United States
4746,15745,"Hayes, Julian",Graduate Degree,Management,North America,Bellingham,Washington,United States
4747,15746,"Walker, Emily",Bachelors,Management,North America,Lynnwood,Washington,United States
4748,15747,"Nelson, Evan",Bachelors,Management,North America,Chula Vista,California,United States
4750,15749,"Brown, Grace",Bachelors,Management,North America,Bremerton,Washington,United States
4751,15750,"Martinez, Kaitlin",Partial College,Professional,North America,Bellflower,California,United States
4760,15759,"Brooks, Erin",Bachelors,Management,North America,Beaverton,Oregon,United States
4764,15763,"Young, Xavier",Partial College,Professional,North America,Walla Walla,Washington,United States
4769,15768,"Walker, Victoria",Graduate Degree,Management,North America,Lakewood,California,United States
4770,15769,"Coleman, Kelly",Graduate Degree,Management,North America,Lemon Grove,California,United States
4771,15770,"Brooks, Xavier",Bachelors,Management,North America,Spring Valley,California,United States
4772,15771,"Diaz, Maria",Graduate Degree,Management,North America,Lebanon,Oregon,United States
4773,15772,"Anderson, Christopher",Partial High School,Skilled Manual,North America,San Gabriel,California,United States
4774,15773,"Jenkins, Dylan",Partial High School,Skilled Manual,North America,Lincoln Acres,California,United States
4775,15774,"Kelly, Natalie",High School,Professional,North America,Redmond,Washington,United States
4776,15775,"Ward, Michelle",High School,Professional,North America,Bellingham,Washington,United States
4777,15776,"Mitchell, Jesse",High School,Professional,North America,Newport Beach,California,United States
4778,15777,"Smith, Brianna",High School,Professional,North America,Seattle,Washington,United States
4779,15778,"Miller, José",Partial College,Professional,North America,Everett,Washington,United States
4780,15779,"Hayes, Jackson",Partial College,Professional,North America,Bremerton,Washington,United States
4781,15780,"McDonald, Claudia",Partial College,Professional,North America,Burbank,California,United States
4782,15781,"Evans, Blake",Bachelors,Management,North America,San Francisco,California,United States
4783,15782,"Collins, Katelyn",Partial College,Professional,North America,Yakima,Washington,United States
4814,15813,"Diaz, Julian",High School,Skilled Manual,North America,Redwood City,California,United States
4815,15814,"Subram, Monica",High School,Skilled Manual,North America,Burlingame,California,United States
4818,15817,"Alexander, Chloe",High School,Skilled Manual,North America,Beaverton,Oregon,United States
4819,15818,"Perez, Stanley",High School,Skilled Manual,North America,Bellingham,Washington,United States
4820,15819,"Cox, Savannah",High School,Skilled Manual,North America,Puyallup,Washington,United States
4821,15820,"Ward, Chase",High School,Skilled Manual,North America,Issaquah,Washington,United States
4822,15821,"Anderson, Logan",High School,Skilled Manual,North America,West Covina,California,United States
4825,15824,"Kumar, Lindsay",Partial High School,Clerical,North America,Colma,California,United States
4826,15825,"Simmons, Angela",High School,Skilled Manual,North America,Seattle,Washington,United States
4828,15827,"Ward, Danielle",High School,Skilled Manual,North America,Edmonds,Washington,United States
4835,15834,"Green, Rebecca",Partial College,Skilled Manual,North America,Walla Walla,Washington,United States
4836,15835,"Smith, Marcus",Partial College,Skilled Manual,North America,Downey,California,United States
4837,15836,"Jackson, Devin",Partial College,Skilled Manual,North America,National City,California,United States
4838,15837,"Johnston, Julia",High School,Skilled Manual,North America,Bremerton,Washington,United States
4839,15838,"Taylor, Julia",Partial College,Skilled Manual,North America,Fremont,California,United States
4840,15839,"Taylor, William",Partial College,Skilled Manual,North America,Santa Monica,California,United States
4841,15840,"Peterson, Natalie",Partial College,Skilled Manual,North America,W. Linn,Oregon,United States
4842,15841,"Shan, Luis",Bachelors,Management,North America,Los Angeles,California,United States
4843,15842,"Gray, Haley",Bachelors,Management,North America,Spokane,Washington,United States
4844,15843,"Wright, Caleb",Bachelors,Management,North America,Yakima,Washington,United States
4845,15844,"Brown, Megan",Bachelors,Management,North America,Grossmont,California,United States
4846,15845,"Carter, Mackenzie",Bachelors,Management,North America,Milwaukie,Oregon,United States
4850,15849,"Kelly, Destiny",Graduate Degree,Management,North America,Spokane,Washington,United States
4852,15851,"Anderson, Taylor",Graduate Degree,Management,North America,Everett,Washington,United States
4853,15852,"Henderson, Oscar",Bachelors,Management,North America,Santa Cruz,California,United States
4854,15853,"Brown, Jasmine",Bachelors,Management,North America,Mill Valley,California,United States
4855,15854,"Wood, Miranda",Bachelors,Management,North America,Downey,California,United States
4862,15861,"Zhao, Damien",Partial College,Clerical,North America,Berkeley,California,United States
4863,15862,"Narayanan, Sriniwa",Graduate Degree,Skilled Manual,North America,Burbank,California,United States
4866,15865,"Price, Isabel",High School,Skilled Manual,North America,Palo Alto,California,United States
4868,15867,"White, Victoria",Graduate Degree,Skilled Manual,North America,Puyallup,Washington,United States
4870,15869,"Hall, Alexandra",Graduate Degree,Skilled Manual,North America,Port Orchard,Washington,United States
4871,15870,"Howard, Zoe",Graduate Degree,Skilled Manual,North America,Corvallis,Oregon,United States
4872,15871,"Jai, Ryan",Graduate Degree,Skilled Manual,North America,Puyallup,Washington,United States
4874,15873,"Richardson, Hailey",Graduate Degree,Professional,North America,Grossmont,California,United States
4876,15875,"Morris, Devin",Bachelors,Management,North America,Santa Monica,California,United States
4878,15877,"Perez, Jordan",Bachelors,Management,North America,Berkeley,California,United States
4881,15880,"Bailey, Patrick",Bachelors,Management,North America,Spokane,Washington,United States
4883,15882,"Xie, Maurice",Bachelors,Management,North America,Beaverton,Oregon,United States
4884,15883,"Coleman, Tristan",Bachelors,Management,North America,Coronado,California,United States
4885,15884,"Bradley, Dakota",Bachelors,Management,North America,Daly City,California,United States
4886,15885,"Sanchez, Garrett",Bachelors,Management,North America,Sedro Woolley,Washington,United States
4887,15886,"Brown, Matthew",Bachelors,Management,North America,Lemon Grove,California,United States
4888,15887,"Vazquez, Deanna",Bachelors,Management,North America,Bremerton,Washington,United States
4898,15897,"Cooper, Haley",Partial College,Professional,North America,Woodland Hills,California,United States
4899,15898,"Gonzalez, Isaiah",Partial College,Professional,North America,Yakima,Washington,United States
4900,15899,"James, Ian",Partial College,Professional,North America,Santa Monica,California,United States
4902,15901,"Bryant, Taylor",Partial College,Professional,North America,Everett,Washington,United States
4903,15902,"Diaz, Robert",Partial College,Professional,North America,Port Orchard,Washington,United States
4904,15903,"Barnes, Abigail",Partial College,Professional,North America,Berkeley,California,United States
4905,15904,"Bennett, Janice",Partial College,Professional,North America,Chula Vista,California,United States
4908,15907,"Bailey, Steven",Partial College,Professional,North America,Yakima,Washington,United States
4909,15908,"Wilson, David",Partial College,Professional,North America,Imperial Beach,California,United States
4910,15909,"Ross, Cassidy",Partial College,Professional,North America,Lakewood,California,United States
4911,15910,"Hughes, Caleb",Partial College,Professional,North America,San Carlos,California,United States
4912,15911,"Baker, Maria",High School,Professional,North America,Bremerton,Washington,United States
4913,15912,"Simmons, Mya",High School,Professional,North America,Santa Monica,California,United States
4915,15914,"Bryant, Logan",Partial College,Professional,North America,Puyallup,Washington,United States
4916,15915,"Cox, Alex",Partial College,Professional,North America,La Jolla,California,United States
4919,15918,"Ruiz, Roberto",Partial College,Professional,North America,Burien,Washington,United States
4927,15926,"Deng, Donna",High School,Professional,Europe,Berlin,Berlin,Germany
4928,15927,"Huang, Gilbert",High School,Professional,Europe,Berlin,Berlin,Germany
4929,15928,"Pal, Priscilla",High School,Professional,Europe,Neunkirchen,North Rhine-Westphalia,Germany
4933,15932,"Jimenez, Tabitha",Partial College,Professional,Europe,Sulzbach Taunus,Saar,Germany
4935,15934,"Raji, Nichole",Partial College,Professional,North America,Bellingham,Washington,United States
4936,15935,"King, Amber",Graduate Degree,Management,North America,Beaverton,Oregon,United States
4937,15936,"Johnson, Abigail",Bachelors,Management,North America,Woodburn,Oregon,United States
4938,15937,"Lewis, Grace",Partial College,Professional,North America,Bellingham,Washington,United States
4939,15938,"Collins, Sean",Partial College,Professional,North America,Redmond,Washington,United States
4940,15939,"Brown, Jennifer",Partial College,Professional,North America,Tacoma,Washington,United States
4941,15940,"Bryant, Jack",Partial College,Professional,North America,Woodburn,Oregon,United States
4942,15941,"Brooks, Bailey",Bachelors,Management,North America,Fremont,California,United States
4945,15944,"Lu, Damien",Partial College,Professional,North America,Bremerton,Washington,United States
4946,15945,"Kelly, Alexandria",Partial College,Professional,North America,Puyallup,Washington,United States
4947,15946,"Wilson, Wyatt",Bachelors,Management,North America,Bellflower,California,United States
4948,15947,"Blue, Michelle",Partial College,Professional,North America,Chula Vista,California,United States
4949,15948,"Hughes, Angela",Bachelors,Management,North America,Lemon Grove,California,United States
4950,15949,"Green, Katherine",Bachelors,Management,North America,Mill Valley,California,United States
4951,15950,"Peterson, Erin",Partial College,Professional,North America,Lebanon,Oregon,United States
4952,15951,"Baker, Jenna",Partial College,Professional,North America,Seattle,Washington,United States
4953,15952,"Cooper, Evan",Partial College,Professional,North America,Sedro Woolley,Washington,United States
4954,15953,"Moreno, Julio",Graduate Degree,Management,North America,Bellflower,California,United States
4955,15954,"Deng, Marshall",Partial College,Professional,North America,Bellflower,California,United States
4956,15955,"Ortega, Neil",Bachelors,Management,North America,Burlingame,California,United States
4957,15956,"Li, Ryan",Bachelors,Management,North America,Oakland,California,United States
4958,15957,"Ross, Samuel",Bachelors,Management,North America,Redwood City,California,United States
4959,15958,"Ross, Nicole",Partial College,Professional,North America,Burien,Washington,United States
4960,15959,"Rodriguez, Logan",Partial College,Professional,North America,Redmond,Washington,United States
4961,15960,"Bryant, Brianna",Partial College,Professional,North America,Daly City,California,United States
4962,15961,"Walker, Ashley",Partial College,Professional,North America,Santa Cruz,California,United States
4963,15962,"Winter, Benjamin",High School,Professional,North America,Portland,Oregon,United States
4964,15963,"Smith, Madison",High School,Professional,North America,Puyallup,Washington,United States
4965,15964,"Cox, Steven",Bachelors,Management,North America,La Jolla,California,United States
4966,15965,"Watson, Jennifer",Partial College,Professional,North America,San Gabriel,California,United States
4967,15966,"Foster, Natalie",High School,Professional,North America,Salem,Oregon,United States
4968,15967,"Diaz, Dakota",High School,Professional,North America,Burien,Washington,United States
4969,15968,"Gonzalez, Edward",High School,Professional,North America,Woodland Hills,California,United States
4970,15969,"Murphy, Sean",High School,Professional,North America,Milwaukie,Oregon,United States
4971,15970,"Thompson, Samuel",Partial High School,Skilled Manual,North America,Beverly Hills,California,United States
4972,15971,"Jenkins, Ryan",Graduate Degree,Management,North America,Kirkland,Washington,United States
4973,15972,"Bailey, Caitlin",Graduate Degree,Management,North America,Burbank,California,United States
4974,15973,"Garcia, Christopher",Graduate Degree,Management,North America,Sedro Woolley,Washington,United States
4976,15975,"Collins, Gabrielle",High School,Professional,North America,Bellingham,Washington,United States
4977,15976,"Patel, Kristopher",High School,Professional,North America,Bremerton,Washington,United States
4978,15977,"Harris, Julia",High School,Professional,North America,Burien,Washington,United States
4979,15978,"Walker, Xavier",High School,Professional,North America,Edmonds,Washington,United States
4980,15979,"Cook, Nicole",High School,Professional,North America,Lynnwood,Washington,United States
4983,15982,"Evans, Jose",Partial College,Professional,North America,Beverly Hills,California,United States
4984,15983,"Ross, Alexis",Partial College,Professional,North America,San Carlos,California,United States
4985,15984,"Wright, Nathan",Bachelors,Management,North America,Santa Monica,California,United States
4986,15985,"Johnson, Devin",Bachelors,Management,North America,Spring Valley,California,United States
4992,15991,"Taylor, David",Graduate Degree,Management,North America,Renton,Washington,United States
4993,15992,"Alexander, Isabelle",Graduate Degree,Management,North America,San Carlos,California,United States
4995,15994,"Blue, Olivia",Partial College,Professional,North America,Burien,Washington,United States
4996,15995,"Johnson, Kaitlyn",Partial College,Professional,North America,Downey,California,United States
4999,15998,"Flores, Marissa",Graduate Degree,Management,North America,Chula Vista,California,United States
5000,15999,"Hill, Maria",Graduate Degree,Management,North America,Port Orchard,Washington,United States
5002,16001,"Pal, Ricardo",Graduate Degree,Management,North America,Burbank,California,United States
5003,16002,"Hayes, Paige",Graduate Degree,Management,North America,W. Linn,Oregon,United States
5004,16003,"Robinson, Carol",Graduate Degree,Management,North America,Oakland,California,United States
5005,16004,"Martinez, Joe",Bachelors,Management,North America,Bremerton,Washington,United States
5007,16006,"Henderson, Angelica",Graduate Degree,Management,North America,Spring Valley,California,United States
5008,16007,"Gonzalez, Janelle",Bachelors,Management,North America,Bremerton,Washington,United States
5009,16008,"Allen, Morgan",Graduate Degree,Management,North America,Kirkland,Washington,United States
5011,16010,"Wood, Nicole",Graduate Degree,Management,North America,Grossmont,California,United States
5014,16013,"Williams, Xavier",Partial College,Skilled Manual,North America,Beaverton,Oregon,United States
5015,16014,"Wilson, Christopher",Bachelors,Management,North America,Burbank,California,United States
5016,16015,"Cooper, Jessica",Partial College,Skilled Manual,North America,Lemon Grove,California,United States
5018,16017,"Ramirez, Jeremy",Partial College,Skilled Manual,North America,Novato,California,United States
5019,16018,"Henderson, Emma",Partial College,Skilled Manual,North America,San Carlos,California,United States
5020,16019,"Hernandez, Amber",Partial College,Skilled Manual,North America,Torrance,California,United States
5023,16022,"Hernandez, Devin",Partial High School,Clerical,North America,Ballard,Washington,United States
5025,16024,"Hill, Isaac",Partial College,Skilled Manual,North America,Marysville,Washington,United States
5035,16034,"Suri, Pamela",Graduate Degree,Manual,Europe,Frankfurt,Hesse,Germany
5038,16037,"Kelly, Melissa",Bachelors,Manual,Europe,Werne,North Rhine-Westphalia,Germany
5040,16039,"Yang, Steve",Bachelors,Manual,Europe,Bonn,North Rhine-Westphalia,Germany
5045,16044,"Rai, Connie",Bachelors,Manual,Europe,Berlin,Berlin,Germany
5048,16047,"Johnson, Taylor",Partial College,Manual,Europe,Saarlouis,Saar,Germany
5049,16048,"Yang, Kelli",Partial College,Manual,Europe,Hamburg,Hamburg,Germany
5050,16049,"Nara, Ashlee",Partial College,Manual,Europe,Grevenbroich,North Rhine-Westphalia,Germany
5056,16055,"Lee, Ryan",Partial College,Manual,Europe,Neunkirchen,North Rhine-Westphalia,Germany
5058,16057,"Gomez, Michele",Partial College,Manual,Europe,Munich,Bavaria,Germany
5060,16059,"Carlson, Jésus",Bachelors,Clerical,Europe,Grevenbroich,North Rhine-Westphalia,Germany
5061,16060,"Griffin, Antonio",Bachelors,Skilled Manual,North America,West Covina,California,United States
5062,16061,"Butler, Miguel",Bachelors,Skilled Manual,North America,Concord,California,United States
5063,16062,"Johnson, Katherine",Bachelors,Skilled Manual,North America,Tacoma,Washington,United States
5064,16063,"Kapoor, Francisco",Bachelors,Skilled Manual,North America,Berkeley,California,United States
5065,16064,"Griffin, Isabella",Bachelors,Skilled Manual,North America,Santa Cruz,California,United States
5066,16065,"Torres, Makayla",Bachelors,Skilled Manual,North America,National City,California,United States
5067,16066,"Ramirez, Alex",Bachelors,Skilled Manual,North America,Long Beach,California,United States
5068,16067,"Butler, Maria",Bachelors,Skilled Manual,North America,Spokane,Washington,United States
5069,16068,"Shen, Jerry",Bachelors,Skilled Manual,North America,Ballard,Washington,United States
5070,16069,"Hall, Brianna",Bachelors,Skilled Manual,North America,Mill Valley,California,United States
5071,16070,"Phillips, Sierra",Graduate Degree,Professional,North America,National City,California,United States
5073,16072,"Evans, Caleb",Graduate Degree,Professional,North America,Beaverton,Oregon,United States
5074,16073,"Bryant, Miranda",Graduate Degree,Professional,North America,Kirkland,Washington,United States
5075,16074,"Roberts, Caleb",Graduate Degree,Professional,North America,Puyallup,Washington,United States
5076,16075,"Johnson, Alexis",Graduate Degree,Professional,North America,Walla Walla,Washington,United States
5077,16076,"Rogers, Catherine",Graduate Degree,Professional,North America,Yakima,Washington,United States
5078,16077,"Rogers, Stephanie",Graduate Degree,Professional,North America,Burbank,California,United States
5079,16078,"James, Nicole",Graduate Degree,Professional,North America,Grossmont,California,United States
5080,16079,"Carter, Natalie",Graduate Degree,Professional,North America,Santa Cruz,California,United States
5081,16080,"Patterson, Oscar",High School,Skilled Manual,North America,Long Beach,California,United States
5082,16081,"Cai, Arturo",Bachelors,Skilled Manual,North America,Bellflower,California,United States
5083,16082,"Zeng, Autumn",Bachelors,Skilled Manual,North America,Bellingham,Washington,United States
5085,16084,"Wright, Allison",Bachelors,Professional,North America,Lake Oswego,Oregon,United States
5087,16086,"Watson, Charles",Graduate Degree,Professional,North America,Bellflower,California,United States
5088,16087,"Chen, Micah",Graduate Degree,Professional,North America,Berkeley,California,United States
5089,16088,"Sanders, Bryce",Bachelors,Professional,North America,Beaverton,Oregon,United States
5092,16091,"Lewis, Alyssa",Bachelors,Skilled Manual,North America,Downey,California,United States
5093,16092,"Bryant, Jessica",Graduate Degree,Professional,North America,Everett,Washington,United States
5094,16093,"Morris, Kaitlyn",Graduate Degree,Professional,North America,Novato,California,United States
5095,16094,"Brown, Kayla",Graduate Degree,Professional,North America,Santa Cruz,California,United States
5096,16095,"Garcia, Marcus",Graduate Degree,Professional,North America,El Cajon,California,United States
5100,16099,"Jenkins, Julian",Graduate Degree,Professional,North America,Seattle,Washington,United States
5101,16100,"Johnson, Jose",Graduate Degree,Professional,North America,Colma,California,United States
5102,16101,"Lopez, Mary",Graduate Degree,Professional,North America,Fremont,California,United States
5103,16102,"Alexander, Marcus",Bachelors,Professional,North America,Colma,California,United States
5105,16104,"Hernandez, Jordan",Bachelors,Skilled Manual,North America,Marysville,Washington,United States
5106,16105,"Diaz, Kristy",Bachelors,Skilled Manual,North America,Beaverton,Oregon,United States
5127,16126,"Kelly, Faith",Partial College,Skilled Manual,North America,Novato,California,United States
5128,16127,"Edwards, Amanda",Partial College,Skilled Manual,North America,Burlingame,California,United States
5130,16129,"Russell, Jordyn",High School,Skilled Manual,North America,Portland,Oregon,United States
5131,16130,"Seamans, Mike",Bachelors,Professional,North America,Beverly Hills,California,United States
5132,16131,"Romero, Albert",Bachelors,Professional,North America,Burbank,California,United States
5135,16134,"Hernandez, Roy",Partial College,Skilled Manual,North America,Beaverton,Oregon,United States
5136,16135,"Raman, Chelsea",Partial College,Skilled Manual,North America,Beaverton,Oregon,United States
5137,16136,"Srini, George",Partial College,Skilled Manual,North America,Bremerton,Washington,United States
5138,16137,"King, Timothy",Partial College,Skilled Manual,North America,Olympia,Washington,United States
5139,16138,"Butler, David",Graduate Degree,Professional,North America,Downey,California,United States
5140,16139,"Alexander, Jacqueline",Partial College,Skilled Manual,North America,West Covina,California,United States
5142,16141,"Ramirez, Shelby",Partial College,Skilled Manual,North America,Santa Monica,California,United States
5143,16142,"King, Sophia",Bachelors,Professional,North America,Tacoma,Washington,United States
5144,16143,"Evans, Sara",Bachelors,Professional,North America,Imperial Beach,California,United States
5145,16144,"Kelly, Patrick",Graduate Degree,Professional,North America,Kirkland,Washington,United States
5146,16145,"Anderson, Sydney",Graduate Degree,Professional,North America,Puyallup,Washington,United States
5147,16146,"Saunders, Jacquelyn",Graduate Degree,Professional,North America,Bellingham,Washington,United States
5197,16196,"Raheem, Kurt",Bachelors,Skilled Manual,Europe,Frankfurt,Hesse,Germany
5198,16197,"Prasad, Heidi",Partial High School,Manual,Europe,Berlin,Berlin,Germany
5200,16199,"Xie, Terrence",Partial College,Clerical,Europe,Dresden,Saxony,Germany
5207,16206,"Lewis, Cindy",Partial College,Clerical,Europe,Darmstadt,Hesse,Germany
5208,16207,"Shan, Jordan",Partial College,Clerical,Europe,Erlangen,Bavaria,Germany
5209,16208,"Chandra, Ruth",Partial College,Clerical,Europe,Saarbrücken,Saar,Germany
5215,16214,"Fernandez, Brett",Graduate Degree,Skilled Manual,North America,Bellingham,Washington,United States
5216,16215,"Turner, Thomas",Graduate Degree,Skilled Manual,North America,Lynnwood,Washington,United States
5217,16216,"Mitchell, Charles",Graduate Degree,Skilled Manual,North America,Port Orchard,Washington,United States
5218,16217,"Gonzales, Amanda",Graduate Degree,Skilled Manual,North America,Woodburn,Oregon,United States
5219,16218,"Simmons, Julia",Bachelors,Skilled Manual,North America,Redmond,Washington,United States
5222,16221,"Saunders, Darren",Bachelors,Skilled Manual,North America,Burien,Washington,United States
5223,16222,"Anderson, Brandon",Bachelors,Skilled Manual,North America,Berkeley,California,United States
5224,16223,"Collins, Carlos",Bachelors,Skilled Manual,North America,Los Angeles,California,United States
5225,16224,"Martinez, Jacob",Bachelors,Skilled Manual,North America,Oakland,California,United States
5226,16225,"Nelson, Wyatt",Bachelors,Skilled Manual,North America,Lincoln Acres,California,United States
5227,16226,"Blue, Maria",Partial College,Clerical,North America,Sedro Woolley,Washington,United States
5228,16227,"Lopez, Eric",High School,Clerical,North America,Daly City,California,United States
5229,16228,"Zhu, Rafael",Partial College,Clerical,North America,Burlingame,California,United States
5230,16229,"Chande, Wayne",Partial College,Clerical,North America,Ballard,Washington,United States
5231,16230,"Blanco, Craig",Partial College,Clerical,North America,Bellflower,California,United States
5232,16231,"Martin, Dana",Partial College,Clerical,North America,Bellingham,Washington,United States
5233,16232,"Richardson, Chase",Partial College,Clerical,North America,Kirkland,Washington,United States
5234,16233,"King, Rebecca",Graduate Degree,Skilled Manual,North America,Lemon Grove,California,United States
5235,16234,"Martin, Wyatt",Partial College,Clerical,North America,San Francisco,California,United States
5236,16235,"Morris, Sebastian",Partial College,Clerical,North America,Lincoln Acres,California,United States
5253,16252,"Jiménez, Danny",Partial High School,Manual,Europe,Saarlouis,Saar,Germany
5254,16253,"Lal, Bethany",Partial College,Manual,Europe,Hamburg,Hamburg,Germany
5264,16263,"Robinson, Eduardo",Bachelors,Clerical,Europe,Ingolstadt,Bavaria,Germany
5268,16267,"Chen, Edwin",Bachelors,Skilled Manual,Europe,Grevenbroich,North Rhine-Westphalia,Germany
5270,16269,"Nath, Tara",Bachelors,Skilled Manual,Europe,Berlin,Berlin,Germany
5271,16270,"Hernandez, Jerome",Bachelors,Skilled Manual,Europe,Berlin,Berlin,Germany
5272,16271,"Gutierrez, Michele",High School,Manual,Europe,Berlin,Berlin,Germany
5275,16274,"Diaz, Ross",Partial High School,Manual,Europe,Eilenburg,Saxony,Germany
5277,16276,"Carlson, Brandi",High School,Manual,Europe,Bonn,North Rhine-Westphalia,Germany
5279,16278,"Turner, Angel",Partial College,Manual,Europe,Hof,Bavaria,Germany
5280,16279,"Patterson, Victoria",Partial High School,Manual,Europe,Erlangen,Bavaria,Germany
5281,16280,"Ma, Glenn",Partial High School,Manual,Europe,Munster,North Rhine-Westphalia,Germany
5285,16284,"Perez, Troy",High School,Manual,Europe,Hof,Bavaria,Germany
5291,16290,"Nath, Russell",Partial College,Clerical,Europe,Frankfurt,Hesse,Germany
5293,16292,"Lal, Carly",Bachelors,Skilled Manual,Europe,Mühlheim am Main,Hesse,Germany
5298,16297,"Garcia, Deanna",Bachelors,Skilled Manual,Europe,Frankfurt,Hesse,Germany
5299,16298,"Sanz, Adrienne",Bachelors,Skilled Manual,Europe,Hamburg,Hamburg,Germany
5300,16299,"Tang, Alison",High School,Manual,Europe,Solingen,North Rhine-Westphalia,Germany
5304,16303,"Yuan, Tracy",High School,Manual,Europe,Darmstadt,Hesse,Germany
5305,16304,"Moore, Justin",High School,Manual,Europe,Darmstadt,Hesse,Germany
5306,16305,"Gonzalez, Stanley",Partial College,Clerical,Europe,Ingolstadt,Bavaria,Germany
5308,16307,"Sun, Kelli",Bachelors,Skilled Manual,Europe,Salzgitter,Lower Saxony,Germany
5310,16309,"Ortega, Desiree",Bachelors,Skilled Manual,Europe,Dresden,Saxony,Germany
5314,16313,"Russell, Hailey",Partial College,Clerical,Europe,Paderborn,North Rhine-Westphalia,Germany
5317,16316,"Hu, Kelli",Partial College,Clerical,Europe,Berlin,Berlin,Germany
5327,16326,"Romero, Jésus",Partial High School,Manual,Europe,Bonn,North Rhine-Westphalia,Germany
5328,16327,"Diaz, Darren",Partial High School,Manual,Europe,Salzgitter,Lower Saxony,Germany
5334,16333,"Hill, Caleb",Partial College,Skilled Manual,North America,Everett,Washington,United States
5335,16334,"Bailey, Natalie",Partial College,Skilled Manual,North America,Oregon City,Oregon,United States
5336,16335,"Lu, Kristen",Partial College,Skilled Manual,North America,Bellflower,California,United States
5341,16340,"Mitchell, Sean",Partial College,Skilled Manual,North America,Imperial Beach,California,United States
5354,16353,"Xu, Alejandro",Partial College,Skilled Manual,North America,Bremerton,Washington,United States
5355,16354,"Torres, Janet",High School,Skilled Manual,North America,Marysville,Washington,United States
5356,16355,"Foster, Sam",High School,Skilled Manual,North America,Chula Vista,California,United States
5358,16357,"Russell, Margaret",High School,Skilled Manual,North America,Lincoln Acres,California,United States
5360,16359,"Richardson, Shelby",High School,Clerical,North America,Woodburn,Oregon,United States
5361,16360,"Garcia, Justin",High School,Clerical,North America,Yakima,Washington,United States
5372,16371,"Diaz, Caleb",Partial College,Clerical,North America,Concord,California,United States
5373,16372,"Foster, Vanessa",Partial College,Clerical,North America,Lincoln Acres,California,United States
5374,16373,"Cook, Sara",Partial College,Clerical,North America,Kirkland,Washington,United States
5375,16374,"Phillips, Edward",Partial College,Clerical,North America,Woodburn,Oregon,United States
5376,16375,"Hernandez, Gabriella",Partial College,Clerical,North America,Spring Valley,California,United States
5377,16376,"Wright, Maria",Partial College,Clerical,North America,Bellingham,Washington,United States
5378,16377,"Adams, Jordan",Graduate Degree,Skilled Manual,North America,Los Angeles,California,United States
5379,16378,"Baker, Hailey",Graduate Degree,Skilled Manual,North America,Woodburn,Oregon,United States
5380,16379,"Jimenez, Marc",Graduate Degree,Skilled Manual,North America,Colma,California,United States
5382,16381,"Davis, Kayla",Graduate Degree,Skilled Manual,North America,Burien,Washington,United States
5383,16382,"Davis, Jennifer",Graduate Degree,Skilled Manual,North America,Tacoma,Washington,United States
5384,16383,"Kelly, Brian",Graduate Degree,Skilled Manual,North America,Redwood City,California,United States
5385,16384,"Reed, Jada",Graduate Degree,Skilled Manual,North America,Newport Beach,California,United States
5386,16385,"Perez, James",Graduate Degree,Skilled Manual,North America,Santa Cruz,California,United States
5390,16389,"Shen, Arturo",Bachelors,Clerical,Europe,Berlin,Berlin,Germany
5391,16390,"Nath, Mario",Bachelors,Clerical,Europe,Offenbach am Main,Hesse,Germany
5397,16396,"Rai, Keith",Partial High School,Manual,Europe,Mühlheim am Main,Hesse,Germany
5398,16397,"Navarro, Andy",Partial College,Manual,Europe,Berlin,Berlin,Germany
5400,16399,"Xu, Arturo",Bachelors,Clerical,Europe,Frankfurt,Hesse,Germany
5410,16409,"Moreno, Ebony",Bachelors,Skilled Manual,Europe,Berlin,Berlin,Germany
5412,16411,"Sanchez, Stanley",Partial High School,Manual,Europe,Offenbach am Main,Hesse,Germany
5414,16413,"Gonzalez, Julia",High School,Manual,Europe,Bottrop,North Rhine-Westphalia,Germany
5415,16414,"Flores, Kelly",Partial High School,Manual,Europe,Darmstadt,Hesse,Germany
5420,16419,"Simpson, Lacey",High School,Manual,Europe,Frankfurt,Hesse,Germany
5423,16422,"Xu, Kurt",High School,Manual,Europe,Saarbrücken,Saar,Germany
5430,16429,"Luo, Jaclyn",Partial College,Clerical,Europe,Saarlouis,Saar,Germany
5435,16434,"Bailey, Taylor",Bachelors,Skilled Manual,Europe,Neunkirchen,North Rhine-Westphalia,Germany
5442,16441,"Young, Jason",High School,Manual,Europe,Darmstadt,Hesse,Germany
5443,16442,"Gonzalez, Luke",Partial College,Clerical,Europe,Frankfurt,Hesse,Germany
5449,16448,"Martin, Cheryl",Bachelors,Skilled Manual,Europe,Kiel,Schleswig-Holstein,Germany
5452,16451,"Stone, Karl",Partial College,Clerical,Europe,Mühlheim am Main,Hesse,Germany
5457,16456,"Navarro, Larry",High School,Manual,Europe,Hamburg,Hamburg,Germany
5458,16457,"Martin, Kathleen",Partial High School,Manual,Europe,Brunswick,Lower Saxony,Germany
5459,16458,"Ruiz, Michele",Partial College,Clerical,Europe,Hamburg,Hamburg,Germany
5463,16462,"Gonzales, Marissa",Partial High School,Manual,Europe,Hamburg,Hamburg,Germany
5464,16463,"Murphy, Anna",Partial High School,Manual,Europe,Bottrop,North Rhine-Westphalia,Germany
5467,16466,"Kumar, Alisha",Partial High School,Manual,Europe,Darmstadt,Hesse,Germany
5474,16473,"Andersen, Dawn",Partial High School,Manual,Europe,Berlin,Berlin,Germany
5475,16474,"Serrano, Jay",Partial High School,Manual,Europe,Kassel,Hesse,Germany
5476,16475,"Anand, Kurt",Partial High School,Manual,Europe,Essen,North Rhine-Westphalia,Germany
5478,16477,"Gonzales, Anna",Partial High School,Clerical,North America,Bremerton,Washington,United States
5479,16478,"Gray, Adrian",Partial College,Skilled Manual,North America,Oakland,California,United States
5486,16485,"Foster, Ian",Partial High School,Clerical,North America,Burbank,California,United States
5499,16498,"Jones, Hunter",Partial College,Skilled Manual,North America,Issaquah,Washington,United States
5500,16499,"Kelly, Danielle",High School,Skilled Manual,North America,Lynnwood,Washington,United States
5501,16500,"Perry, Chloe",High School,Skilled Manual,North America,Renton,Washington,United States
5502,16501,"Wood, Vanessa",High School,Skilled Manual,North America,Seattle,Washington,United States
5503,16502,"Parker, Jackson",High School,Skilled Manual,North America,Woodburn,Oregon,United States
5505,16504,"Russell, Justin",High School,Skilled Manual,North America,San Diego,California,United States
5506,16505,"Gray, Erin",High School,Skilled Manual,North America,Fremont,California,United States
5535,16534,"Holt, Claudia",Graduate Degree,Clerical,Europe,Munich,Bavaria,Germany
5538,16537,"Dominguez, Arthur",Partial College,Manual,Europe,Saarbrücken,Saar,Germany
5539,16538,"Liang, Stacey",Partial College,Manual,Europe,Frankfurt,Hesse,Germany
5540,16539,"Li, Christy",Partial College,Manual,Europe,Hof,Bavaria,Germany
5541,16540,"Browning, Theodore",Partial College,Manual,Europe,Salzgitter,Lower Saxony,Germany
5550,16549,"Moreno, Linda",Bachelors,Clerical,Europe,Berlin,Berlin,Germany
5553,16552,"Sanchez, Joe",Bachelors,Clerical,Europe,Leipzig,Saxony,Germany
5557,16556,"Butler, Angelica",Partial College,Manual,Europe,Werne,North Rhine-Westphalia,Germany
5559,16558,"Sara, Preston",Partial College,Manual,Europe,Stuttgart,Baden-Wuerttemberg,Germany
5566,16565,"Anand, Corey",Graduate Degree,Clerical,Europe,Darmstadt,Hesse,Germany
5568,16567,"Lopez, Erick",Graduate Degree,Skilled Manual,Europe,Saarlouis,Saar,Germany
5569,16568,"Coleman, Caroline",Graduate Degree,Clerical,Europe,Kassel,Hesse,Germany
5573,16572,"Xu, Jon",High School,Manual,Europe,Berlin,Berlin,Germany
5579,16578,"Weber, Stefanie",Bachelors,Management,Europe,Darmstadt,Hesse,Germany
5583,16582,"Torres, Frank",High School,Professional,Europe,Berlin,Berlin,Germany
5584,16583,"Martinez, Justin",High School,Professional,Europe,Frankfurt,Hesse,Germany
5588,16587,"Martinez, Zachary",Bachelors,Management,Europe,Solingen,North Rhine-Westphalia,Germany
5598,16597,"Xu, Kelli",Partial College,Professional,Europe,Salzgitter,Lower Saxony,Germany
5604,16603,"Seely, Scott",Partial High School,Professional,Europe,Munich,Bavaria,Germany
5605,16604,"Serrano, Roy",High School,Management,Europe,Sulzbach Taunus,Saar,Germany
5643,16642,"Mitchell, Mason",Bachelors,Management,North America,Yakima,Washington,United States
5645,16644,"Goel, Leonard",Graduate Degree,Management,North America,Burbank,California,United States
5648,16647,"Alexander, Anna",Graduate Degree,Management,North America,Daly City,California,United States
5649,16648,"Coleman, Rachel",Bachelors,Management,North America,Glendale,California,United States
5651,16650,"Green, Kaitlyn",Graduate Degree,Management,North America,Oregon City,Oregon,United States
5652,16651,"Martinez, Abigail",Bachelors,Management,North America,Issaquah,Washington,United States
5669,16668,"Malhotra, Levi",High School,Professional,North America,Chicago,Illinois,United States
5677,16676,"Perry, Amanda",Graduate Degree,Management,North America,Grossmont,California,United States
5678,16677,"Hughes, Jack",Graduate Degree,Management,North America,Los Angeles,California,United States
5715,16714,"Nicholls, Dalton",High School,Skilled Manual,North America,National City,California,United States
5716,16715,"Ramirez, Katelyn",High School,Skilled Manual,North America,Mill Valley,California,United States
5717,16716,"Henderson, Jose",High School,Skilled Manual,North America,Puyallup,Washington,United States
5721,16720,"Perry, Morgan",High School,Skilled Manual,North America,Burbank,California,United States
5723,16722,"Gray, Sean",High School,Skilled Manual,North America,Puyallup,Washington,United States
5724,16723,"Zhao, Barbara",High School,Skilled Manual,North America,Burlingame,California,United States
5725,16724,"Yang, Gabriel",High School,Skilled Manual,North America,Newport Beach,California,United States
5726,16725,"Williams, Jacob",High School,Skilled Manual,North America,Issaquah,Washington,United States
5727,16726,"Wood, Miguel",High School,Skilled Manual,North America,El Cajon,California,United States
5728,16727,"Johnston, Charles",High School,Skilled Manual,North America,Lynnwood,Washington,United States
5729,16728,"Morris, Cole",High School,Skilled Manual,North America,Milwaukie,Oregon,United States
5733,16732,"Flores, Natalie",High School,Skilled Manual,North America,Port Orchard,Washington,United States
5736,16735,"Hayes, Melissa",High School,Skilled Manual,North America,Lynnwood,Washington,United States
5737,16736,"Alexander, Kelly",High School,Skilled Manual,North America,Port Orchard,Washington,United States
5738,16737,"Selikoff, Steven",High School,Skilled Manual,North America,Burien,Washington,United States
5750,16749,"Coleman, Aaron",Partial College,Skilled Manual,North America,Santa Monica,California,United States
5751,16750,"Sanders, Seth",Partial College,Skilled Manual,North America,Torrance,California,United States
5758,16757,"Cox, Mackenzie",Graduate Degree,Management,North America,Portland,Oregon,United States
5760,16759,"Bell, Jasmine",Graduate Degree,Management,North America,San Francisco,California,United States
5761,16760,"Alexander, Sydney",Graduate Degree,Skilled Manual,North America,Santa Monica,California,United States
5762,16761,"Ward, Angel",Partial College,Clerical,North America,Everett,Washington,United States
5763,16762,"Ferrier, Franklin",Graduate Degree,Skilled Manual,North America,Burien,Washington,United States
5766,16765,"White, Dalton",Graduate Degree,Skilled Manual,North America,Yakima,Washington,United States
5767,16766,"Arun, Summer",Graduate Degree,Skilled Manual,North America,Beverly Hills,California,United States
5768,16767,"Liu, Rafael",Graduate Degree,Skilled Manual,North America,Burbank,California,United States
5769,16768,"Barnes, Eduardo",Graduate Degree,Skilled Manual,North America,Concord,California,United States
5770,16769,"Walker, Tyler",Graduate Degree,Skilled Manual,North America,Downey,California,United States
5771,16770,"Rogers, Charles",Graduate Degree,Skilled Manual,North America,Lakewood,California,United States
5775,16774,"Perry, Eduardo",Graduate Degree,Skilled Manual,North America,Yakima,Washington,United States
5776,16775,"Russell, Sarah",Graduate Degree,Professional,North America,Colma,California,United States
5777,16776,"Lewis, Dalton",Bachelors,Skilled Manual,North America,Bellingham,Washington,United States
5778,16777,"Simmons, Cameron",Bachelors,Management,North America,Milwaukie,Oregon,United States
5779,16778,"Hayes, Blake",Graduate Degree,Management,North America,Burbank,California,United States
5780,16779,"Watson, Morgan",Bachelors,Management,North America,West Covina,California,United States
5781,16780,"Bailey, Carlos",Bachelors,Management,North America,Puyallup,Washington,United States
5782,16781,"Chen, Dylan",Bachelors,Management,North America,El Cajon,California,United States
5783,16782,"Clark, Lucas",Bachelors,Management,North America,Port Orchard,Washington,United States
5784,16783,"Barnes, Grace",Bachelors,Management,North America,Tacoma,Washington,United States
5786,16785,"Lee, Christian",Bachelors,Management,North America,Tacoma,Washington,United States
5787,16786,"Reed, Lucas",Bachelors,Management,North America,Los Angeles,California,United States
5788,16787,"Jackson, Nicole",Bachelors,Management,North America,Bellflower,California,United States
5789,16788,"Gao, Ronnie",Bachelors,Management,North America,Burlingame,California,United States
5790,16789,"Harris, Jennifer",Bachelors,Management,North America,Seattle,Washington,United States
5791,16790,"Lopez, Hunter",Bachelors,Management,North America,Portland,Oregon,United States
5793,16792,"Torres, Maria",Bachelors,Management,North America,Long Beach,California,United States
5794,16793,"Hernandez, Savannah",Bachelors,Management,North America,Santa Cruz,California,United States
5795,16794,"Cook, Taylor",Bachelors,Management,North America,Redmond,Washington,United States
5796,16795,"Garcia, Regina",Bachelors,Management,North America,Berkeley,California,United States
5813,16812,"Richardson, Alexa",Partial College,Professional,North America,Imperial Beach,California,United States
5814,16813,"Diaz, Carson",Partial College,Professional,North America,Lakewood,California,United States
5815,16814,"Collins, Isabella",Partial College,Professional,North America,National City,California,United States
5816,16815,"Brown, Jacob",Partial College,Professional,North America,Novato,California,United States
5817,16816,"Miller, Julia",Partial College,Professional,North America,Redwood City,California,United States
5818,16817,"Peterson, Evan",Partial College,Professional,North America,San Diego,California,United States
5819,16818,"Reed, Gabrielle",Partial College,Professional,North America,Spring Valley,California,United States
5820,16819,"Cox, Dalton",Partial College,Professional,North America,Issaquah,Washington,United States
5822,16821,"Carter, Mary",Bachelors,Management,Europe,Solingen,North Rhine-Westphalia,Germany
5825,16824,"Munoz, Randall",High School,Professional,Europe,Berlin,Berlin,Germany
5826,16825,"Zeng, Susan",High School,Professional,Europe,Bottrop,North Rhine-Westphalia,Germany
5827,16826,"Vazquez, Roberto",Partial College,Professional,Europe,Solingen,North Rhine-Westphalia,Germany
5831,16830,"Hall, Alexandra",Partial College,Professional,Europe,Solingen,North Rhine-Westphalia,Germany
5833,16832,"Parker, Isaiah",Graduate Degree,Management,North America,Renton,Washington,United States
5834,16833,"Cooper, Richard",Graduate Degree,Management,North America,Glendale,California,United States
5836,16835,"Nelson, Noah",Graduate Degree,Management,North America,Burien,Washington,United States
5839,16838,"Griffin, Jonathan",Bachelors,Management,North America,Chula Vista,California,United States
5840,16839,"Ross, Julia",Graduate Degree,Management,North America,West Covina,California,United States
5843,16842,"Yang, Jenny",Bachelors,Management,North America,Burbank,California,United States
5844,16843,"Ramos, Jimmy",Graduate Degree,Management,North America,Concord,California,United States
5845,16844,"Robinson, Emma",Bachelors,Management,North America,Torrance,California,United States
5846,16845,"Adams, Andrea",Graduate Degree,Management,North America,West Covina,California,United States
5851,16850,"Jenkins, Jessica",Partial College,Professional,North America,Spokane,Washington,United States
5852,16851,"Hayes, Kevin",Partial College,Professional,North America,Bellflower,California,United States
5853,16852,"She, Kate",Bachelors,Management,North America,Burlingame,California,United States
5854,16853,"Bailey, Christina",Bachelors,Management,North America,Colma,California,United States
5855,16854,"Adams, Seth",Graduate Degree,Management,North America,Woodland Hills,California,United States
5857,16856,"Rivera, Erin",Partial College,Professional,North America,Bremerton,Washington,United States
5858,16857,"Munoz, Lawrence",Partial College,Professional,North America,Burien,Washington,United States
5859,16858,"Lopez, Jan",Partial College,Professional,North America,Everett,Washington,United States
5860,16859,"Kumar, Jack",Partial College,Professional,North America,Puyallup,Washington,United States
5861,16860,"Rogers, Haley",Bachelors,Management,North America,Beverly Hills,California,United States
5862,16861,"Sharma, Luis",Bachelors,Management,North America,Lakewood,California,United States
5863,16862,"Nelson, Timothy",Bachelors,Management,North America,National City,California,United States
5864,16863,"Clark, Kaitlyn",Partial College,Professional,North America,Beaverton,Oregon,United States
5865,16864,"Ramirez, Grace",Partial College,Professional,North America,Yakima,Washington,United States
5866,16865,"Diaz, Jordyn",High School,Professional,North America,Coronado,California,United States
5867,16866,"Parker, Alexandra",Bachelors,Management,North America,Grossmont,California,United States
5868,16867,"King, Katelyn",Bachelors,Management,North America,Redwood City,California,United States
5869,16868,"Jackson, Xavier",Bachelors,Management,North America,Spring Valley,California,United States
5870,16869,"Patterson, Vanessa",Graduate Degree,Management,North America,Torrance,California,United States
5872,16871,"Clark, Anna",High School,Professional,North America,Santa Monica,California,United States
5873,16872,"Taylor, Samuel",Partial High School,Skilled Manual,North America,Redwood City,California,United States
5875,16874,"Munoz, Leslie",Bachelors,Management,North America,Concord,California,United States
5876,16875,"Diaz, Samantha",Bachelors,Management,North America,Coronado,California,United States
5878,16877,"Adams, Katelyn",Graduate Degree,Management,North America,Ballard,Washington,United States
5879,16878,"Young, Devin",Graduate Degree,Management,North America,Corvallis,Oregon,United States
5880,16879,"Taylor, Morgan",Graduate Degree,Management,North America,Milwaukie,Oregon,United States
5881,16880,"Patel, Edgar",Graduate Degree,Management,North America,Chula Vista,California,United States
5882,16881,"Alonso, Ruben",Graduate Degree,Management,North America,Colma,California,United States
5883,16882,"Young, Robert",Partial College,Professional,North America,Milwaukie,Oregon,United States
5884,16883,"Davis, Tyler",High School,Professional,North America,Lakewood,California,United States
5885,16884,"Miller, Richard",High School,Professional,North America,Yakima,Washington,United States
5886,16885,"Cook, Garrett",Partial High School,Skilled Manual,North America,Salem,Oregon,United States
5887,16886,"Flores, Aidan",Partial High School,Skilled Manual,North America,Portland,Oregon,United States
5888,16887,"Rivera, Cody",Partial High School,Skilled Manual,North America,Lemon Grove,California,United States
5889,16888,"Hughes, Arianna",Partial High School,Skilled Manual,North America,El Cajon,California,United States
5890,16889,"Rodriguez, Daniel",Partial High School,Skilled Manual,North America,Torrance,California,United States
5891,16890,"Reed, Timothy",Partial High School,Skilled Manual,North America,Puyallup,Washington,United States
5892,16891,"Gonzales, Natalie",High School,Professional,North America,National City,California,United States
5893,16892,"Evans, Rebecca",High School,Professional,North America,Bellflower,California,United States
5894,16893,"Howard, Isaac",Graduate Degree,Management,North America,Walla Walla,Washington,United States
5895,16894,"Walker, Abigail",Graduate Degree,Management,North America,Salem,Oregon,United States
5896,16895,"Gonzales, Chloe",Partial College,Professional,North America,Lemon Grove,California,United States
5897,16896,"Perez, Natalie",Partial College,Professional,North America,El Cajon,California,United States
5898,16897,"Torres, Lauren",Partial College,Professional,North America,Los Angeles,California,United States
5899,16898,"Reed, Angel",Partial College,Professional,North America,West Covina,California,United States
5900,16899,"Sanchez, Whitney",Graduate Degree,Management,North America,Burien,Washington,United States
5901,16900,"Jones, Miguel",Graduate Degree,Management,North America,San Diego,California,United States
5902,16901,"Munoz, Ricky",Bachelors,Management,North America,Concord,California,United States
5904,16903,"Wright, Ian",Graduate Degree,Management,North America,Santa Cruz,California,United States
5905,16904,"Bailey, Arianna",Graduate Degree,Management,North America,Grossmont,California,United States
5906,16905,"Stewart, Janet",Bachelors,Management,North America,Imperial Beach,California,United States
5908,16907,"Hall, Sarah",Graduate Degree,Management,North America,National City,California,United States
5909,16908,"Patel, Kristi",Graduate Degree,Management,North America,Burien,Washington,United States
5910,16909,"Walker, Chloe",Bachelors,Management,North America,Long Beach,California,United States
5912,16911,"Patterson, Caleb",Bachelors,Management,North America,Everett,Washington,United States
5913,16912,"Patterson, Dalton",Bachelors,Management,North America,Olympia,Washington,United States
5914,16913,"Flores, Marcus",Graduate Degree,Management,North America,Salem,Oregon,United States
5917,16916,"Dominguez, Cheryl",Graduate Degree,Management,North America,Bluffton,South Carolina,United States
5918,16917,"Subram, Brett",Bachelors,Management,North America,Beverly Hills,California,United States
5924,16923,"Gonzales, Connor",Partial College,Skilled Manual,North America,Kirkland,Washington,United States
5925,16924,"Price, Julia",Partial College,Skilled Manual,North America,Concord,California,United States
5926,16925,"Patterson, Spencer",Partial College,Skilled Manual,North America,Daly City,California,United States
5940,16939,"Evans, Bailey",Partial College,Manual,Europe,Erlangen,Bavaria,Germany
5941,16940,"Zeng, Jenny",Bachelors,Clerical,Europe,Paderborn,North Rhine-Westphalia,Germany
5942,16941,"Yang, Amy",Partial College,Manual,Europe,Sulzbach Taunus,Saar,Germany
5944,16943,"Garcia, Veronica",Bachelors,Clerical,Europe,Darmstadt,Hesse,Germany
5945,16944,"Raji, Alejandro",Bachelors,Clerical,Europe,Paderborn,North Rhine-Westphalia,Germany
5948,16947,"Stewart, Savannah",Bachelors,Skilled Manual,North America,Santa Cruz,California,United States
5950,16949,"Flores, Luis",Bachelors,Skilled Manual,North America,Lemon Grove,California,United States
5963,16962,"Coleman, Zachary",Graduate Degree,Professional,North America,Fremont,California,United States
5964,16963,"Hughes, Faith",Graduate Degree,Professional,North America,Mill Valley,California,United States
5966,16965,"Romero, Kristi",Bachelors,Skilled Manual,North America,Chula Vista,California,United States
5967,16966,"Diaz, Amanda",High School,Skilled Manual,North America,Lincoln Acres,California,United States
5968,16967,"Hernandez, Noah",Graduate Degree,Professional,North America,Oregon City,Oregon,United States
5969,16968,"Griffin, Ian",Graduate Degree,Professional,North America,San Diego,California,United States
5970,16969,"Turner, Jackson",Graduate Degree,Professional,North America,Santa Monica,California,United States
5971,16970,"Foster, Katherine",Bachelors,Skilled Manual,North America,Redmond,Washington,United States
5974,16973,"Collins, Katherine",Bachelors,Skilled Manual,North America,Bellflower,California,United States
5975,16974,"Rivera, Paige",Bachelors,Skilled Manual,North America,Burien,Washington,United States
5976,16975,"Lee, Benjamin",Bachelors,Skilled Manual,North America,Salem,Oregon,United States
5977,16976,"Xu, Sandra",Bachelors,Skilled Manual,North America,Berkeley,California,United States
5978,16977,"Adams, Noah",Graduate Degree,Professional,North America,El Cajon,California,United States
5979,16978,"Rivera, Jeremy",Graduate Degree,Professional,North America,Tacoma,Washington,United States
5980,16979,"Rogers, Kaitlyn",Graduate Degree,Professional,North America,Lincoln Acres,California,United States
5981,16980,"Moore, Jill",Graduate Degree,Professional,North America,Tacoma,Washington,United States
5982,16981,"Simmons, Hunter",Graduate Degree,Professional,North America,Lake Oswego,Oregon,United States
5983,16982,"Lopez, Jillian",Graduate Degree,Professional,North America,Beverly Hills,California,United States
5984,16983,"Collins, Gabriel",Graduate Degree,Professional,North America,Woodland Hills,California,United States
5985,16984,"Moreno, Rodney",Bachelors,Professional,North America,Concord,California,United States
5986,16985,"Li, Adam",Bachelors,Skilled Manual,North America,Oregon City,Oregon,United States
5987,16986,"Adams, Sara",Bachelors,Skilled Manual,North America,Milwaukie,Oregon,United States
5989,16988,"Bailey, Brian",Bachelors,Skilled Manual,North America,Oakland,California,United States
5990,16989,"Richardson, Emma",Bachelors,Skilled Manual,North America,Everett,Washington,United States
5991,16990,"Griffin, Zachary",Graduate Degree,Professional,North America,San Diego,California,United States
5992,16991,"Henderson, Brianna",Bachelors,Skilled Manual,North America,Edmonds,Washington,United States
6000,16999,"Kelly, Chloe",Bachelors,Skilled Manual,North America,West Covina,California,United States
6001,17000,"Henderson, Miranda",Bachelors,Skilled Manual,North America,Chula Vista,California,United States
6002,17001,"Moore, Ashley",Bachelors,Skilled Manual,North America,Sedro Woolley,Washington,United States
6003,17002,"Martin, Dylan",Bachelors,Professional,North America,Oregon City,Oregon,United States
6004,17003,"Dominguez, Joanna",Bachelors,Professional,North America,Berkeley,California,United States
6005,17004,"Torres, Krista",Bachelors,Professional,North America,Beverly Hills,California,United States
6006,17005,"Anand, Priscilla",Bachelors,Professional,North America,Chula Vista,California,United States
6007,17006,"Williams, Hunter",Bachelors,Professional,North America,Woodburn,Oregon,United States
6008,17007,"Hayes, Samuel",Bachelors,Professional,North America,Daly City,California,United States
6009,17008,"Turner, Connor",Bachelors,Professional,North America,National City,California,United States
6010,17009,"Butler, Wyatt",Bachelors,Professional,North America,National City,California,United States
6011,17010,"James, Brianna",Bachelors,Professional,North America,San Gabriel,California,United States
6012,17011,"Hill, Sara",Graduate Degree,Professional,North America,Spring Valley,California,United States
6013,17012,"Collins, Joan",Graduate Degree,Professional,North America,Lakewood,California,United States
6014,17013,"Mitchell, Gabriella",Bachelors,Professional,North America,Salem,Oregon,United States
6015,17014,"Harris, Michael",Bachelors,Professional,North America,Santa Cruz,California,United States
6016,17015,"Patterson, Kelly",Bachelors,Professional,North America,Tacoma,Washington,United States
6017,17016,"Hughes, Hailey",Bachelors,Professional,North America,San Francisco,California,United States
6018,17017,"Jones, Jeremiah",Partial College,Skilled Manual,North America,Puyallup,Washington,United States
6019,17018,"Guo, Mandy",High School,Skilled Manual,North America,Cedar Park,Texas,United States
6020,17019,"Hall, Andrea",High School,Skilled Manual,North America,Beaverton,Oregon,United States
6021,17020,"Bryant, Ashley",High School,Skilled Manual,North America,Edmonds,Washington,United States
6022,17021,"Reed, Nicole",Partial College,Skilled Manual,North America,La Jolla,California,United States
6023,17022,"Morgan, Karen",Partial College,Skilled Manual,North America,San Gabriel,California,United States
6025,17024,"Diaz, Jacqueline",Partial College,Skilled Manual,North America,Lemon Grove,California,United States
6029,17028,"Richardson, Grace",Partial College,Skilled Manual,North America,Renton,Washington,United States
6030,17029,"Xu, Suzanne",Partial College,Skilled Manual,North America,Burbank,California,United States
6031,17030,"Russell, Emily",Partial College,Skilled Manual,North America,Los Angeles,California,United States
6032,17031,"Thomas, Grace",Bachelors,Professional,North America,Fremont,California,United States
6033,17032,"Flores, Alexandria",Bachelors,Professional,North America,Burbank,California,United States
6034,17033,"Long, Carson",Bachelors,Professional,North America,Chula Vista,California,United States
6036,17035,"Flores, Jordan",Bachelors,Professional,North America,Yakima,Washington,United States
6039,17038,"Wang, Ernest",Graduate Degree,Professional,North America,Coronado,California,United States
6040,17039,"Watson, Ariana",Bachelors,Professional,North America,Long Beach,California,United States
6041,17040,"Henderson, Adam",Bachelors,Professional,North America,Everett,Washington,United States
6042,17041,"Perry, Connor",Bachelors,Professional,North America,Olympia,Washington,United States
6083,17082,"Smith, Morgan",Partial College,Clerical,Europe,Hamburg,Hamburg,Germany
6084,17083,"Raje, Priscilla",Partial College,Clerical,Europe,Paderborn,North Rhine-Westphalia,Germany
6087,17086,"Anderson, Xavier",High School,Manual,Europe,Bottrop,North Rhine-Westphalia,Germany
6090,17089,"Zhu, Crystal",Partial High School,Manual,Europe,Hamburg,Hamburg,Germany
6091,17090,"Alvarez, Leslie",Partial High School,Manual,Europe,Bonn,North Rhine-Westphalia,Germany
6092,17091,"Patel, Tammy",Partial High School,Manual,Europe,Dusseldorf,North Rhine-Westphalia,Germany
6093,17092,"Beck, Devon",Bachelors,Skilled Manual,Europe,Berlin,Berlin,Germany
6094,17093,"Sanchez, Seth",Bachelors,Skilled Manual,Europe,Paderborn,North Rhine-Westphalia,Germany
6097,17096,"Bennett, Samantha",Partial High School,Manual,Europe,Hof,Bavaria,Germany
6101,17100,"Wang, Vincent",High School,Manual,Europe,Paderborn,North Rhine-Westphalia,Germany
6103,17102,"Goel, Andres",High School,Manual,Europe,Sulzbach Taunus,Saar,Germany
6104,17103,"Xu, Franklin",Partial College,Clerical,Europe,Berlin,Berlin,Germany
6105,17104,"Rodriguez, Clifford",Partial College,Clerical,Europe,Munich,Bavaria,Germany
6108,17107,"Yuan, Priscilla",Partial High School,Manual,Europe,Werne,North Rhine-Westphalia,Germany
6112,17111,"Chande, Jenny",Partial College,Clerical,Europe,Berlin,Berlin,Germany
6114,17113,"Pal, Clarence",Partial College,Clerical,Europe,Offenbach am Main,Hesse,Germany
6115,17114,"Mehta, Jarrod",Partial College,Clerical,Europe,Sulzbach Taunus,Saar,Germany
6119,17118,"Blue, Sara",Graduate Degree,Skilled Manual,North America,Bremerton,Washington,United States
6121,17120,"Raje, Michele",Graduate Degree,Skilled Manual,North America,Clay,New York,United States
6122,17121,"Bryant, Lucas",Graduate Degree,Skilled Manual,North America,Seattle,Washington,United States
6123,17122,"Gonzalez, Gabrielle",Graduate Degree,Skilled Manual,North America,Bellflower,California,United States
6124,17123,"Romero, Pedro",Bachelors,Skilled Manual,North America,Colma,California,United States
6125,17124,"Madan, Kaitlin",Bachelors,Skilled Manual,North America,Burien,Washington,United States
6128,17127,"Gray, Makayla",High School,Professional,North America,Puyallup,Washington,United States
6129,17128,"Alexander, Fernando",High School,Professional,North America,Torrance,California,United States
6130,17129,"Powell, Gabrielle",High School,Professional,North America,Coronado,California,United States
6131,17130,"Turner, Janet",Bachelors,Management,North America,National City,California,United States
6132,17131,"Henderson, Lauren",Bachelors,Management,North America,Seattle,Washington,United States
6133,17132,"James, Isabella",Bachelors,Management,North America,Tacoma,Washington,United States
6134,17133,"Kelly, Lucas",Bachelors,Management,North America,Marysville,Washington,United States
6135,17134,"Mehta, Tabitha",Bachelors,Management,North America,Bellingham,Washington,United States
6136,17135,"Edwards, Richard",Bachelors,Management,North America,Woodburn,Oregon,United States
6137,17136,"Ye, Glenn",Bachelors,Management,North America,Beaverton,Oregon,United States
6138,17137,"Washington, Jason",Bachelors,Management,North America,Issaquah,Washington,United States
6139,17138,"Jenkins, Melanie",Bachelors,Management,North America,El Cajon,California,United States
6140,17139,"Rivera, Jade",Partial College,Professional,North America,San Carlos,California,United States
6141,17140,"Peterson, Sean",Partial College,Professional,North America,Redmond,Washington,United States
6142,17141,"Rogers, Makayla",Partial College,Professional,North America,Salem,Oregon,United States
6143,17142,"Flores, Seth",Bachelors,Management,North America,Glendale,California,United States
6145,17144,"Griffin, Luis",Partial College,Professional,North America,Burien,Washington,United States
6146,17145,"Bennett, Sarah",Partial College,Professional,North America,Concord,California,United States
6147,17146,"Cook, Juan",Bachelors,Management,North America,Glendale,California,United States
6150,17149,"Richardson, Steven",Partial College,Professional,North America,Marysville,Washington,United States
6151,17150,"Wright, Wyatt",Partial College,Professional,North America,Milwaukie,Oregon,United States
6152,17151,"Alexander, Jasmine",Partial College,Professional,North America,Puyallup,Washington,United States
6159,17158,"Nara, Mitchell",Partial College,Professional,North America,Bellingham,Washington,United States
6160,17159,"Ruiz, Kellie",Partial College,Professional,North America,Bellingham,Washington,United States
6161,17160,"Andersen, Louis",Partial College,Professional,North America,Bremerton,Washington,United States
6162,17161,"Lopez, Katherine",Partial College,Professional,North America,Kirkland,Washington,United States
6163,17162,"Blue, Rachel",Partial College,Professional,North America,Milwaukie,Oregon,United States
6164,17163,"Adams, Edward",Partial College,Professional,North America,Berkeley,California,United States
6165,17164,"Clark, Ryan",Partial College,Professional,North America,Burlingame,California,United States
6166,17165,"Gonzalez, Isaac",Partial College,Professional,North America,Lakewood,California,United States
6167,17166,"Several, Joshua",High School,Professional,North America,Beaverton,Oregon,United States
6168,17167,"Jenkins, Thomas",High School,Professional,North America,Bremerton,Washington,United States
6169,17168,"Perez, Jada",High School,Professional,North America,Port Orchard,Washington,United States
6170,17169,"Taylor, Emily",Partial College,Professional,North America,Burlingame,California,United States
6171,17170,"James, Jasmine",Partial College,Professional,North America,Fremont,California,United States
6172,17171,"Clark, Katherine",Partial College,Professional,North America,Spring Valley,California,United States
6173,17172,"Adams, Jesse",Partial High School,Skilled Manual,North America,Lemon Grove,California,United States
6174,17173,"Bryant, David",Partial High School,Skilled Manual,North America,Berkeley,California,United States
6175,17174,"Wood, Angelica",Partial High School,Skilled Manual,North America,Coronado,California,United States
6177,17176,"Ward, Isaac",Partial High School,Skilled Manual,North America,Coronado,California,United States
6178,17177,"Hayes, Richard",High School,Professional,North America,Lincoln Acres,California,United States
6179,17178,"Liang, Trisha",High School,Professional,North America,Beverly Hills,California,United States
6180,17179,"Henderson, James",High School,Professional,North America,El Cajon,California,United States
6181,17180,"Rogers, Timothy",Partial College,Professional,North America,Issaquah,Washington,United States
6182,17181,"Lal, Jenny",Bachelors,Management,Europe,Stuttgart,Baden-Wuerttemberg,Germany
6184,17183,"Sanchez, Shane",Partial College,Professional,Europe,Dusseldorf,North Rhine-Westphalia,Germany
6185,17184,"Dominguez, Eddie",Partial College,Professional,Europe,Saarbrücken,Saar,Germany
6190,17189,"Goel, Clarence",Partial College,Professional,Europe,Berlin,Berlin,Germany
6191,17190,"Rana, Ebony",Partial High School,Professional,Europe,Kiel,Schleswig-Holstein,Germany
6192,17191,"Guo, Gilbert",Partial College,Professional,Europe,Munich,Bavaria,Germany
6195,17194,"Thompson, Wyatt",Partial College,Professional,Europe,Werne,North Rhine-Westphalia,Germany
6198,17197,"Nara, Mindy",Partial College,Professional,Europe,Darmstadt,Hesse,Germany
6199,17198,"Jiménez, Cheryl",Partial College,Professional,Europe,Hamburg,Hamburg,Germany
6200,17199,"Zhou, Dennis",High School,Professional,Europe,Berlin,Berlin,Germany
6201,17200,"She, Russell",Partial College,Professional,Europe,Dresden,Saxony,Germany
6202,17201,"Yang, Vincent",Partial College,Professional,Europe,Frankfurt,Hesse,Germany
6209,17208,"Miller, Jacob",Partial College,Professional,Europe,Ingolstadt,Bavaria,Germany
6210,17209,"James, Jacqueline",Partial College,Professional,Europe,Hof,Bavaria,Germany
6211,17210,"Deng, Karl",Partial College,Professional,Europe,Paderborn,North Rhine-Westphalia,Germany
6216,17215,"Bell, Juan",High School,Professional,Europe,Hamburg,Hamburg,Germany
6218,17217,"Gill, Raquel",Partial College,Management,Europe,Berlin,Berlin,Germany
6221,17220,"Wang, Glenn",High School,Management,Europe,Berlin,Berlin,Germany
6222,17221,"Navarro, Ricky",High School,Management,Europe,Bonn,North Rhine-Westphalia,Germany
6225,17224,"Li, Mandy",Partial High School,Skilled Manual,Europe,Saarlouis,Saar,Germany
6261,17260,"King, Sean",Partial College,Professional,North America,Lebanon,Oregon,United States
6262,17261,"Shan, Kyle",Partial College,Skilled Manual,North America,Yakima,Washington,United States
6263,17262,"Martin, Kristy",Partial College,Skilled Manual,North America,Bellflower,California,United States
6265,17264,"Smith, Ian",Graduate Degree,Professional,North America,Port Orchard,Washington,United States
6266,17265,"Flores, Grace",Graduate Degree,Professional,North America,Imperial Beach,California,United States
6267,17266,"Hall, Elijah",Graduate Degree,Professional,North America,Sedro Woolley,Washington,United States
6268,17267,"Stewart, Abigail",Partial College,Skilled Manual,North America,Oakland,California,United States
6269,17268,"Hughes, Alyssa",Partial College,Skilled Manual,North America,Burien,Washington,United States
6270,17269,"Russell, Kevin",Bachelors,Professional,North America,Olympia,Washington,United States
6271,17270,"Parker, Jack",Bachelors,Professional,North America,Palo Alto,California,United States
6272,17271,"Griffin, Sarah",Bachelors,Professional,North America,Spokane,Washington,United States
6273,17272,"Hernandez, Mary",Bachelors,Professional,North America,Corvallis,Oregon,United States
6274,17273,"Torres, Jonathon",Graduate Degree,Professional,North America,Beaverton,Oregon,United States
6275,17274,"Lu, Arturo",Graduate Degree,Professional,North America,Bremerton,Washington,United States
6276,17275,"Sanders, Ian",Graduate Degree,Professional,North America,Daly City,California,United States
6277,17276,"Jenkins, Elijah",Graduate Degree,Management,North America,Marysville,Washington,United States
6336,17335,"Gonzales, Miguel",High School,Skilled Manual,North America,Bellflower,California,United States
6337,17336,"Sanchez, Chase",High School,Skilled Manual,North America,Coronado,California,United States
6340,17339,"Hayes, Ian",High School,Skilled Manual,North America,Beaverton,Oregon,United States
6341,17340,"Hernandez, Joy",High School,Skilled Manual,North America,Beaverton,Oregon,United States
6342,17341,"Alonso, Andy",High School,Skilled Manual,North America,Bellingham,Washington,United States
6343,17342,"Jones, William",Partial High School,Clerical,North America,Everett,Washington,United States
6344,17343,"Price, Tristan",Partial High School,Clerical,North America,Yakima,Washington,United States
6345,17344,"Kelly, Timothy",High School,Skilled Manual,North America,Novato,California,United States
6350,17349,"Kennedy, Cassie",High School,Skilled Manual,North America,Ballard,Washington,United States
6357,17356,"Evans, Mary",High School,Skilled Manual,North America,Lake Oswego,Oregon,United States
6358,17357,"Miller, Brandon",High School,Skilled Manual,North America,Olympia,Washington,United States
6359,17358,"Bell, Sydney",Partial College,Skilled Manual,North America,West Covina,California,United States
6360,17359,"Flores, María",High School,Skilled Manual,North America,Seattle,Washington,United States
6362,17361,"Harris, Blake",Partial College,Skilled Manual,North America,Bellingham,Washington,United States
6363,17362,"Collins, Miguel",Bachelors,Management,North America,Olympia,Washington,United States
6364,17363,"Harris, Benjamin",Bachelors,Management,North America,Imperial Beach,California,United States
6365,17364,"Perry, Ian",Bachelors,Management,North America,Lakewood,California,United States
6366,17365,"Patterson, Thomas",Bachelors,Management,North America,Kirkland,Washington,United States
6367,17366,"Harris, Devin",Bachelors,Management,North America,Fremont,California,United States
6368,17367,"Cooper, Trinity",Bachelors,Management,North America,Milwaukie,Oregon,United States
6369,17368,"Xie, Alisha",Partial College,Skilled Manual,North America,Bellingham,Washington,United States
6370,17369,"Brown, Ethan",Partial College,Skilled Manual,North America,Lincoln Acres,California,United States
6377,17376,"She, Jaclyn",Partial College,Skilled Manual,North America,Burien,Washington,United States
6378,17377,"Wood, Isabel",Partial College,Skilled Manual,North America,Lake Oswego,Oregon,United States
6379,17378,"Foster, Zachary",Partial College,Skilled Manual,North America,Lebanon,Oregon,United States
6380,17379,"Morgan, Alexandra",Partial College,Skilled Manual,North America,Portland,Oregon,United States
6381,17380,"Adams, Nathan",Partial College,Skilled Manual,North America,Berkeley,California,United States
6383,17382,"Allen, Blake",Graduate Degree,Skilled Manual,North America,Oakland,California,United States
6384,17383,"Ortega, Craig",Graduate Degree,Skilled Manual,North America,Beaverton,Oregon,United States
6385,17384,"Prasad, Raymond",Graduate Degree,Skilled Manual,North America,Burlingame,California,United States
6387,17386,"Scott, Alexandra",Graduate Degree,Skilled Manual,North America,Woodburn,Oregon,United States
6390,17389,"Butler, Abigail",Bachelors,Skilled Manual,North America,Burien,Washington,United States
6391,17390,"Lewis, Blake",Graduate Degree,Skilled Manual,North America,Milwaukie,Oregon,United States
6392,17391,"Bennett, Angela",Partial College,Professional,North America,Seattle,Washington,United States
6393,17392,"Jones, Dylan",Partial College,Professional,North America,Sedro Woolley,Washington,United States
6394,17393,"Sharma, Jordan",Bachelors,Management,North America,Berkeley,California,United States
6395,17394,"Mehta, Veronica",Graduate Degree,Management,North America,Colma,California,United States
6396,17395,"Ramirez, Katherine",Graduate Degree,Management,North America,Glendale,California,United States
6397,17396,"Rodriguez, Eduardo",Graduate Degree,Management,North America,Imperial Beach,California,United States
6398,17397,"Cook, Alexandra",Graduate Degree,Management,North America,Lakewood,California,United States
6399,17398,"Lopez, Kaylee",Bachelors,Management,North America,Oakland,California,United States
6400,17399,"Sanchez, Ian",Bachelors,Management,North America,Palo Alto,California,United States
6402,17401,"Wright, Noah",Partial College,Professional,North America,Salem,Oregon,United States
6406,17405,"Wu, Tamara",Graduate Degree,Management,North America,Bremerton,Washington,United States
6407,17406,"Flores, Mariah",Graduate Degree,Management,North America,Woodburn,Oregon,United States
6408,17407,"Bryant, Elizabeth",Graduate Degree,Management,North America,Daly City,California,United States
6409,17408,"Miller, Thomas",Graduate Degree,Management,North America,Mill Valley,California,United States
6413,17412,"Carter, Kaylee",Partial College,Professional,North America,Salem,Oregon,United States
6414,17413,"Ramirez, Hailey",Partial College,Professional,North America,Tacoma,Washington,United States
6415,17414,"Garcia, Nicholas",Partial College,Professional,North America,Walla Walla,Washington,United States
6416,17415,"Beck, Dawn",Partial College,Professional,North America,Berkeley,California,United States
6417,17416,"Suri, Raymond",Partial College,Professional,North America,Berkeley,California,United States
6418,17417,"Munoz, Lee",Partial College,Professional,North America,Beverly Hills,California,United States
6419,17418,"Ramirez, Victoria",Bachelors,Management,North America,Burlingame,California,United States
6420,17419,"Reed, Brianna",Bachelors,Management,North America,Chula Vista,California,United States
6421,17420,"Hughes, Thomas",Bachelors,Management,North America,San Diego,California,United States
6422,17421,"Henderson, Katherine",Bachelors,Management,North America,Spring Valley,California,United States
6424,17423,"Alexander, Arianna",Partial College,Professional,North America,Marysville,Washington,United States
6425,17424,"Long, Spencer",Partial College,Professional,North America,Oregon City,Oregon,United States
6426,17425,"Washington, Austin",Partial College,Professional,North America,Salem,Oregon,United States
6427,17426,"Shan, Donna",Bachelors,Management,North America,Berkeley,California,United States
6428,17427,"Russell, Adam",Partial College,Professional,North America,Glendale,California,United States
6429,17428,"Perez, Xavier",Bachelors,Management,North America,San Carlos,California,United States
6430,17429,"Carter, Wyatt",Partial College,Professional,North America,Beaverton,Oregon,United States
6431,17430,"King, Edward",Partial College,Professional,North America,Bellingham,Washington,United States
6432,17431,"Kelly, Grace",Partial College,Professional,North America,Corvallis,Oregon,United States
6433,17432,"Peterson, Mariah",High School,Professional,North America,Portland,Oregon,United States
6434,17433,"Lee, Cameron",Partial College,Professional,North America,Yakima,Washington,United States
6435,17434,"Russell, Alyssa",Partial College,Professional,North America,Burlingame,California,United States
6436,17435,"Mitchell, Edward",Graduate Degree,Management,North America,Torrance,California,United States
6437,17436,"Ramirez, Evan",High School,Professional,North America,San Carlos,California,United States
6438,17437,"Baker, Natalie",High School,Professional,North America,Berkeley,California,United States
6439,17438,"Hughes, Marcus",High School,Professional,North America,Burien,Washington,United States
6440,17439,"Butler, Jasmine",Partial College,Professional,North America,Redmond,Washington,United States
6441,17440,"Cox, Richard",Partial High School,Skilled Manual,North America,Newport Beach,California,United States
6442,17441,"Turner, Natalie",Partial High School,Skilled Manual,North America,Glendale,California,United States
6444,17443,"Shen, Kristin",Graduate Degree,Management,North America,Bremerton,Washington,United States
6445,17444,"Cox, Bailey",Graduate Degree,Management,North America,Walla Walla,Washington,United States
6446,17445,"Hernandez, Natasha",Graduate Degree,Management,North America,Bellflower,California,United States
6447,17446,"Rana, Pamela",Graduate Degree,Management,North America,Beverly Hills,California,United States
6448,17447,"Lewis, Sydney",Graduate Degree,Management,North America,Concord,California,United States
6449,17448,"Hayes, Zachary",Graduate Degree,Management,North America,La Jolla,California,United States
6450,17449,"Adams, Jackson",Graduate Degree,Management,North America,Tacoma,Washington,United States
6452,17451,"Wood, Isabelle",High School,Professional,North America,Bellingham,Washington,United States
6453,17452,"Nath, Mitchell",High School,Professional,North America,Bremerton,Washington,United States
6454,17453,"Reed, Hailey",High School,Professional,North America,Lebanon,Oregon,United States
6455,17454,"Perry, Edward",Partial College,Professional,North America,Burbank,California,United States
6456,17455,"Hayes, Dylan",Partial College,Professional,North America,Concord,California,United States
6457,17456,"Wood, Trevor",Partial High School,Skilled Manual,North America,Everett,Washington,United States
6458,17457,"Allen, Katherine",Partial High School,Skilled Manual,North America,Burien,Washington,United States
6459,17458,"Collins, Jason",High School,Professional,North America,Santa Monica,California,United States
6460,17459,"Barnes, Cassidy",High School,Professional,North America,Berkeley,California,United States
6461,17460,"Murphy, Megan",High School,Professional,North America,La Jolla,California,United States
6462,17461,"Allen, Sara",High School,Professional,North America,Issaquah,Washington,United States
6463,17462,"Rogers, Jesse",Graduate Degree,Management,North America,Mill Valley,California,United States
6464,17463,"Moore, Nicholas",Graduate Degree,Management,North America,Milwaukie,Oregon,United States
6465,17464,"Rodriguez, Jeremy",Graduate Degree,Management,North America,Lake Oswego,Oregon,United States
6466,17465,"Stewart, Arianna",Partial College,Professional,North America,Olympia,Washington,United States
6467,17466,"Perez, Thomas",Graduate Degree,Management,North America,Lebanon,Oregon,United States
6468,17467,"Hayes, Wyatt",Graduate Degree,Management,North America,El Cajon,California,United States
6470,17469,"Perez, Ian",Graduate Degree,Management,North America,Berkeley,California,United States
6471,17470,"Carlson, Jaime",Graduate Degree,Management,North America,Bellflower,California,United States
6472,17471,"James, Grace",Graduate Degree,Management,North America,Seattle,Washington,United States
6473,17472,"Torres, Meredith",Graduate Degree,Management,North America,Burlingame,California,United States
6474,17473,"Blanco, Ebony",Graduate Degree,Management,North America,Bellingham,Washington,United States
6475,17474,"King, Jose",Graduate Degree,Management,North America,Torrance,California,United States
6476,17475,"Green, Jackson",Graduate Degree,Management,North America,Fremont,California,United States
6478,17477,"Griffin, Miranda",Bachelors,Management,North America,Bremerton,Washington,United States
6481,17480,"Gonzalez, Lucas",Partial College,Skilled Manual,North America,Mill Valley,California,United States
6486,17485,"Davis, Blake",Partial College,Skilled Manual,North America,Kirkland,Washington,United States
6487,17486,"Foster, Marissa",Partial College,Skilled Manual,North America,Lebanon,Oregon,United States
6488,17487,"Green, Nathan",Partial College,Skilled Manual,North America,Olympia,Washington,United States
6489,17488,"Adams, Jason",Partial College,Skilled Manual,North America,Seattle,Washington,United States
6490,17489,"Evans, Jack",Partial College,Skilled Manual,North America,Glendale,California,United States
6491,17490,"Moore, Grace",Partial College,Skilled Manual,North America,Imperial Beach,California,United States
6499,17498,"Martin, Daniel",Partial College,Skilled Manual,North America,Redwood City,California,United States
6506,17505,"Mitchell, Hunter",High School,Skilled Manual,North America,Walla Walla,Washington,United States
6519,17518,"Gill, Wendy",Partial High School,Skilled Manual,North America,Burien,Washington,United States
6521,17520,"Baker, Marcus",Partial College,Professional,North America,Burlingame,California,United States
6522,17521,"Jenkins, Destiny",High School,Professional,North America,Chula Vista,California,United States
6524,17523,"West, Jordan",Graduate Degree,Management,North America,Los Angeles,California,United States
6525,17524,"Washington, Lucas",Graduate Degree,Management,North America,Torrance,California,United States
6526,17525,"Wright, Adam",Graduate Degree,Management,North America,Concord,California,United States
6527,17526,"Gonzales, Tristan",High School,Professional,North America,Corvallis,Oregon,United States
6528,17527,"Cook, Anna",High School,Professional,North America,Portland,Oregon,United States
6529,17528,"Kapoor, Whitney",Partial College,Professional,North America,Beaverton,Oregon,United States
6530,17529,"Mitchell, Chloe",Partial College,Professional,North America,Woodburn,Oregon,United States
6531,17530,"Wood, Devin",High School,Professional,North America,Puyallup,Washington,United States
6532,17531,"Ramirez, Isaac",High School,Professional,North America,Oregon City,Oregon,United States
6533,17532,"Patterson, Nathan",High School,Professional,North America,Beverly Hills,California,United States
6534,17533,"Baker, Fernando",Partial College,Professional,North America,Bellingham,Washington,United States
6535,17534,"Griffin, Robert",Partial College,Professional,North America,Bellingham,Washington,United States
6536,17535,"Guo, Colleen",Partial College,Professional,North America,Bellingham,Washington,United States
6537,17536,"Robinson, Benjamin",Bachelors,Management,North America,El Cajon,California,United States
6538,17537,"Mitchell, Courtney",Graduate Degree,Management,North America,Torrance,California,United States
6539,17538,"Bell, Brianna",Graduate Degree,Management,North America,Torrance,California,United States
6541,17540,"Gutierrez, Gloria",High School,Skilled Manual,North America,Beaverton,Oregon,United States
6542,17541,"Zeng, Kristen",High School,Skilled Manual,North America,Bellingham,Washington,United States
6545,17544,"Rogers, Eduardo",Partial College,Skilled Manual,North America,Everett,Washington,United States
6546,17545,"Ross, Wyatt",Partial College,Skilled Manual,North America,Everett,Washington,United States
6547,17546,"James, Melanie",Partial College,Skilled Manual,North America,Long Beach,California,United States
6548,17547,"Yuan, Alejandro",High School,Skilled Manual,North America,Bellflower,California,United States
6549,17548,"Adams, Kaylee",High School,Skilled Manual,North America,Oakland,California,United States
6550,17549,"Taylor, Jonathan",Graduate Degree,Management,North America,National City,California,United States
6551,17550,"Edwards, Mason",Graduate Degree,Management,North America,Milwaukie,Oregon,United States
6553,17552,"Howard, Julia",Bachelors,Management,North America,Downey,California,United States
6554,17553,"Sanchez, Summer",Bachelors,Management,North America,Beaverton,Oregon,United States
6555,17554,"Harris, Emma",Graduate Degree,Management,North America,Beaverton,Oregon,United States
6556,17555,"Smith, William",Bachelors,Management,North America,Concord,California,United States
6557,17556,"Powell, Emily",Partial High School,Clerical,North America,Beaverton,Oregon,United States
6558,17557,"Davis, Matthew",Partial High School,Clerical,North America,Milwaukie,Oregon,United States
6560,17559,"Suarez, Kari",High School,Professional,North America,Bellflower,California,United States
6561,17560,"Richardson, Kaylee",Graduate Degree,Skilled Manual,North America,Tacoma,Washington,United States
6562,17561,"White, Samantha",Graduate Degree,Skilled Manual,North America,Bellflower,California,United States
6563,17562,"Sharma, Zachary",Graduate Degree,Professional,North America,Concord,California,United States
6564,17563,"King, Jeremiah",Graduate Degree,Professional,North America,Long Beach,California,United States
6565,17564,"West, Julia",Bachelors,Skilled Manual,North America,Burien,Washington,United States
6566,17565,"Murphy, Alexandra",Bachelors,Skilled Manual,North America,Kirkland,Washington,United States
6567,17566,"Martinez, Rachel",Bachelors,Skilled Manual,North America,Redwood City,California,United States
6568,17567,"Cook, Nathaniel",Bachelors,Skilled Manual,North America,Daly City,California,United States
6569,17568,"Perry, Dylan",Bachelors,Skilled Manual,North America,San Diego,California,United States
6570,17569,"Price, Mya",Graduate Degree,Professional,North America,Beaverton,Oregon,United States
6571,17570,"Sanchez, Carlos",Graduate Degree,Professional,North America,Burien,Washington,United States
6572,17571,"Li, James",Bachelors,Skilled Manual,North America,Colma,California,United States
6573,17572,"Edwards, Lucas",Bachelors,Skilled Manual,North America,Coronado,California,United States
6574,17573,"Ross, Caroline",Bachelors,Skilled Manual,North America,Mill Valley,California,United States
6584,17583,"Cook, Stephanie",Bachelors,Skilled Manual,North America,Bremerton,Washington,United States
6585,17584,"Liu, Lisa",Bachelors,Skilled Manual,North America,Burbank,California,United States
6588,17587,"Liang, Curtis",Graduate Degree,Professional,North America,Bremerton,Washington,United States
6589,17588,"Bennett, Gavin",Graduate Degree,Professional,North America,Everett,Washington,United States
6590,17589,"Brooks, Melanie",Graduate Degree,Professional,North America,Issaquah,Washington,United States
6591,17590,"Cox, Garrett",Graduate Degree,Professional,North America,Milwaukie,Oregon,United States
6592,17591,"Hughes, Spencer",Graduate Degree,Professional,North America,Berkeley,California,United States
6593,17592,"Sanders, Bryan",Graduate Degree,Professional,North America,Chula Vista,California,United States
6594,17593,"Butler, Richard",Graduate Degree,Professional,North America,Daly City,California,United States
6595,17594,"Cook, Michelle",Graduate Degree,Professional,North America,Lakewood,California,United States
6605,17604,"Robinson, Noah",Graduate Degree,Professional,North America,Kirkland,Washington,United States
6606,17605,"Ma, Jon",Graduate Degree,Professional,North America,Bellflower,California,United States
6607,17606,"Peterson, Jacqueline",Graduate Degree,Professional,North America,Berkeley,California,United States
6608,17607,"Gonzalez, Frederick",Bachelors,Professional,North America,Burlingame,California,United States
6609,17608,"Cooper, Carlos",Bachelors,Professional,North America,Renton,Washington,United States
6610,17609,"Davis, Charles",Bachelors,Professional,North America,Beverly Hills,California,United States
6611,17610,"White, Anna",Bachelors,Skilled Manual,North America,San Diego,California,United States
6612,17611,"Butler, Luis",Bachelors,Skilled Manual,North America,Lebanon,Oregon,United States
6613,17612,"Parker, Courtney",Bachelors,Skilled Manual,North America,Renton,Washington,United States
6615,17614,"Cook, Mason",Graduate Degree,Professional,North America,San Carlos,California,United States
6616,17615,"Long, Brittany",Bachelors,Professional,North America,Burien,Washington,United States
6617,17616,"Weisman, Daniel",Bachelors,Skilled Manual,North America,Sedro Woolley,Washington,United States
6618,17617,"Simmons, Abigail",Bachelors,Skilled Manual,North America,Downey,California,United States
6619,17618,"Liu, Ramon",Bachelors,Skilled Manual,North America,Bellingham,Washington,United States
6621,17620,"Coleman, Miranda",Bachelors,Skilled Manual,North America,Milwaukie,Oregon,United States
6622,17621,"Price, Brianna",Bachelors,Professional,North America,Long Beach,California,United States
6624,17623,"Robinson, Austin",Bachelors,Professional,North America,Santa Cruz,California,United States
6625,17624,"Alexander, Samantha",Bachelors,Professional,North America,Grossmont,California,United States
6630,17629,"Torres, Tabitha",Partial High School,Manual,Europe,Munich,Bavaria,Germany
6631,17630,"Zhang, Gilbert",Bachelors,Skilled Manual,Europe,Frankfurt,Hesse,Germany
6632,17631,"He, Cara",Bachelors,Skilled Manual,Europe,Hamburg,Hamburg,Germany
6636,17635,"Deng, Terry",High School,Manual,Europe,Salzgitter,Lower Saxony,Germany
6637,17636,"Srini, Ross",High School,Manual,Europe,Leipzig,Saxony,Germany
6638,17637,"Tang, Arturo",High School,Manual,Europe,Bonn,North Rhine-Westphalia,Germany
6641,17640,"Allen, Haley",High School,Manual,Europe,Kassel,Hesse,Germany
6653,17652,"Vazquez, Javier",Graduate Degree,Skilled Manual,Europe,Frankfurt,Hesse,Germany
6659,17658,"Howard, Jade",High School,Manual,North America,Santa Cruz,California,United States
6660,17659,"Tang, Jodi",Graduate Degree,Skilled Manual,North America,Burien,Washington,United States
6661,17660,"Young, Seth",Graduate Degree,Skilled Manual,North America,Berkeley,California,United States
6662,17661,"Smith, Natalie",Partial College,Clerical,North America,Los Angeles,California,United States
6663,17662,"Washington, Jose",Partial College,Clerical,North America,Santa Monica,California,United States
6664,17663,"Hayes, Elizabeth",High School,Clerical,North America,Burlingame,California,United States
6665,17664,"Robinson, Devin",High School,Clerical,North America,Grossmont,California,United States
6666,17665,"Jenkins, Zachary",High School,Clerical,North America,Oregon City,Oregon,United States
6667,17666,"Torres, Steven",Partial College,Clerical,North America,Lincoln Acres,California,United States
6668,17667,"Rai, Jaime",Partial College,Clerical,North America,Burbank,California,United States
6669,17668,"Peterson, Eduardo",High School,Skilled Manual,North America,Santa Monica,California,United States
6670,17669,"Rivera, Olivia",High School,Skilled Manual,North America,Sedro Woolley,Washington,United States
6671,17670,"Alexander, Gabrielle",High School,Skilled Manual,North America,Lemon Grove,California,United States
6672,17671,"Stewart, Emma",High School,Skilled Manual,North America,San Diego,California,United States
6673,17672,"Coleman, Thomas",High School,Skilled Manual,North America,Renton,Washington,United States
6674,17673,"Scott, Amber",Partial College,Clerical,North America,Mill Valley,California,United States
6675,17674,"Wang, Kevin",High School,Skilled Manual,North America,Beverly Hills,California,United States
6676,17675,"Li, Rosa",High School,Skilled Manual,North America,Bellingham,Washington,United States
6677,17676,"Yang, Eugene",High School,Skilled Manual,North America,Bellflower,California,United States
6678,17677,"Hernandez, Lawrence",Partial College,Clerical,North America,Beaverton,Oregon,United States
6679,17678,"Blanco, Julio",Partial College,Clerical,North America,Bellflower,California,United States
6680,17679,"Mehta, Joe",Partial College,Clerical,North America,Bellingham,Washington,United States
6682,17681,"Carter, Robert",Partial College,Clerical,North America,Berkeley,California,United States
6683,17682,"Ramirez, Anna",Graduate Degree,Skilled Manual,North America,Bellingham,Washington,United States
6684,17683,"Evans, Jenna",Graduate Degree,Skilled Manual,North America,Lincoln Acres,California,United States
6685,17684,"Gomez, Leslie",Graduate Degree,Skilled Manual,North America,Bellflower,California,United States
6686,17685,"Torres, Diana",Graduate Degree,Skilled Manual,North America,Beaverton,Oregon,United States
6688,17687,"Turner, Miguel",Graduate Degree,Skilled Manual,North America,Redmond,Washington,United States
6689,17688,"Subram, Pedro",Graduate Degree,Skilled Manual,North America,Bellingham,Washington,United States
6690,17689,"Young, Mary",Graduate Degree,Skilled Manual,North America,Renton,Washington,United States
6691,17690,"Gonzalez, Jenna",Graduate Degree,Skilled Manual,North America,Chula Vista,California,United States
6693,17692,"Smith, Emily",Graduate Degree,Skilled Manual,North America,Bellingham,Washington,United States
6694,17693,"Jenkins, Justin",Graduate Degree,Skilled Manual,North America,Redmond,Washington,United States
6695,17694,"Carter, Joan",Graduate Degree,Skilled Manual,North America,Lincoln Acres,California,United States
6696,17695,"Washington, Hunter",Graduate Degree,Skilled Manual,North America,San Carlos,California,United States
6697,17696,"Simmons, Madison",Graduate Degree,Skilled Manual,North America,San Gabriel,California,United States
6698,17697,"Gray, Nathaniel",Graduate Degree,Skilled Manual,North America,Downey,California,United States
6699,17698,"Butler, Xavier",Graduate Degree,Skilled Manual,North America,Spring Valley,California,United States
6700,17699,"Bell, Jesse",Graduate Degree,Skilled Manual,North America,Lake Oswego,Oregon,United States
6705,17704,"Moreno, Nelson",Graduate Degree,Manual,Europe,Essen,North Rhine-Westphalia,Germany
6708,17707,"Deng, Mindy",Bachelors,Manual,Europe,Hanover,Lower Saxony,Germany
6719,17718,"Jai, Lindsay",Graduate Degree,Clerical,Europe,Frankfurt,Hesse,Germany
6723,17722,"Serrano, Jerome",Partial College,Manual,Europe,Frankfurt,Hesse,Germany
6739,17738,"Deng, Nicolas",Partial College,Manual,Europe,Berlin,Berlin,Germany
6742,17741,"Xu, Alvin",Graduate Degree,Clerical,Europe,Eilenburg,Saxony,Germany
6743,17742,"Romero, Randall",Graduate Degree,Clerical,Europe,Sulzbach Taunus,Saar,Germany
6746,17745,"Suarez, Tanya",Partial College,Manual,Europe,Hamburg,Hamburg,Germany
6747,17746,"Nath, Cedric",Partial College,Manual,Europe,Hanover,Lower Saxony,Germany
6759,17758,"Gill, Linda",Partial College,Manual,Europe,Dresden,Saxony,Germany
6762,17761,"Sai, Kristopher",Bachelors,Clerical,Europe,Dusseldorf,North Rhine-Westphalia,Germany
6763,17762,"Rodriguez, Rachel",High School,Manual,Europe,Hamburg,Hamburg,Germany
6765,17764,"Garcia, Terrance",Bachelors,Clerical,Europe,Essen,North Rhine-Westphalia,Germany
6766,17765,"Zhang, Valerie",Bachelors,Clerical,Europe,Frankfurt,Hesse,Germany
6769,17768,"Parker, Luis",Partial College,Manual,Europe,Saarlouis,Saar,Germany
6770,17769,"Martin, Nathan",Partial College,Manual,Europe,Werne,North Rhine-Westphalia,Germany
6775,17774,"Gutierrez, Brandi",Partial College,Manual,Europe,Dresden,Saxony,Germany
6778,17777,"Alvarez, Armando",Bachelors,Clerical,Europe,Berlin,Berlin,Germany
6782,17781,"She, Jake",Graduate Degree,Clerical,Europe,Dresden,Saxony,Germany
6784,17783,"Jai, Tracy",Partial High School,Manual,Europe,Hamburg,Hamburg,Germany
6785,17784,"Patel, Mayra",Partial High School,Manual,Europe,Paderborn,North Rhine-Westphalia,Germany
6789,17788,"Liu, Jeffery",High School,Manual,Europe,Berlin,Berlin,Germany
6790,17789,"Dominguez, Kari",Bachelors,Clerical,Europe,Frankfurt,Hesse,Germany
6792,17791,"Davis, Sydney",Bachelors,Clerical,Europe,Neunkirchen,North Rhine-Westphalia,Germany
6797,17796,"Taylor, Eduardo",Partial High School,Manual,Europe,Werne,North Rhine-Westphalia,Germany
6798,17797,"Martinez, Ebony",High School,Manual,Europe,Stuttgart,Baden-Wuerttemberg,Germany
6800,17799,"Guo, Alejandro",High School,Manual,Europe,Ingolstadt,Bavaria,Germany
6803,17802,"Arun, Erick",Partial High School,Manual,Europe,Hof,Bavaria,Germany
6805,17804,"Torres, Melody",Partial High School,Manual,Europe,Erlangen,Bavaria,Germany
6807,17806,"Kumar, Omar",High School,Manual,Europe,Darmstadt,Hesse,Germany
6812,17811,"Hernandez, Stacy",Bachelors,Professional,Europe,Stuttgart,Baden-Wuerttemberg,Germany
6818,17817,"Gutierrez, Felicia",Bachelors,Skilled Manual,Europe,Munich,Bavaria,Germany
6819,17818,"Yuan, Dale",Bachelors,Skilled Manual,Europe,Salzgitter,Lower Saxony,Germany
6825,17824,"Pal, Mario",Partial College,Clerical,Europe,Berlin,Berlin,Germany
6826,17825,"Li, Clayton",Bachelors,Skilled Manual,Europe,Ingolstadt,Bavaria,Germany
6833,17832,"Sharma, Cameron",Partial College,Clerical,Europe,Neunkirchen,North Rhine-Westphalia,Germany
6834,17833,"Suarez, Monique",Bachelors,Skilled Manual,Europe,Frankfurt,Hesse,Germany
6838,17837,"Garcia, Mayra",Partial College,Clerical,Europe,Kassel,Hesse,Germany
6846,17845,"Diaz, Ebony",Partial High School,Manual,Europe,Munich,Bavaria,Germany
6848,17847,"Lee, Logan",Partial College,Clerical,Europe,Bottrop,North Rhine-Westphalia,Germany
6849,17848,"Yuan, Jaime",Partial College,Clerical,Europe,Dresden,Saxony,Germany
6852,17851,"Tang, Warren",Partial High School,Manual,Europe,Hof,Bavaria,Germany
6853,17852,"Shan, Lindsey",Partial High School,Manual,Europe,Berlin,Berlin,Germany
6854,17853,"Chen, Ernest",Partial High School,Manual,Europe,Frankfurt,Hesse,Germany
6855,17854,"Gomez, Shannon",Partial College,Clerical,Europe,Hamburg,Hamburg,Germany
6857,17856,"Rai, Roger",Partial High School,Manual,Europe,Bonn,North Rhine-Westphalia,Germany
6858,17857,"Cabello, Albert",Partial High School,Manual,Europe,Eilenburg,Saxony,Germany
6860,17859,"Gonzalez, Wyatt",Partial College,Skilled Manual,North America,Lincoln Acres,California,United States
6861,17860,"Diaz, Noah",Partial College,Skilled Manual,North America,Imperial Beach,California,United States
6863,17862,"Baker, Aaron",High School,Skilled Manual,North America,Renton,Washington,United States
6864,17863,"Cooper, Bailey",Bachelors,Professional,North America,Lemon Grove,California,United States
6865,17864,"Martinez, Emily",Partial College,Skilled Manual,North America,Port Orchard,Washington,United States
6867,17866,"Baker, Jack",Partial College,Skilled Manual,North America,El Cajon,California,United States
6869,17868,"Blue, Richard",Graduate Degree,Professional,North America,Bellflower,California,United States
6870,17869,"Mehta, Henry",Graduate Degree,Professional,North America,Beverly Hills,California,United States
6871,17870,"Price, Melissa",Graduate Degree,Professional,North America,Long Beach,California,United States
6872,17871,"Patterson, Sydney",Partial College,Skilled Manual,North America,Woodburn,Oregon,United States
6873,17872,"Miller, Robert",Graduate Degree,Skilled Manual,North America,Issaquah,Washington,United States
6874,17873,"She, Alejandro",Graduate Degree,Manual,Europe,Bottrop,North Rhine-Westphalia,Germany
6876,17875,"Anand, Tommy",Graduate Degree,Manual,Europe,Paderborn,North Rhine-Westphalia,Germany
6877,17876,"Harris, Fernando",Graduate Degree,Manual,Europe,Paderborn,North Rhine-Westphalia,Germany
6878,17877,"Blanco, Danny",Bachelors,Manual,Europe,Saarlouis,Saar,Germany
6894,17893,"Rai, Omar",Bachelors,Clerical,Europe,Werne,North Rhine-Westphalia,Germany
6899,17898,"Sanz, Janet",Bachelors,Clerical,Europe,Darmstadt,Hesse,Germany
6902,17901,"Tang, Keith",Partial College,Manual,Europe,Hanover,Lower Saxony,Germany
6903,17902,"Lopez, Ruth",Partial College,Manual,Europe,Stuttgart,Baden-Wuerttemberg,Germany
6929,17928,"She, Terrence",Partial College,Manual,Europe,Essen,North Rhine-Westphalia,Germany
6930,17929,"Rubio, Alfredo",Partial College,Manual,Europe,Mühlheim am Main,Hesse,Germany
6935,17934,"Gill, Nelson",Partial College,Manual,Europe,Eilenburg,Saxony,Germany
6936,17935,"Jai, Misty",Partial College,Manual,Europe,Erlangen,Bavaria,Germany
6941,17940,"Yuan, Tommy",Partial College,Manual,Europe,Frankfurt,Hesse,Germany
6942,17941,"Jenkins, David",Partial College,Manual,Europe,Ingolstadt,Bavaria,Germany
6943,17942,"Watson, Steven",Partial College,Manual,Europe,Ingolstadt,Bavaria,Germany
6946,17945,"Rubio, Julio",Graduate Degree,Clerical,Europe,Frankfurt,Hesse,Germany
6947,17946,"Washington, Jocelyn",Graduate Degree,Clerical,Europe,Kassel,Hesse,Germany
6948,17947,"Srini, Erick",Graduate Degree,Clerical,Europe,Munich,Bavaria,Germany
6953,17952,"Beck, Brendan",High School,Manual,Europe,Sulzbach Taunus,Saar,Germany
6956,17955,"Zhao, Ronnie",Partial College,Manual,Europe,Saarlouis,Saar,Germany
6964,17963,"Collins, Natalie",Bachelors,Clerical,Europe,Darmstadt,Hesse,Germany
6965,17964,"Suri, Darren",Graduate Degree,Clerical,Europe,Solingen,North Rhine-Westphalia,Germany
6971,17970,"Martinez, Erick",High School,Manual,Europe,Berlin,Berlin,Germany
6977,17976,"Carlson, Daisy",Graduate Degree,Clerical,Europe,Munich,Bavaria,Germany
6981,17980,"Hughes, Paige",Bachelors,Clerical,Europe,Kassel,Hesse,Germany
6984,17983,"Saunders, Carol",Bachelors,Clerical,Europe,Hamburg,Hamburg,Germany
6985,17984,"Andersen, Barbara",Bachelors,Clerical,Europe,Hof,Bavaria,Germany
6986,17985,"Sun, Cedric",Bachelors,Clerical,Europe,Kiel,Schleswig-Holstein,Germany
6987,17986,"Malhotra, Monica",Bachelors,Clerical,Europe,Munich,Bavaria,Germany
6990,17989,"Sun, Tiffany",High School,Manual,Europe,Ingolstadt,Bavaria,Germany
6993,17992,"Ma, Sandra",Partial High School,Manual,Europe,Solingen,North Rhine-Westphalia,Germany
6994,17993,"Williams, Richard",High School,Manual,Europe,Hamburg,Hamburg,Germany
6995,17994,"Xu, Bradley",High School,Manual,Europe,Berlin,Berlin,Germany
6996,17995,"Jimenez, Sabrina",High School,Manual,Europe,Stuttgart,Baden-Wuerttemberg,Germany
6999,17998,"Weber, Tammy",High School,Manual,Europe,Neunkirchen,North Rhine-Westphalia,Germany
7002,18001,"Suri, Ross",High School,Manual,Europe,Berlin,Berlin,Germany
7003,18002,"Navarro, Gina",Partial College,Manual,Europe,Berlin,Berlin,Germany
7004,18003,"Chande, Edwin",Bachelors,Skilled Manual,Europe,Werne,North Rhine-Westphalia,Germany
7006,18005,"Ramos, Renee",Bachelors,Professional,Europe,Hamburg,Hamburg,Germany
7007,18006,"Chander, Franklin",Graduate Degree,Skilled Manual,Europe,Paderborn,North Rhine-Westphalia,Germany
7018,18017,"Shan, Kurt",Partial College,Clerical,Europe,Berlin,Berlin,Germany
7020,18019,"Raji, Yolanda",Bachelors,Skilled Manual,Europe,Munich,Bavaria,Germany
7021,18020,"Ruiz, Armando",High School,Manual,Europe,Solingen,North Rhine-Westphalia,Germany
7023,18022,"Alvarez, Victor",High School,Manual,Europe,Berlin,Berlin,Germany
7024,18023,"Raji, Terrence",High School,Manual,Europe,Bonn,North Rhine-Westphalia,Germany
7028,18027,"Griffin, Alexia",Partial College,Clerical,Europe,Saarlouis,Saar,Germany
7030,18029,"Malhotra, Carmen",Partial College,Clerical,Europe,Bottrop,North Rhine-Westphalia,Germany
7032,18031,"Tang, Shawna",Partial High School,Manual,Europe,Offenbach am Main,Hesse,Germany
7034,18033,"Patel, Evelyn",Partial College,Clerical,Europe,Solingen,North Rhine-Westphalia,Germany
7035,18034,"Robinson, Ethan",High School,Manual,Europe,Paderborn,North Rhine-Westphalia,Germany
7036,18035,"Zhang, Karen",Partial High School,Manual,Europe,Werne,North Rhine-Westphalia,Germany
7037,18036,"Sanchez, Bruce",Partial High School,Manual,Europe,Dusseldorf,North Rhine-Westphalia,Germany
7046,18045,"Arun, Toni",Partial College,Clerical,Europe,Munich,Bavaria,Germany
7048,18047,"Alvarez, Latasha",Partial College,Clerical,Europe,Bonn,North Rhine-Westphalia,Germany
7050,18049,"Watson, Patrick",High School,Skilled Manual,North America,Lynnwood,Washington,United States
7051,18050,"Cooper, Sara",Partial College,Skilled Manual,North America,Oakland,California,United States
7053,18052,"Young, Maria",Partial College,Skilled Manual,North America,San Francisco,California,United States
7054,18053,"Smith, Stefanie",Bachelors,Professional,North America,Charlotte,North Carolina,United States
7057,18056,"Price, Haley",Graduate Degree,Professional,North America,El Cajon,California,United States
7058,18057,"Washington, Logan",Graduate Degree,Professional,North America,Lakewood,California,United States
7059,18058,"Patterson, Riley",High School,Skilled Manual,North America,Berkeley,California,United States
7060,18059,"Gonzalez, Bailey",Partial College,Skilled Manual,North America,Walla Walla,Washington,United States
7061,18060,"Carter, Sara",Partial College,Skilled Manual,North America,Redmond,Washington,United States
7062,18061,"Bailey, Jesse",High School,Professional,North America,Daly City,California,United States
7063,18062,"Anderson, Dylan",Bachelors,Management,North America,San Gabriel,California,United States
7064,18063,"Ward, Alexandria",Bachelors,Management,North America,San Carlos,California,United States
7065,18064,"Rivera, Catherine",High School,Professional,North America,Lakewood,California,United States
7067,18066,"He, Steve",Bachelors,Management,North America,Beverly Hills,California,United States
7068,18067,"King, Jackson",Bachelors,Management,North America,Portland,Oregon,United States
7069,18068,"Walker, Ethan",Bachelors,Management,North America,Woodland Hills,California,United States
7070,18069,"Hill, Elijah",Bachelors,Management,North America,El Cajon,California,United States
7071,18070,"Martinez, Alyssa",Bachelors,Management,North America,Santa Monica,California,United States
7072,18071,"Campbell, Katelyn",Bachelors,Management,North America,Grossmont,California,United States
7073,18072,"Perez, Maria",Bachelors,Management,North America,W. Linn,Oregon,United States
7074,18073,"Chen, Robert",Bachelors,Management,North America,San Gabriel,California,United States
7075,18074,"Hall, Julia",Partial College,Professional,North America,Lynnwood,Washington,United States
7076,18075,"Adams, Courtney",Partial College,Professional,North America,Torrance,California,United States
7077,18076,"Mehta, Andre",Partial College,Professional,North America,Chula Vista,California,United States
7080,18079,"Martin, Victoria",Bachelors,Management,North America,La Jolla,California,United States
7081,18080,"Richardson, Paige",Bachelors,Management,North America,Novato,California,United States
7083,18082,"Sanchez, Steven",Partial College,Professional,North America,Edmonds,Washington,United States
7084,18083,"Agbonile, Osarumwense",Partial College,Professional,North America,Issaquah,Washington,United States
7085,18084,"Diaz, Jessica",Partial College,Professional,North America,Redmond,Washington,United States
7086,18085,"Nath, Christy",Partial College,Professional,North America,Colma,California,United States
7087,18086,"Zeng, Jaclyn",Partial College,Professional,North America,Concord,California,United States
7088,18087,"Long, Marcus",Bachelors,Management,North America,Grossmont,California,United States
7089,18088,"Stewart, Seth",Bachelors,Management,North America,Lincoln Acres,California,United States
7094,18093,"Johnson, Grace",Partial College,Professional,North America,Salem,Oregon,United States
7095,18094,"Alonso, Roy",Bachelors,Management,North America,Bellflower,California,United States
7096,18095,"Campbell, Thomas",Bachelors,Management,North America,Beverly Hills,California,United States
7097,18096,"Kelly, Ariana",Bachelors,Management,North America,Beverly Hills,California,United States
7098,18097,"Stewart, Sydney",Partial College,Professional,North America,Renton,Washington,United States
7099,18098,"Lee, Edward",High School,Professional,North America,W. Linn,Oregon,United States
7100,18099,"Edwards, Marcus",Partial College,Professional,North America,Glendale,California,United States
7101,18100,"Li, Kyle",Partial College,Professional,North America,Newport Beach,California,United States
7102,18101,"Turner, Bailey",Partial College,Professional,North America,Novato,California,United States
7103,18102,"Lewis, Nicholas",Bachelors,Management,North America,Spring Valley,California,United States
7105,18104,"Coleman, Taylor",Partial College,Professional,North America,Tacoma,Washington,United States
7106,18105,"Brooks, Destiny",Partial College,Professional,North America,W. Linn,Oregon,United States
7107,18106,"Alexander, Carson",Partial College,Professional,North America,Bellflower,California,United States
7108,18107,"Liang, Laura",Partial College,Professional,North America,Burlingame,California,United States
7109,18108,"Gao, Colin",Partial College,Professional,North America,Colma,California,United States
7110,18109,"Campbell, Samuel",Partial College,Professional,North America,La Jolla,California,United States
7111,18110,"Li, Austin",Partial College,Professional,North America,Long Beach,California,United States
7112,18111,"Morris, Timothy",Partial College,Professional,North America,Mill Valley,California,United States
7113,18112,"Gonzalez, Sophia",Partial College,Professional,North America,San Francisco,California,United States
7114,18113,"Simmons, Abigail",Partial College,Professional,North America,Torrance,California,United States
7115,18114,"Foster, Alexandria",Partial High School,Skilled Manual,North America,West Covina,California,United States
7116,18115,"Young, Richard",Partial High School,Skilled Manual,North America,Seattle,Washington,United States
7118,18117,"Washington, Fernando",High School,Professional,North America,Redmond,Washington,United States
7120,18119,"Nath, Shawn",High School,Professional,North America,Colma,California,United States
7121,18120,"Martin, Isabella",High School,Professional,North America,Berkeley,California,United States
7122,18121,"Young, Madeline",High School,Professional,North America,Spokane,Washington,United States
7124,18123,"Hughes, Emily",Partial College,Professional,North America,Downey,California,United States
7125,18124,"Chander, Calvin",Bachelors,Management,Europe,Neunkirchen,North Rhine-Westphalia,Germany
7126,18125,"Cai, Leah",Bachelors,Management,Europe,Sulzbach Taunus,Saar,Germany
7131,18130,"Mitchell, Kaitlyn",Partial College,Professional,Europe,Neunkirchen,North Rhine-Westphalia,Germany
7134,18133,"Smith, Karen",High School,Professional,Europe,Frankfurt,Hesse,Germany
7135,18134,"Romero, Melody",High School,Professional,Europe,Hof,Bavaria,Germany
7140,18139,"Washington, Jennifer",Partial High School,Professional,Europe,Hamburg,Hamburg,Germany
7141,18140,"White, Anthony",Partial College,Professional,Europe,Neunkirchen,North Rhine-Westphalia,Germany
7146,18145,"So, David",Bachelors,Management,Europe,Bonn,North Rhine-Westphalia,Germany
7147,18146,"Wang, Eugene",Partial College,Professional,Europe,Hamburg,Hamburg,Germany
7154,18153,"Gao, Karen",Bachelors,Management,Europe,Berlin,Berlin,Germany
7155,18154,"She, Calvin",Bachelors,Management,Europe,Berlin,Berlin,Germany
7158,18157,"Hall, Isabella",Partial College,Professional,Europe,Frankfurt,Hesse,Germany
7165,18164,"Wang, Alisha",Bachelors,Management,Europe,Salzgitter,Lower Saxony,Germany
7168,18167,"Chander, Raul",High School,Professional,Europe,Frankfurt,Hesse,Germany
7170,18169,"Liang, Alisha",High School,Professional,Europe,Berlin,Berlin,Germany
7171,18170,"Perez, Adam",High School,Professional,Europe,Ingolstadt,Bavaria,Germany
7172,18171,"Zeng, Alejandro",Partial College,Professional,Europe,Stuttgart,Baden-Wuerttemberg,Germany
7177,18176,"Kumar, Bradley",Partial College,Management,Europe,Leipzig,Saxony,Germany
7181,18180,"Howard, Juan",High School,Management,Europe,Kassel,Hesse,Germany
7183,18182,"Prasad, Kristi",Partial High School,Skilled Manual,Europe,Berlin,Berlin,Germany
7184,18183,"Schmidt, Meagan",Partial High School,Skilled Manual,Europe,Paderborn,North Rhine-Westphalia,Germany
7186,18185,"Huang, Laura",Partial High School,Professional,Europe,Leipzig,Saxony,Germany
7224,18223,"Clark, Noah",Partial College,Professional,North America,Corvallis,Oregon,United States
7225,18224,"Perry, Vanessa",Partial College,Professional,North America,Marysville,Washington,United States
7226,18225,"Jenkins, Paige",Partial College,Professional,North America,Marysville,Washington,United States
7227,18226,"Walker, Joseph",Partial College,Skilled Manual,North America,Seattle,Washington,United States
7228,18227,"Diaz, Miranda",Partial College,Skilled Manual,North America,Lynnwood,Washington,United States
7229,18228,"Parker, Adam",Partial College,Skilled Manual,North America,Santa Cruz,California,United States
7230,18229,"Ward, Gabriella",Partial College,Skilled Manual,North America,Burlingame,California,United States
7231,18230,"Perry, Brianna",Bachelors,Professional,North America,Bellflower,California,United States
7232,18231,"Gutierrez, Janet",Graduate Degree,Professional,North America,Berkeley,California,United States
7233,18232,"Edwards, Sophia",Partial College,Skilled Manual,North America,Novato,California,United States
7234,18233,"Bailey, Mackenzie",Bachelors,Professional,North America,Olympia,Washington,United States
7235,18234,"Russell, Alexandria",Bachelors,Professional,North America,Sedro Woolley,Washington,United States
7236,18235,"Guo, Vincent",Graduate Degree,Professional,North America,Beverly Hills,California,United States
7312,18311,"Mitchell, Jennifer",High School,Skilled Manual,North America,El Cajon,California,United States
7313,18312,"Moore, Miguel",High School,Skilled Manual,North America,Daly City,California,United States
7314,18313,"Foster, Arianna",High School,Skilled Manual,North America,Burlingame,California,United States
7316,18315,"Dominguez, Melody",High School,Skilled Manual,North America,Carol Stream,Illinois,United States
7317,18316,"Kumar, Justin",High School,Skilled Manual,North America,Olympia,Washington,United States
7319,18318,"Hughes, Benjamin",High School,Skilled Manual,North America,Lynnwood,Washington,United States
7322,18321,"Cook, Sebastian",Partial High School,Clerical,North America,Woodburn,Oregon,United States
7324,18323,"Clark, Jeremy",High School,Skilled Manual,North America,Edmonds,Washington,United States
7328,18327,"Sharma, Jon",Partial High School,Clerical,North America,Berkeley,California,United States
7329,18328,"Rai, Alvin",High School,Skilled Manual,North America,Concord,California,United States
7340,18339,"Nath, Donna",Partial College,Skilled Manual,North America,Bellflower,California,United States
7341,18340,"Cooper, Arianna",Partial College,Skilled Manual,North America,Berkeley,California,United States
7342,18341,"Goel, Russell",Partial College,Skilled Manual,North America,Coronado,California,United States
7343,18342,"James, Victoria",Partial College,Skilled Manual,North America,National City,California,United States
7344,18343,"Green, Dalton",Partial College,Skilled Manual,North America,Oakland,California,United States
7345,18344,"Turner, Caleb",Partial College,Skilled Manual,North America,Woodland Hills,California,United States
7347,18346,"Flores, Anna",Partial College,Skilled Manual,North America,Imperial Beach,California,United States
7348,18347,"Clark, Alyssa",Partial College,Skilled Manual,North America,Palo Alto,California,United States
7349,18348,"Roberts, Katelyn",Partial College,Skilled Manual,North America,San Gabriel,California,United States
7350,18349,"Robinson, Jacob",Partial College,Skilled Manual,North America,Spring Valley,California,United States
7351,18350,"Ross, Emma",Partial College,Skilled Manual,North America,West Covina,California,United States
7352,18351,"Smith, Alexander",Partial College,Skilled Manual,North America,Burlingame,California,United States
7353,18352,"Thomas, Noah",Bachelors,Management,North America,Chula Vista,California,United States
7354,18353,"Anderson, Robert",Bachelors,Management,North America,Renton,Washington,United States
7355,18354,"Nara, Alvin",Graduate Degree,Management,North America,Burlingame,California,United States
7358,18357,"Reed, Trinity",Bachelors,Management,North America,Issaquah,Washington,United States
7359,18358,"Coleman, Oscar",Partial College,Skilled Manual,North America,Downey,California,United States
7360,18359,"Bryant, Alexandria",Partial College,Skilled Manual,North America,Newport Beach,California,United States
7361,18360,"Li, Eric",Partial College,Skilled Manual,North America,Santa Cruz,California,United States
7362,18361,"Simmons, Marcus",Partial College,Skilled Manual,North America,West Covina,California,United States
7365,18364,"Gray, Eduardo",Partial College,Skilled Manual,North America,Edmonds,Washington,United States
7366,18365,"Lewis, Daniel",Partial College,Skilled Manual,North America,Renton,Washington,United States
7367,18366,"Richardson, Alexandria",Partial College,Skilled Manual,North America,La Jolla,California,United States
7370,18369,"He, Mandy",Graduate Degree,Skilled Manual,North America,Chula Vista,California,United States
7371,18370,"Flores, Tristan",Graduate Degree,Skilled Manual,North America,Santa Cruz,California,United States
7372,18371,"Morgan, Jessica",Graduate Degree,Skilled Manual,North America,Lynnwood,Washington,United States
7374,18373,"Roberts, Stephanie",Bachelors,Skilled Manual,North America,Beaverton,Oregon,United States
7375,18374,"King, Logan",Partial College,Professional,North America,Puyallup,Washington,United States
7376,18375,"Morris, Michelle",Bachelors,Management,North America,Redwood City,California,United States
7377,18376,"Diaz, Abigail",Partial College,Professional,North America,Novato,California,United States
7379,18378,"Foster, Dalton",Partial College,Professional,North America,Santa Monica,California,United States
7381,18380,"Kelly, Kaitlyn",Partial College,Professional,North America,Milwaukie,Oregon,United States
7382,18381,"Ward, Katherine",Partial College,Professional,North America,Chula Vista,California,United States
7384,18383,"Torres, Natalie",Partial College,Professional,North America,Marysville,Washington,United States
7385,18384,"Williams, Nicole",Partial College,Professional,North America,Port Orchard,Washington,United States
7386,18385,"Gonzalez, Miguel",Bachelors,Management,North America,Burbank,California,United States
7387,18386,"Shan, Kevin",Partial College,Professional,North America,El Cajon,California,United States
7388,18387,"Green, Carlos",Bachelors,Management,North America,National City,California,United States
7389,18388,"Russell, Julia",Bachelors,Management,North America,Spring Valley,California,United States
7394,18393,"Ross, Angela",Partial College,Professional,North America,Lake Oswego,Oregon,United States
7395,18394,"Wright, Sean",Partial College,Professional,North America,Renton,Washington,United States
7397,18396,"Parker, Luke",Partial College,Professional,North America,Yakima,Washington,United States
7398,18397,"Anand, Louis",Partial College,Professional,North America,Byron,Georgia,United States
7399,18398,"Sanchez, Geoffrey",Bachelors,Management,North America,Colma,California,United States
7400,18399,"Torres, Sara",Partial College,Professional,North America,Concord,California,United States
7401,18400,"Jackson, Jeremiah",High School,Professional,North America,Grossmont,California,United States
7403,18402,"Kelly, Kimberly",Partial College,Professional,North America,Ballard,Washington,United States
7404,18403,"Phillips, Madeline",Partial College,Professional,North America,Ballard,Washington,United States
7406,18405,"Gutierrez, Sheila",Bachelors,Management,North America,Berkeley,California,United States
7407,18406,"Ross, Zachary",Bachelors,Management,North America,Imperial Beach,California,United States
7411,18410,"Davis, Joshua",High School,Professional,North America,Imperial Beach,California,United States
7413,18412,"Parker, Mary",High School,Professional,North America,El Cajon,California,United States
7414,18413,"Jackson, Samuel",Partial College,Professional,North America,Imperial Beach,California,United States
7415,18414,"Griffin, Gabrielle",Partial College,Professional,North America,Beaverton,Oregon,United States
7416,18415,"Mehta, Summer",Graduate Degree,Management,North America,Burlingame,California,United States
7417,18416,"Peterson, Emma",Partial College,Professional,North America,Portland,Oregon,United States
7418,18417,"Roberts, Jonathan",Partial College,Professional,North America,Beverly Hills,California,United States
7419,18418,"Sun, Dawn",Partial College,Professional,North America,Concord,California,United States
7420,18419,"Johnson, Rachel",High School,Professional,North America,El Cajon,California,United States
7421,18420,"Stewart, Riley",Partial College,Professional,North America,San Carlos,California,United States
7422,18421,"Morgan, Megan",Graduate Degree,Management,North America,San Diego,California,United States
7423,18422,"Jones, Taylor",Bachelors,Management,North America,Torrance,California,United States
7424,18423,"Jones, Christian",Partial High School,Skilled Manual,North America,San Carlos,California,United States
7425,18424,"Williams, Samuel",High School,Professional,North America,Fremont,California,United States
7426,18425,"Brooks, Garrett",High School,Professional,North America,El Cajon,California,United States
7427,18426,"Gonzales, Luke",Graduate Degree,Management,North America,Fremont,California,United States
7428,18427,"Diaz, Justin",Graduate Degree,Management,North America,Lebanon,Oregon,United States
7429,18428,"Henderson, Alexis",Graduate Degree,Management,North America,Portland,Oregon,United States
7430,18429,"Gonzales, Faith",Graduate Degree,Management,North America,Tacoma,Washington,United States
7431,18430,"Morgan, Victoria",Partial College,Professional,North America,W. Linn,Oregon,United States
7432,18431,"Hayes, Cameron",Partial College,Professional,North America,Lemon Grove,California,United States
7433,18432,"Lopez, Jordan",Graduate Degree,Management,North America,Burlingame,California,United States
7435,18434,"Stone, Clayton",Graduate Degree,Management,North America,Burlingame,California,United States
7436,18435,"Phillips, Maria",Graduate Degree,Management,North America,Walla Walla,Washington,United States
7437,18436,"Johnson, Richard",Graduate Degree,Management,North America,Santa Monica,California,United States
7438,18437,"Butler, Isabella",Graduate Degree,Management,North America,Long Beach,California,United States
7439,18438,"Sanz, Sheila",Graduate Degree,Management,North America,Colma,California,United States
7440,18439,"Coleman, Angela",Graduate Degree,Management,North America,Marysville,Washington,United States
7441,18440,"Ashe, Joe",Graduate Degree,Management,North America,Colma,California,United States
7442,18441,"Munoz, Tabitha",Graduate Degree,Management,North America,Beverly Hills,California,United States
7443,18442,"Hill, Mason",Graduate Degree,Management,North America,Marysville,Washington,United States
7449,18448,"Bailey, Jennifer",Partial College,Skilled Manual,North America,Long Beach,California,United States
7454,18453,"Patterson, Caroline",Partial College,Skilled Manual,North America,Corvallis,Oregon,United States
7455,18454,"Perez, George",Partial College,Skilled Manual,North America,Burbank,California,United States
7456,18455,"Wu, Alejandro",Partial College,Skilled Manual,North America,Coronado,California,United States
7457,18456,"Bailey, Timothy",Partial College,Skilled Manual,North America,Grossmont,California,United States
7460,18459,"Sai, Toni",Partial College,Skilled Manual,North America,Concord,California,United States
7461,18460,"Butler, Faith",Partial College,Skilled Manual,North America,Santa Cruz,California,United States
7472,18471,"Stewart, Paige",Partial College,Skilled Manual,North America,Burien,Washington,United States
7473,18472,"Ross, Hannah",High School,Skilled Manual,North America,Puyallup,Washington,United States
7476,18475,"Brown, Natalie",High School,Skilled Manual,North America,Yakima,Washington,United States
7477,18476,"Rogers, Brooke",High School,Skilled Manual,North America,Berkeley,California,United States
7504,18503,"Peterson, Timothy",Bachelors,Management,North America,Santa Cruz,California,United States
7516,18515,"Patterson, Gabrielle",Partial College,Professional,North America,Milwaukie,Oregon,United States
7517,18516,"Brooks, Juan",Graduate Degree,Management,North America,Renton,Washington,United States
7518,18517,"Diaz, Tristan",Bachelors,Management,North America,Issaquah,Washington,United States
7519,18518,"Scott, Stephanie",Bachelors,Management,North America,Lynnwood,Washington,United States
7520,18519,"Cook, Alex",Partial College,Professional,North America,Bellflower,California,United States
7521,18520,"Huang, Rafael",Bachelors,Management,North America,Chula Vista,California,United States
7522,18521,"Rowe, Meghan",Bachelors,Management,North America,Chula Vista,California,United States
7523,18522,"Smith, Jeremiah",Graduate Degree,Management,North America,Long Beach,California,United States
7527,18526,"Hernandez, Kevin",Bachelors,Professional,North America,San Francisco,California,United States
7528,18527,"Baker, Jonathan",Partial College,Skilled Manual,North America,Tacoma,Washington,United States
7529,18528,"Rodriguez, John",Partial College,Skilled Manual,North America,Lakewood,California,United States
7530,18529,"Castro, Albert",High School,Skilled Manual,North America,Chantilly,Virginia,United States
7539,18538,"Mitchell, Ian",Bachelors,Management,North America,Issaquah,Washington,United States
7540,18539,"Russell, Riley",Bachelors,Management,North America,Grossmont,California,United States
7541,18540,"Perry, Victoria",Bachelors,Management,North America,Fremont,California,United States
7543,18542,"She, Dustin",Bachelors,Management,North America,Burien,Washington,United States
7582,18581,"Dominguez, Melinda",Graduate Degree,Professional,North America,Clackamas,Oregon,United States
7583,18582,"Morgan, Bryan",Graduate Degree,Professional,North America,Marysville,Washington,United States
7584,18583,"Kumar, Luis",Graduate Degree,Professional,North America,Redmond,Washington,United States
7585,18584,"Evans, Haley",Graduate Degree,Professional,North America,Seattle,Washington,United States
7586,18585,"Blue, Katherine",Graduate Degree,Professional,North America,Bellflower,California,United States
7587,18586,"Patterson, Benjamin",Graduate Degree,Professional,North America,Grossmont,California,United States
7588,18587,"Arun, Monica",Bachelors,Professional,North America,Burien,Washington,United States
7589,18588,"Rogers, Isabella",Bachelors,Professional,North America,Seattle,Washington,United States
7590,18589,"Stewart, Anna",Bachelors,Professional,North America,Bremerton,Washington,United States
7616,18615,"Peterson, Charles",Bachelors,Professional,North America,West Covina,California,United States
7617,18616,"Butler, Spencer",Graduate Degree,Professional,North America,Oakland,California,United States
7620,18619,"Mehta, Dominic",Bachelors,Skilled Manual,Europe,Salzgitter,Lower Saxony,Germany
7627,18626,"Pal, Tony",Partial College,Clerical,Europe,Frankfurt,Hesse,Germany
7636,18635,"Martinez, Toni",Partial College,Clerical,Europe,Bonn,North Rhine-Westphalia,Germany
7637,18636,"Chapman, Edgar",Partial College,Clerical,Europe,Brunswick,Lower Saxony,Germany
7639,18638,"Thompson, Alyssa",Partial College,Clerical,North America,Kirkland,Washington,United States
7640,18639,"Scott, Maria",Partial College,Clerical,North America,Portland,Oregon,United States
7641,18640,"James, Isaac",Graduate Degree,Skilled Manual,North America,Issaquah,Washington,United States
7644,18643,"Thomas, Joshua",Graduate Degree,Professional,North America,Santa Monica,California,United States
7646,18645,"Bryant, Jordan",Graduate Degree,Skilled Manual,North America,Olympia,Washington,United States
7647,18646,"Adams, Blake",Graduate Degree,Skilled Manual,North America,Beverly Hills,California,United States
7648,18647,"Huang, Christy",High School,Manual,North America,Chula Vista,California,United States
7649,18648,"Torres, Hailey",High School,Clerical,North America,Burlingame,California,United States
7650,18649,"Patterson, Jackson",High School,Clerical,North America,Woodland Hills,California,United States
7651,18650,"Flores, Kyle",High School,Clerical,North America,Downey,California,United States
7652,18651,"Mitchell, Isaiah",High School,Clerical,North America,Lynnwood,Washington,United States
7653,18652,"Diaz, Meredith",High School,Clerical,North America,Burien,Washington,United States
7654,18653,"Madan, Emmanuel",High School,Clerical,North America,Bremerton,Washington,United States
7655,18654,"Lopez, Thomas",Partial College,Clerical,North America,Mill Valley,California,United States
7656,18655,"Diaz, Eric",Partial College,Clerical,North America,Kirkland,Washington,United States
7657,18656,"Clark, Charles",High School,Skilled Manual,North America,Beverly Hills,California,United States
7658,18657,"Morgan, Alex",High School,Skilled Manual,North America,Lakewood,California,United States
7659,18658,"Turner, Dalton",High School,Skilled Manual,North America,Spokane,Washington,United States
7660,18659,"Thompson, Jasmine",Partial College,Clerical,North America,Los Angeles,California,United States
7661,18660,"Anand, Cristina",Partial College,Clerical,North America,Coronado,California,United States
7662,18661,"Walker, Daniel",High School,Skilled Manual,North America,Sedro Woolley,Washington,United States
7663,18662,"Sharma, Kyle",High School,Skilled Manual,North America,Daly City,California,United States
7664,18663,"Flores, Jason",High School,Skilled Manual,North America,Mill Valley,California,United States
7665,18664,"Long, Robert",High School,Skilled Manual,North America,Renton,Washington,United States
7666,18665,"Brooks, Olivia",High School,Skilled Manual,North America,Burien,Washington,United States
7667,18666,"Henderson, Jordyn",High School,Skilled Manual,North America,Lynnwood,Washington,United States
7668,18667,"Ma, Kelli",High School,Skilled Manual,North America,Berkeley,California,United States
7669,18668,"Sanders, Brian",High School,Skilled Manual,North America,Lake Oswego,Oregon,United States
7670,18669,"Griffin, Adam",Partial College,Clerical,North America,Palo Alto,California,United States
7671,18670,"Bryant, Melanie",Partial College,Clerical,North America,Beverly Hills,California,United States
7672,18671,"Kelly, Melanie",Graduate Degree,Skilled Manual,North America,San Carlos,California,United States
7673,18672,"Lewis, Anthony",Graduate Degree,Skilled Manual,North America,Torrance,California,United States
7674,18673,"Green, James",Graduate Degree,Skilled Manual,North America,Beverly Hills,California,United States
7676,18675,"Martin, Abigail",Graduate Degree,Skilled Manual,North America,Grossmont,California,United States
7677,18676,"Young, Jesse",Graduate Degree,Skilled Manual,North America,Lynnwood,Washington,United States
7679,18678,"Watson, Sean",Graduate Degree,Skilled Manual,North America,Spring Valley,California,United States
7680,18679,"Wood, Seth",Graduate Degree,Skilled Manual,North America,Renton,Washington,United States
7681,18680,"Shan, David",Graduate Degree,Skilled Manual,North America,Bellflower,California,United States
7682,18681,"Griffin, Jacqueline",Graduate Degree,Skilled Manual,North America,Lemon Grove,California,United States
7683,18682,"Bennett, Emily",Graduate Degree,Skilled Manual,North America,Lincoln Acres,California,United States
7684,18683,"Walker, Robert",Graduate Degree,Skilled Manual,North America,Santa Cruz,California,United States
7685,18684,"Watson, Makayla",Graduate Degree,Skilled Manual,North America,Spring Valley,California,United States
7688,18687,"Smith, Olivia",Graduate Degree,Skilled Manual,North America,Burlingame,California,United States
7689,18688,"Barnes, Antonio",Graduate Degree,Professional,North America,Port Orchard,Washington,United States
7690,18689,"Miller, Miguel",Graduate Degree,Professional,North America,Everett,Washington,United States
7691,18690,"Rivera, Carlos",Bachelors,Professional,North America,Bremerton,Washington,United States
7751,18750,"Perry, Alexandra",High School,Skilled Manual,North America,La Jolla,California,United States
7752,18751,"Schmidt, Kari",High School,Skilled Manual,North America,Berkeley,California,United States
7753,18752,"Walker, Samantha",High School,Skilled Manual,North America,Newport Beach,California,United States
7754,18753,"Moore, James",High School,Skilled Manual,North America,Portland,Oregon,United States
7755,18754,"Mitchell, Isabella",High School,Skilled Manual,North America,Beverly Hills,California,United States
7758,18757,"Srini, Frederick",High School,Skilled Manual,North America,Bellingham,Washington,United States
7761,18760,"Wood, Morgan",Partial High School,Clerical,North America,Downey,California,United States
7762,18761,"Wright, Luis",Partial High School,Clerical,North America,Glendale,California,United States
7763,18762,"Wilson, Arthur",High School,Skilled Manual,North America,Newport Beach,California,United States
7765,18764,"Scott, Natalie",High School,Skilled Manual,North America,Redwood City,California,United States
7766,18765,"Shan, Noah",High School,Skilled Manual,North America,Yakima,Washington,United States
7771,18770,"Hernandez, Aaron",Partial College,Skilled Manual,North America,Burbank,California,United States
7772,18771,"Green, Robert",Partial College,Skilled Manual,North America,Glendale,California,United States
7773,18772,"Hill, Julia",Partial College,Skilled Manual,North America,Lincoln Acres,California,United States
7774,18773,"Price, Cassidy",Partial College,Skilled Manual,North America,Lincoln Acres,California,United States
7775,18774,"Flores, Justin",Partial College,Skilled Manual,North America,Woodland Hills,California,United States
7776,18775,"Bell, Andrea",High School,Skilled Manual,North America,Oregon City,Oregon,United States
7777,18776,"Allen, Connor",Partial College,Skilled Manual,North America,Lincoln Acres,California,United States
7778,18777,"Clark, Richard",Partial College,Skilled Manual,North America,Downey,California,United States
7779,18778,"Washington, Miguel",Partial College,Skilled Manual,North America,National City,California,United States
7780,18779,"Hill, Jose",Partial College,Skilled Manual,North America,Novato,California,United States
7781,18780,"Carter, Evan",Partial College,Skilled Manual,North America,Novato,California,United States
7782,18781,"Lewis, Hunter",Bachelors,Management,North America,Spring Valley,California,United States
7783,18782,"Reed, Patrick",Bachelors,Management,North America,Grossmont,California,United States
7784,18783,"Martin, Michael",Bachelors,Management,North America,W. Linn,Oregon,United States
7785,18784,"Brooks, Trinity",Bachelors,Management,North America,Santa Monica,California,United States
7787,18786,"Chande, Dustin",Bachelors,Management,North America,Bellflower,California,United States
7788,18787,"Wood, Mya",Bachelors,Management,North America,Issaquah,Washington,United States
7790,18789,"Robinson, Seth",Graduate Degree,Management,North America,Yakima,Washington,United States
7791,18790,"Martin, Julia",High School,Skilled Manual,North America,Renton,Washington,United States
7792,18791,"Blue, Megan",High School,Skilled Manual,North America,Sedro Woolley,Washington,United States
7793,18792,"Peterson, Gabriella",High School,Skilled Manual,North America,W. Linn,Oregon,United States
7795,18794,"Davis, Andrew",Partial College,Skilled Manual,North America,Long Beach,California,United States
7798,18797,"Murphy, Evan",Partial College,Skilled Manual,North America,Redmond,Washington,United States
7799,18798,"Allen, Andrea",Partial College,Skilled Manual,North America,Glendale,California,United States
7800,18799,"Lewis, Jacob",Graduate Degree,Skilled Manual,North America,La Jolla,California,United States
7801,18800,"Phillips, Jennifer",Graduate Degree,Skilled Manual,North America,Lake Oswego,Oregon,United States
7802,18801,"Yuan, Dawn",Graduate Degree,Skilled Manual,North America,Berkeley,California,United States
7803,18802,"Shen, Mario",Graduate Degree,Skilled Manual,North America,Bremerton,Washington,United States
7804,18803,"Zheng, Cedric",Graduate Degree,Skilled Manual,North America,Bremerton,Washington,United States
7805,18804,"Gonzales, Aaron",Graduate Degree,Skilled Manual,North America,Novato,California,United States
7806,18805,"Simpson, Tracy",Bachelors,Skilled Manual,North America,Beaverton,Oregon,United States
7807,18806,"Torres, Kaitlyn",Bachelors,Skilled Manual,North America,Corvallis,Oregon,United States
7808,18807,"Bennett, Spencer",Graduate Degree,Management,North America,Chula Vista,California,United States
7809,18808,"Perez, Gabrielle",Partial College,Professional,North America,Colma,California,United States
7810,18809,"King, Jason",Partial College,Professional,North America,Beaverton,Oregon,United States
7811,18810,"Dominguez, Casey",Graduate Degree,Management,North America,Burien,Washington,United States
7814,18813,"Hernandez, Kristy",Partial College,Professional,North America,Ballard,Washington,United States
7815,18814,"Adams, Evan",Partial College,Professional,North America,Everett,Washington,United States
7816,18815,"Rogers, Abigail",Partial College,Professional,North America,Lynnwood,Washington,United States
7817,18816,"Smith, Taylor",Partial College,Professional,North America,Oregon City,Oregon,United States
7818,18817,"Russell, Brittany",Partial College,Professional,North America,Puyallup,Washington,United States
7819,18818,"Torres, Lucas",Bachelors,Management,North America,National City,California,United States
7820,18819,"Bennett, Miranda",Bachelors,Management,North America,Santa Cruz,California,United States
7821,18820,"Cook, Alexandria",Bachelors,Management,North America,West Covina,California,United States
7823,18822,"Ferrier, Gregory",Partial College,Professional,North America,Beaverton,Oregon,United States
7824,18823,"Xu, Russell",Bachelors,Management,North America,Bellflower,California,United States
7825,18824,"Collins, Elijah",High School,Professional,North America,La Jolla,California,United States
7826,18825,"Smith, Brandon",Bachelors,Management,North America,San Carlos,California,United States
7828,18827,"Raman, Carmen",Partial College,Professional,North America,Beaverton,Oregon,United States
7829,18828,"Wright, Morgan",Partial College,Professional,North America,Everett,Washington,United States
7830,18829,"Simmons, Jackson",Partial College,Professional,North America,Issaquah,Washington,United States
7831,18830,"Ortega, Kristine",Bachelors,Management,North America,Bellflower,California,United States
7832,18831,"Hernandez, Andy",Bachelors,Management,North America,Bellflower,California,United States
7833,18832,"Jackson, Dylan",Bachelors,Management,North America,Redwood City,California,United States
7834,18833,"Baker, Morgan",High School,Professional,North America,Lakewood,California,United States
7851,18850,"Hughes, Ethan",Bachelors,Management,North America,Mill Valley,California,United States
7861,18860,"Foster, Sydney",High School,Professional,North America,Renton,Washington,United States
7862,18861,"Wood, Ashley",High School,Professional,North America,Ballard,Washington,United States
7863,18862,"Zhang, Luke",High School,Professional,North America,Beverly Hills,California,United States
7864,18863,"Scott, Charles",High School,Professional,North America,West Covina,California,United States
7865,18864,"Long, Elijah",High School,Professional,North America,San Gabriel,California,United States
7866,18865,"Hayes, Ashley",Graduate Degree,Management,North America,Kirkland,Washington,United States
7867,18866,"Scott, Miguel",Graduate Degree,Management,North America,Concord,California,United States
7868,18867,"Perry, Thomas",Partial College,Professional,North America,Milwaukie,Oregon,United States
7869,18868,"Long, Adam",Partial College,Professional,North America,Long Beach,California,United States
7870,18869,"Flores, Ashley",Partial College,Professional,North America,National City,California,United States
7871,18870,"Barnes, Ana",Partial College,Professional,North America,Beaverton,Oregon,United States
7873,18872,"Severino, Miguel",Graduate Degree,Management,North America,Bremerton,Washington,United States
7874,18873,"Rodriguez, Austin",Graduate Degree,Management,North America,W. Linn,Oregon,United States
7875,18874,"Green, Julia",Graduate Degree,Management,North America,Sedro Woolley,Washington,United States
7877,18876,"Chen, Luke",Graduate Degree,Management,North America,Beverly Hills,California,United States
7878,18877,"Hall, Evan",Graduate Degree,Management,North America,Berkeley,California,United States
7879,18878,"Ramos, Mallory",Bachelors,Management,North America,Colma,California,United States
7880,18879,"Morgan, Garrett",Bachelors,Management,North America,Colma,California,United States
7881,18880,"Sanchez, Jarrod",Graduate Degree,Management,North America,Beaverton,Oregon,United States
7882,18881,"James, Kimberly",Graduate Degree,Management,North America,Oregon City,Oregon,United States
7887,18886,"McDonald, Donald",Partial High School,Clerical,North America,Ballard,Washington,United States
7888,18887,"Hernandez, Kari",Partial High School,Clerical,North America,Ballard,Washington,United States
7889,18888,"Powell, Devin",Partial College,Skilled Manual,North America,Kirkland,Washington,United States
7890,18889,"Murphy, Katelyn",Partial College,Skilled Manual,North America,Marysville,Washington,United States
7891,18890,"Blue, Lauren",Partial College,Skilled Manual,North America,Redmond,Washington,United States
7892,18891,"James, Megan",Partial College,Skilled Manual,North America,Bellflower,California,United States
7893,18892,"Howard, Chase",Partial College,Skilled Manual,North America,Colma,California,United States
7894,18893,"White, Devin",Partial College,Skilled Manual,North America,Imperial Beach,California,United States
7895,18894,"Allen, Eric",Partial College,Skilled Manual,North America,Newport Beach,California,United States
7905,18904,"Thomas, Emma",Partial College,Skilled Manual,North America,San Carlos,California,United States
7906,18905,"Adams, Samuel",Partial College,Skilled Manual,North America,Marysville,Washington,United States
7911,18910,"Perez, Marco",Partial College,Skilled Manual,North America,Beaverton,Oregon,United States
7912,18911,"McDonald, Elijah",High School,Skilled Manual,North America,Lynnwood,Washington,United States
7913,18912,"Williams, Tyler",High School,Skilled Manual,North America,Lynnwood,Washington,United States
7914,18913,"Stewart, Jesse",High School,Skilled Manual,North America,Burbank,California,United States
7915,18914,"Ruiz, Felicia",High School,Skilled Manual,North America,Burbank,California,United States
7916,18915,"Gonzalez, Sydney",High School,Skilled Manual,North America,El Cajon,California,United States
7917,18916,"Moore, Christian",High School,Skilled Manual,North America,Palo Alto,California,United States
7918,18917,"Nelson, Jonathan",High School,Skilled Manual,North America,Spring Valley,California,United States
7919,18918,"Ross, Jacqueline",Partial College,Skilled Manual,North America,Spokane,Washington,United States
7921,18920,"Young, Jonathan",Partial College,Skilled Manual,North America,Redwood City,California,United States
7922,18921,"Bailey, Rachel",Partial College,Skilled Manual,North America,Marysville,Washington,United States
7924,18923,"Kapoor, Cassandra",Partial College,Professional,North America,Bellingham,Washington,United States
7925,18924,"Williams, Rachel",Partial College,Professional,North America,Fremont,California,United States
7934,18933,"Huang, Kelli",Partial High School,Skilled Manual,North America,Bellingham,Washington,United States
7935,18934,"Moore, Jeremiah",Partial College,Professional,North America,Tacoma,Washington,United States
7936,18935,"Jenkins, Jasmine",Graduate Degree,Management,North America,La Jolla,California,United States
7937,18936,"Collins, Morgan",Graduate Degree,Management,North America,Woodland Hills,California,United States
7938,18937,"Reed, Ian",Partial High School,Skilled Manual,North America,Oakland,California,United States
7939,18938,"Lopez, Lucas",Partial High School,Skilled Manual,North America,Fremont,California,United States
7940,18939,"McDonald, Hunter",Partial High School,Skilled Manual,North America,Woodland Hills,California,United States
7941,18940,"Bell, Seth",Partial High School,Skilled Manual,North America,Portland,Oregon,United States
7942,18941,"Torres, Philip",Partial College,Professional,North America,Beaverton,Oregon,United States
7943,18942,"Ortega, Billy",Partial College,Professional,North America,Bellflower,California,United States
7944,18943,"Hall, Kaitlyn",Partial College,Professional,North America,Redmond,Washington,United States
7946,18945,"Cox, Marcus",High School,Professional,North America,Lemon Grove,California,United States
7947,18946,"Simmons, Brandon",High School,Professional,North America,Colma,California,United States
7948,18947,"Bryant, Devin",Partial College,Professional,North America,Lincoln Acres,California,United States
7949,18948,"Bailey, Sydney",Partial College,Professional,North America,Concord,California,United States
7950,18949,"Hall, Jackson",Graduate Degree,Management,North America,Salem,Oregon,United States
7953,18952,"Hernandez, Chloe",Bachelors,Management,North America,Milwaukie,Oregon,United States
7954,18953,"Patterson, Mya",Bachelors,Management,North America,Bellflower,California,United States
7955,18954,"Young, Dalton",Bachelors,Management,North America,Fremont,California,United States
7956,18955,"Jones, Justin",High School,Skilled Manual,North America,Palo Alto,California,United States
7957,18956,"Howard, Sara",Bachelors,Professional,North America,San Carlos,California,United States
7958,18957,"Lopez, Mackenzie",Bachelors,Professional,North America,Burien,Washington,United States
7959,18958,"Sanchez, Natalie",Bachelors,Professional,North America,Chula Vista,California,United States
7961,18960,"Johnson, Marcus",Bachelors,Professional,North America,Novato,California,United States
7963,18962,"Parker, Seth",Partial College,Skilled Manual,North America,Colma,California,United States
7964,18963,"Collins, Amber",Partial College,Skilled Manual,North America,Renton,Washington,United States
7965,18964,"Gonzalez, Thomas",High School,Skilled Manual,North America,National City,California,United States
7966,18965,"Turner, Richard",High School,Skilled Manual,North America,Downey,California,United States
7967,18966,"Rai, Carly",Bachelors,Management,North America,Berkeley,California,United States
7968,18967,"Clark, Xavier",Graduate Degree,Management,North America,Los Angeles,California,United States
7970,18969,"Cox, Anna",Graduate Degree,Management,North America,Lynnwood,Washington,United States
7971,18970,"Roberts, Jason",Graduate Degree,Management,North America,Los Angeles,California,United States
7974,18973,"Yuan, Kate",Bachelors,Management,North America,Burlingame,California,United States
7975,18974,"Rodriguez, James",Bachelors,Management,North America,La Jolla,California,United States
7976,18975,"Bryant, Samuel",Partial High School,Clerical,North America,Lakewood,California,United States
7977,18976,"Howard, Garrett",High School,Professional,North America,Corvallis,Oregon,United States
7978,18977,"Wang, Jackson",High School,Professional,North America,Beaverton,Oregon,United States
7980,18979,"Taylor, Noah",High School,Professional,North America,Spring Valley,California,United States
7981,18980,"Hernandez, Sophia",High School,Professional,North America,Corvallis,Oregon,United States
7982,18981,"Watson, Savannah",Bachelors,Management,North America,Palo Alto,California,United States
7983,18982,"Baker, Kyle",High School,Professional,North America,Kirkland,Washington,United States
7984,18983,"Price, Destiny",High School,Professional,North America,San Gabriel,California,United States
7985,18984,"Rivera, Shelby",Bachelors,Management,North America,Issaquah,Washington,United States
8013,19012,"Bryant, Oscar",Bachelors,Management,North America,Spring Valley,California,United States
8014,19013,"Phillips, Amanda",Bachelors,Management,North America,Woodland Hills,California,United States
8017,19016,"Wright, Sierra",Partial College,Professional,North America,Colma,California,United States
8018,19017,"Brooks, Zoe",Partial College,Professional,North America,Colma,California,United States
8019,19018,"Gray, Nicole",Partial College,Professional,North America,Daly City,California,United States
8020,19019,"Gonzales, Jackson",Partial College,Professional,North America,Palo Alto,California,United States
8021,19020,"Flores, Jack",Partial High School,Skilled Manual,North America,Downey,California,United States
8022,19021,"Russell, Melissa",Partial High School,Skilled Manual,North America,Renton,Washington,United States
8023,19022,"Wood, Samantha",Partial High School,Skilled Manual,North America,Grossmont,California,United States
8024,19023,"Powell, Arianna",Partial High School,Skilled Manual,North America,Newport Beach,California,United States
8025,19024,"Russell, Dalton",Partial High School,Skilled Manual,North America,Issaquah,Washington,United States
8026,19025,"Roberts, Aaron",Partial College,Professional,North America,Milwaukie,Oregon,United States
8030,19029,"Andersen, Alicia",High School,Professional,Europe,Berlin,Berlin,Germany
8031,19030,"Arun, Marco",Partial College,Professional,Europe,Dusseldorf,North Rhine-Westphalia,Germany
8035,19034,"Diaz, Tabitha",High School,Professional,Europe,Erlangen,Bavaria,Germany
8036,19035,"Schmidt, Stanley",High School,Professional,Europe,Solingen,North Rhine-Westphalia,Germany
8039,19038,"Patel, Joe",Partial College,Professional,Europe,Neunkirchen,North Rhine-Westphalia,Germany
8041,19040,"Sun, Eugene",Bachelors,Management,Europe,Paderborn,North Rhine-Westphalia,Germany
8043,19042,"Cai, Ronnie",Partial College,Professional,Europe,Darmstadt,Hesse,Germany
8044,19043,"Jones, Jessica",Graduate Degree,Management,Europe,Solingen,North Rhine-Westphalia,Germany
8047,19046,"Raje, Shawna",Bachelors,Management,Europe,Leipzig,Saxony,Germany
8054,19053,"Jordan, Gerald",Partial College,Professional,Europe,Kassel,Hesse,Germany
8058,19057,"Ramos, Joanna",Bachelors,Management,Europe,Salzgitter,Lower Saxony,Germany
8065,19064,"Madan, Veronica",High School,Professional,Europe,Frankfurt,Hesse,Germany
8066,19065,"Arun, Michele",Partial College,Professional,Europe,Kiel,Schleswig-Holstein,Germany
8068,19067,"Luo, Misty",High School,Professional,Europe,Paderborn,North Rhine-Westphalia,Germany
8069,19068,"Son, Alma",Partial College,Professional,Europe,Werne,North Rhine-Westphalia,Germany
8082,19081,"Rubio, Leslie",Partial High School,Professional,Europe,Frankfurt,Hesse,Germany
8108,19107,"Liu, Franklin",Partial College,Professional,North America,Beaverton,Oregon,United States
8109,19108,"Stewart, Haley",Graduate Degree,Skilled Manual,North America,Redmond,Washington,United States
8110,19109,"Brooks, Jade",Graduate Degree,Professional,North America,Colma,California,United States
8111,19110,"Kelly, Jesse",Graduate Degree,Professional,North America,Newport Beach,California,United States
8112,19111,"Kelly, Mariah",Graduate Degree,Professional,North America,Torrance,California,United States
8113,19112,"Hughes, Victoria",Bachelors,Skilled Manual,North America,Novato,California,United States
8115,19114,"Richardson, Natalie",Bachelors,Skilled Manual,North America,Grossmont,California,United States
8116,19115,"Sanchez, Bailey",Bachelors,Skilled Manual,North America,Beverly Hills,California,United States
8118,19117,"Coleman, Kaitlyn",Graduate Degree,Professional,North America,Burbank,California,United States
8120,19119,"Simmons, Connor",Graduate Degree,Professional,North America,Edmonds,Washington,United States
8121,19120,"Sharma, Caleb",Graduate Degree,Professional,North America,Woodburn,Oregon,United States
8122,19121,"Blue, Kaitlyn",Graduate Degree,Professional,North America,Glendale,California,United States
8123,19122,"Hughes, Abigail",Graduate Degree,Professional,North America,Oakland,California,United States
8125,19124,"Bailey, Cody",Graduate Degree,Professional,North America,Palo Alto,California,United States
8126,19125,"Russell, Cameron",Bachelors,Professional,North America,Burien,Washington,United States
8127,19126,"Kapoor, Kristopher",Graduate Degree,Professional,North America,Ballard,Washington,United States
8128,19127,"Sanchez, Alexa",Graduate Degree,Professional,North America,Woodburn,Oregon,United States
8129,19128,"Jackson, Madison",Graduate Degree,Professional,North America,Lakewood,California,United States
8130,19129,"Simmons, Carson",Graduate Degree,Professional,North America,Los Angeles,California,United States
8131,19130,"Baker, Madeline",Graduate Degree,Professional,North America,Woodland Hills,California,United States
8132,19131,"Blue, Mason",Bachelors,Professional,North America,Bellingham,Washington,United States
8133,19132,"Washington, Benjamin",Bachelors,Skilled Manual,North America,Portland,Oregon,United States
8134,19133,"Martinez, Logan",Bachelors,Skilled Manual,North America,Salem,Oregon,United States
8135,19134,"Allen, Sierra",Bachelors,Skilled Manual,North America,San Carlos,California,United States
8136,19135,"Brown, Logan",Graduate Degree,Professional,North America,Kirkland,Washington,United States
8137,19136,"Cook, Richard",Graduate Degree,Professional,North America,Everett,Washington,United States
8138,19137,"Russell, Eric",Graduate Degree,Professional,North America,Port Orchard,Washington,United States
8139,19138,"Coleman, Eric",Graduate Degree,Professional,North America,Milwaukie,Oregon,United States
8140,19139,"Simmons, Oscar",Graduate Degree,Professional,North America,Everett,Washington,United States
8141,19140,"Rogers, Melanie",Graduate Degree,Professional,North America,Santa Monica,California,United States
8142,19141,"Martinez, Samuel",Graduate Degree,Professional,North America,Sedro Woolley,Washington,United States
8143,19142,"Washington, Dalton",Graduate Degree,Professional,North America,San Gabriel,California,United States
8144,19143,"Long, Lauren",Bachelors,Skilled Manual,North America,Edmonds,Washington,United States
8145,19144,"He, Edwin",Bachelors,Skilled Manual,North America,Bellflower,California,United States
8146,19145,"Malhotra, Adriana",Bachelors,Skilled Manual,North America,Concord,California,United States
8147,19146,"Morgan, Mariah",Graduate Degree,Professional,North America,Colma,California,United States
8149,19148,"Ramirez, Cody",Bachelors,Professional,North America,Beaverton,Oregon,United States
8150,19149,"Parker, Sean",Bachelors,Professional,North America,Burien,Washington,United States
8152,19151,"Cooper, Ian",Bachelors,Skilled Manual,North America,Port Orchard,Washington,United States
8153,19152,"Walker, Jonathan",Bachelors,Skilled Manual,North America,Beaverton,Oregon,United States
8154,19153,"Griffin, Dylan",Bachelors,Skilled Manual,North America,Torrance,California,United States
8155,19154,"Sotelo, William",Bachelors,Skilled Manual,North America,Bremerton,Washington,United States
8156,19155,"Flores, Caroline",Bachelors,Skilled Manual,North America,Grossmont,California,United States
8157,19156,"Jenkins, Julia",Bachelors,Skilled Manual,North America,Corvallis,Oregon,United States
8158,19157,"Thompson, Eduardo",Bachelors,Skilled Manual,North America,Bremerton,Washington,United States
8159,19158,"Griffin, Destiny",Bachelors,Skilled Manual,North America,Redwood City,California,United States
8160,19159,"Gonzalez, Richard",Bachelors,Skilled Manual,North America,Grossmont,California,United States
8161,19160,"Perez, Sara",Bachelors,Professional,North America,Newport Beach,California,United States
8162,19161,"Hughes, Jeremiah",Bachelors,Skilled Manual,North America,Colma,California,United States
8163,19162,"Raji, Peter",Bachelors,Professional,North America,Burbank,California,United States
8164,19163,"Bailey, Riley",Bachelors,Professional,North America,Lincoln Acres,California,United States
8165,19164,"Morgan, Danielle",Bachelors,Professional,North America,Imperial Beach,California,United States
8166,19165,"Russell, Miranda",Bachelors,Professional,North America,San Gabriel,California,United States
8167,19166,"Jenkins, Olivia",Bachelors,Professional,North America,San Gabriel,California,United States
8168,19167,"Morgan, Caitlin",Graduate Degree,Professional,North America,Torrance,California,United States
8169,19168,"Kumar, Nathan",Bachelors,Professional,North America,Beaverton,Oregon,United States
8170,19169,"Bryant, Arianna",Graduate Degree,Professional,North America,Port Orchard,Washington,United States
8171,19170,"Campbell, Luis",Graduate Degree,Professional,North America,Burien,Washington,United States
8172,19171,"Torres, Melanie",Graduate Degree,Professional,North America,Santa Monica,California,United States
8177,19176,"Vazquez, Ebony",Partial High School,Manual,Europe,Frankfurt,Hesse,Germany
8178,19177,"Chander, Donna",Bachelors,Skilled Manual,Europe,Frankfurt,Hesse,Germany
8179,19178,"Miller, Sarah",Partial High School,Manual,Europe,Erlangen,Bavaria,Germany
8189,19188,"Anderson, Dalton",High School,Manual,Europe,Kassel,Hesse,Germany
8192,19191,"Chande, Keith",High School,Manual,Europe,Kiel,Schleswig-Holstein,Germany
8197,19196,"She, April",Partial College,Clerical,Europe,Neunkirchen,North Rhine-Westphalia,Germany
8198,19197,"Sandoval, Briana",Partial College,Clerical,Europe,Frankfurt,Hesse,Germany
8199,19198,"Brooks, Melissa",Partial College,Clerical,North America,Santa Cruz,California,United States
8200,19199,"Williams, David",Partial College,Clerical,North America,Spring Valley,California,United States
8202,19201,"Brooks, Charles",Graduate Degree,Skilled Manual,North America,Corvallis,Oregon,United States
8203,19202,"Lee, Brianna",Graduate Degree,Skilled Manual,North America,Marysville,Washington,United States
8204,19203,"Navarro, Darren",High School,Manual,North America,Beverly Hills,California,United States
8205,19204,"Evans, Sydney",High School,Manual,North America,Oregon City,Oregon,United States
8207,19206,"Cooper, Destiny",High School,Manual,North America,Imperial Beach,California,United States
8209,19208,"Diaz, Angelica",High School,Clerical,North America,Sedro Woolley,Washington,United States
8210,19209,"Nelson, Alexandra",High School,Clerical,North America,Sedro Woolley,Washington,United States
8211,19210,"Price, Alexis",High School,Clerical,North America,Downey,California,United States
8212,19211,"Lee, Anna",Partial College,Clerical,North America,Lakewood,California,United States
8213,19212,"Clark, Brianna",Partial College,Clerical,North America,Lebanon,Oregon,United States
8214,19213,"Simmons, Amanda",Partial College,Clerical,North America,Burlingame,California,United States
8215,19214,"Powell, Cassidy",High School,Skilled Manual,North America,Lincoln Acres,California,United States
8216,19215,"Hall, Edward",High School,Skilled Manual,North America,Seattle,Washington,United States
8217,19216,"Lopez, Gabriel",High School,Skilled Manual,North America,Bellflower,California,United States
8219,19218,"Brooks, Nathaniel",Partial College,Clerical,North America,Chula Vista,California,United States
8220,19219,"Peterson, Mary",Partial College,Clerical,North America,Burien,Washington,United States
8222,19221,"Williams, Kaitlyn",High School,Skilled Manual,North America,Novato,California,United States
8223,19222,"Hall, Jordan",High School,Skilled Manual,North America,Yakima,Washington,United States
8226,19225,"Watson, Jeremy",Partial College,Clerical,North America,La Jolla,California,United States
8227,19226,"Carlson, Neil",Partial College,Clerical,North America,Berkeley,California,United States
8228,19227,"Nelson, Logan",Partial College,Clerical,North America,Beaverton,Oregon,United States
8229,19228,"Ramirez, Morgan",Partial College,Clerical,North America,Burien,Washington,United States
8230,19229,"Robinson, David",Graduate Degree,Skilled Manual,North America,Lemon Grove,California,United States
8231,19230,"Moreno, Joy",Graduate Degree,Skilled Manual,North America,Concord,California,United States
8232,19231,"Gill, Meghan",Graduate Degree,Skilled Manual,North America,Colma,California,United States
8234,19233,"Andersen, Omar",Graduate Degree,Skilled Manual,North America,Burlingame,California,United States
8235,19234,"Zheng, Micah",High School,Skilled Manual,North America,Beverly Hills,California,United States
8236,19235,"Bennett, Kayla",Graduate Degree,Skilled Manual,North America,Colma,California,United States
8237,19236,"Phillips, Chloe",Graduate Degree,Skilled Manual,North America,Bellingham,Washington,United States
8238,19237,"Gomez, Kristy",Graduate Degree,Skilled Manual,North America,Bremerton,Washington,United States
8239,19238,"West, Isabella",Graduate Degree,Skilled Manual,North America,Puyallup,Washington,United States
8240,19239,"Alexander, Jeremy",Graduate Degree,Skilled Manual,North America,Redmond,Washington,United States
8241,19240,"Jimenez, Theresa",Graduate Degree,Skilled Manual,North America,Bellflower,California,United States
8242,19241,"Dominguez, Diane",Graduate Degree,Skilled Manual,North America,Beverly Hills,California,United States
8243,19242,"Baker, Devin",Graduate Degree,Skilled Manual,North America,Concord,California,United States
8244,19243,"Thomas, James",Graduate Degree,Skilled Manual,North America,San Carlos,California,United States
8245,19244,"Ward, Sebastian",Graduate Degree,Skilled Manual,North America,San Francisco,California,United States
8246,19245,"King, Isaiah",Graduate Degree,Skilled Manual,North America,Newport Beach,California,United States
8247,19246,"Campbell, Carlos",Graduate Degree,Skilled Manual,North America,Issaquah,Washington,United States
8249,19248,"Black, Sheena",Graduate Degree,Manual,Europe,Frankfurt,Hesse,Germany
8250,19249,"Andersen, Chad",Bachelors,Manual,Europe,Grevenbroich,North Rhine-Westphalia,Germany
8251,19250,"Wu, Lacey",Bachelors,Manual,Europe,Berlin,Berlin,Germany
8252,19251,"Sai, Brett",Graduate Degree,Clerical,Europe,Bonn,North Rhine-Westphalia,Germany
8255,19254,"Sousa, Anibal",Bachelors,Clerical,Europe,Bottrop,North Rhine-Westphalia,Germany
8258,19257,"Jiménez, Dana",Partial College,Manual,Europe,Munster,North Rhine-Westphalia,Germany
8260,19259,"Lin, Barbara",Bachelors,Clerical,Europe,Hamburg,Hamburg,Germany
8275,19274,"Yang, Karen",Partial College,Manual,Europe,Mühlheim am Main,Hesse,Germany
8284,19283,"Sanders, Adrian",Graduate Degree,Clerical,Europe,Erlangen,Bavaria,Germany
8285,19284,"Romero, Briana",Graduate Degree,Clerical,Europe,Leipzig,Saxony,Germany
8286,19285,"Howard, Jacqueline",Bachelors,Clerical,Europe,Kassel,Hesse,Germany
8287,19286,"Butler, Kaitlyn",Bachelors,Clerical,Europe,Kassel,Hesse,Germany
8289,19288,"Wang, Candice",Bachelors,Clerical,Europe,Munich,Bavaria,Germany
8290,19289,"Patel, Johnathan",Bachelors,Clerical,Europe,Saarbrücken,Saar,Germany
8295,19294,"Garcia, Stanley",Bachelors,Clerical,Europe,Werne,North Rhine-Westphalia,Germany
8299,19298,"Andersen, Priscilla",Graduate Degree,Skilled Manual,Europe,Hof,Bavaria,Germany
8301,19300,"Hu, Clarence",Partial College,Manual,Europe,Munich,Bavaria,Germany
8305,19304,"Nelson, Sara",High School,Manual,Europe,Werne,North Rhine-Westphalia,Germany
8312,19311,"Rubio, Dana",Graduate Degree,Clerical,Europe,Berlin,Berlin,Germany
8315,19314,"Beck, Alvin",Partial High School,Manual,Europe,Werne,North Rhine-Westphalia,Germany
8317,19316,"Srini, Raymond",Partial College,Manual,Europe,Bottrop,North Rhine-Westphalia,Germany
8322,19321,"Weber, Clifford",High School,Manual,Europe,Bottrop,North Rhine-Westphalia,Germany
8326,19325,"Chen, Kelli",Bachelors,Clerical,Europe,Munich,Bavaria,Germany
8330,19329,"Srini, Nancy",High School,Manual,Europe,Hamburg,Hamburg,Germany
8331,19330,"Shen, Johnny",High School,Manual,Europe,Munich,Bavaria,Germany
8332,19331,"Hu, Jessie",High School,Manual,Europe,Berlin,Berlin,Germany
8333,19332,"Alan, Kelvin",Bachelors,Skilled Manual,Europe,Dusseldorf,North Rhine-Westphalia,Germany
8334,19333,"Malhotra, Candace",Bachelors,Skilled Manual,Europe,Kassel,Hesse,Germany
8340,19339,"Gomez, Lance",Bachelors,Professional,Europe,Brunswick,Lower Saxony,Germany
8341,19340,"Dominguez, Renee",Bachelors,Professional,Europe,Munster,North Rhine-Westphalia,Germany
8345,19344,"Ma, Mandy",Partial College,Clerical,Europe,Stuttgart,Baden-Wuerttemberg,Germany
8346,19345,"Prasad, Kaitlin",Partial College,Clerical,Europe,Brunswick,Lower Saxony,Germany
8350,19349,"Anand, Warren",Partial College,Clerical,Europe,Essen,North Rhine-Westphalia,Germany
8354,19353,"Gill, Desiree",Partial College,Clerical,Europe,Erlangen,Bavaria,Germany
8355,19354,"Madan, Abby",High School,Manual,Europe,Stuttgart,Baden-Wuerttemberg,Germany
8357,19356,"Ortega, Francis",High School,Manual,Europe,Darmstadt,Hesse,Germany
8358,19357,"Flores, Ryan",Partial College,Clerical,Europe,Ingolstadt,Bavaria,Germany
8365,19364,"Nara, Alejandro",Bachelors,Skilled Manual,Europe,Frankfurt,Hesse,Germany
8366,19365,"Shan, Wayne",Bachelors,Skilled Manual,Europe,Solingen,North Rhine-Westphalia,Germany
8369,19368,"Anand, Lindsay",Partial College,Clerical,Europe,Mühlheim am Main,Hesse,Germany
8372,19371,"Mehta, Roy",Partial College,Clerical,Europe,Kiel,Schleswig-Holstein,Germany
8374,19373,"Suri, Rebekah",High School,Manual,Europe,Leipzig,Saxony,Germany
8376,19375,"Anand, Omar",High School,Manual,Europe,Munster,North Rhine-Westphalia,Germany
8378,19377,"Chandra, Dominic",Partial College,Clerical,Europe,Ingolstadt,Bavaria,Germany
8384,19383,"Nath, Roger",Partial High School,Manual,Europe,Darmstadt,Hesse,Germany
8385,19384,"Rai, Gilbert",Partial High School,Manual,Europe,Neunkirchen,North Rhine-Westphalia,Germany
8386,19385,"Lin, Alisha",Partial High School,Manual,Europe,Hanover,Lower Saxony,Germany
8388,19387,"Rana, Ruth",Partial College,Clerical,Europe,Kiel,Schleswig-Holstein,Germany
8389,19388,"Martin, Alberto",Partial High School,Manual,Europe,Mühlheim am Main,Hesse,Germany
8392,19391,"Rana, Sergio",High School,Manual,Europe,Darmstadt,Hesse,Germany
8394,19393,"Anderson, Miguel",High School,Skilled Manual,North America,Imperial Beach,California,United States
8396,19395,"Zhang, Austin",High School,Skilled Manual,North America,Glendale,California,United States
8397,19396,"Prasad, Tammy",High School,Skilled Manual,North America,Beaverton,Oregon,United States
8398,19397,"Shen, Terry",Bachelors,Professional,North America,Beverly Hills,California,United States
8399,19398,"Gonzales, Dylan",Bachelors,Professional,North America,Redwood City,California,United States
8402,19401,"Hernandez, Kyle",Graduate Degree,Professional,North America,Chula Vista,California,United States
8403,19402,"Scott, Jeremiah",Graduate Degree,Professional,North America,Downey,California,United States
8404,19403,"Cook, Morgan",Graduate Degree,Professional,North America,Long Beach,California,United States
8405,19404,"Moore, Nicole",High School,Skilled Manual,North America,Berkeley,California,United States
8406,19405,"Smith, Abigail",Partial College,Skilled Manual,North America,Lake Oswego,Oregon,United States
8407,19406,"Travers, Brooke",Partial College,Skilled Manual,North America,Salem,Oregon,United States
8408,19407,"Perry, Sarah",Partial College,Skilled Manual,North America,Oregon City,Oregon,United States
8409,19408,"Richardson, Taylor",Partial College,Skilled Manual,North America,Imperial Beach,California,United States
8410,19409,"Allen, Savannah",Partial College,Skilled Manual,North America,Lincoln Acres,California,United States
8411,19410,"Adams, Chloe",Partial College,Skilled Manual,North America,Marysville,Washington,United States
8413,19412,"Chander, Jaime",Graduate Degree,Professional,North America,Bellingham,Washington,United States
8414,19413,"Kelly, Xavier",Bachelors,Professional,North America,Burien,Washington,United States
8416,19415,"Collins, Devin",Bachelors,Clerical,Europe,Frankfurt,Hesse,Germany
8418,19417,"Foster, Alexis",Bachelors,Clerical,Europe,Frankfurt,Hesse,Germany
8421,19420,"Raman, Stanley",Graduate Degree,Clerical,Europe,Berlin,Berlin,Germany
8423,19422,"Gutierrez, Paula",Partial College,Manual,Europe,Ingolstadt,Bavaria,Germany
8429,19428,"Turner, Eric",Bachelors,Clerical,Europe,Darmstadt,Hesse,Germany
8430,19429,"Kelly, Jared",Bachelors,Clerical,Europe,Kassel,Hesse,Germany
8433,19432,"Dominguez, Armando",Partial College,Manual,Europe,Solingen,North Rhine-Westphalia,Germany
8439,19438,"Hu, Shannon",Graduate Degree,Clerical,Europe,Berlin,Berlin,Germany
8440,19439,"Xu, Franklin",Graduate Degree,Clerical,Europe,Eilenburg,Saxony,Germany
8444,19443,"Raman, Dominic",Partial College,Manual,Europe,Stuttgart,Baden-Wuerttemberg,Germany
8450,19449,"Yuan, Nuan",High School,Manual,Europe,Brunswick,Lower Saxony,Germany
8451,19450,"Lal, Keith",Bachelors,Clerical,Europe,Werne,North Rhine-Westphalia,Germany
8452,19451,"Sara, Pedro",Partial High School,Manual,Europe,Frankfurt,Hesse,Germany
8454,19453,"Rana, Veronica",Bachelors,Clerical,Europe,Berlin,Berlin,Germany
8455,19454,"Sharma, Roger",Bachelors,Clerical,Europe,Neunkirchen,North Rhine-Westphalia,Germany
8457,19456,"Perez, Jesse",High School,Manual,Europe,Bottrop,North Rhine-Westphalia,Germany
8473,19472,"Sara, Heidi",High School,Manual,Europe,Paderborn,North Rhine-Westphalia,Germany
8477,19476,"Anderson, Sarah",Bachelors,Professional,Europe,Werne,North Rhine-Westphalia,Germany
8483,19482,"Ortega, Andy",Partial College,Clerical,Europe,Paderborn,North Rhine-Westphalia,Germany
8497,19496,"Subram, Edgar",Partial College,Clerical,Europe,Frankfurt,Hesse,Germany
8502,19501,"Edwards, Allison",Partial College,Clerical,Europe,Solingen,North Rhine-Westphalia,Germany
8510,19509,"Suri, Nancy",Partial College,Clerical,Europe,Frankfurt,Hesse,Germany
8515,19514,"Rodriguez, Kari",Partial High School,Manual,Europe,Offenbach am Main,Hesse,Germany
8519,19518,"Arun, Clifford",Partial College,Clerical,Europe,Munich,Bavaria,Germany
8529,19528,"Hall, Bailey",Partial College,Skilled Manual,North America,Beaverton,Oregon,United States
8530,19529,"Parker, Bailey",Graduate Degree,Professional,North America,Spokane,Washington,United States
8531,19530,"Liang, Lisa",Graduate Degree,Professional,North America,Burlingame,California,United States
8532,19531,"Robinson, John",Graduate Degree,Professional,North America,Colma,California,United States
8533,19532,"Brown, Victoria",Graduate Degree,Professional,North America,Daly City,California,United States
8534,19533,"Long, Vanessa",Graduate Degree,Professional,North America,La Jolla,California,United States
8535,19534,"Torres, Adrian",Graduate Degree,Professional,North America,La Jolla,California,United States
8536,19535,"Mitchell, Alex",Graduate Degree,Professional,North America,National City,California,United States
8538,19537,"Brooks, Michelle",Partial College,Skilled Manual,North America,Milwaukie,Oregon,United States
8539,19538,"Hall, Connor",Partial College,Skilled Manual,North America,Olympia,Washington,United States
8540,19539,"Raji, Latoya",Partial College,Skilled Manual,North America,Colma,California,United States
8541,19540,"Richardson, Jade",Bachelors,Professional,North America,Kirkland,Washington,United States
8543,19542,"Allen, Robert",Graduate Degree,Professional,North America,Salem,Oregon,United States
8544,19543,"Torres, Evan",Graduate Degree,Professional,North America,Corvallis,Oregon,United States
8545,19544,"Price, Katherine",Graduate Degree,Professional,North America,Spring Valley,California,United States
8546,19545,"Watson, Garrett",Bachelors,Professional,North America,National City,California,United States
8548,19547,"Patterson, Lauren",Bachelors,Professional,North America,Imperial Beach,California,United States
8549,19548,"Howard, Kaitlyn",Bachelors,Professional,North America,Berkeley,California,United States
8550,19549,"Sharma, Kevin",Bachelors,Professional,North America,Marysville,Washington,United States
8551,19550,"Perez, Lucas",Bachelors,Professional,North America,El Cajon,California,United States
8552,19551,"Alexander, Samuel",Graduate Degree,Professional,North America,Redmond,Washington,United States
8553,19552,"Zhu, Margaret",Graduate Degree,Professional,North America,Burien,Washington,United States
8634,19633,"Gray, Destiny",High School,Skilled Manual,North America,Glendale,California,United States
8635,19634,"Nath, Gregory",High School,Skilled Manual,North America,Chula Vista,California,United States
8636,19635,"Shan, Dawn",High School,Skilled Manual,North America,Beaverton,Oregon,United States
8637,19636,"Lee, Jessica",High School,Skilled Manual,North America,Beaverton,Oregon,United States
8638,19637,"Long, Eduardo",High School,Skilled Manual,North America,Bellingham,Washington,United States
8639,19638,"Peterson, Kimberly",High School,Skilled Manual,North America,W. Linn,Oregon,United States
8640,19639,"Gill, Victor",High School,Skilled Manual,North America,Chula Vista,California,United States
8642,19641,"Evans, Richard",Partial High School,Clerical,North America,Lake Oswego,Oregon,United States
8644,19643,"Watson, Jacqueline",High School,Skilled Manual,North America,Portland,Oregon,United States
8645,19644,"Gill, Gloria",Partial High School,Clerical,North America,Chula Vista,California,United States
8650,19649,"Martin, Elizabeth",High School,Skilled Manual,North America,Kirkland,Washington,United States
8655,19654,"Alexander, Richard",High School,Skilled Manual,North America,Lebanon,Oregon,United States
8656,19655,"Murphy, Cindy",Partial College,Skilled Manual,North America,West Covina,California,United States
8657,19656,"Travers, Sydney",Partial College,Skilled Manual,North America,Grossmont,California,United States
8658,19657,"Griffin, Emily",Bachelors,Management,North America,Renton,Washington,United States
8659,19658,"Russell, Dylan",Bachelors,Management,North America,San Gabriel,California,United States
8660,19659,"Robinson, Wyatt",Partial College,Skilled Manual,North America,Long Beach,California,United States
8661,19660,"Hill, Devin",Bachelors,Management,North America,Santa Cruz,California,United States
8664,19663,"Allen, Alex",Partial College,Skilled Manual,North America,Ballard,Washington,United States
8665,19664,"Alexander, Ethan",Bachelors,Management,North America,Portland,Oregon,United States
8666,19665,"Gonzales, Eduardo",Graduate Degree,Management,North America,Berkeley,California,United States
8669,19668,"Patel, Erick",Partial College,Skilled Manual,North America,Burien,Washington,United States
8670,19669,"Hill, Hailey",Partial College,Skilled Manual,North America,Sedro Woolley,Washington,United States
8671,19670,"Gutierrez, Erik",Partial College,Skilled Manual,North America,Burbank,California,United States
8672,19671,"Davis, Michael",Partial College,Skilled Manual,North America,Concord,California,United States
8679,19678,"Rodriguez, Martin",Graduate Degree,Skilled Manual,North America,Burien,Washington,United States
8680,19679,"Rana, Erick",Graduate Degree,Skilled Manual,North America,Coronado,California,United States
8681,19680,"King, Jan",Graduate Degree,Skilled Manual,North America,Lebanon,Oregon,United States
8683,19682,"Kumar, Eric",Bachelors,Skilled Manual,North America,Kirkland,Washington,United States
8684,19683,"Parker, Marcus",Graduate Degree,Skilled Manual,North America,Milwaukie,Oregon,United States
8685,19684,"Lee, Alexandra",Partial College,Professional,North America,Olympia,Washington,United States
8686,19685,"Perez, Brandy",Bachelors,Management,North America,Beverly Hills,California,United States
8687,19686,"Hernandez, Charles",Graduate Degree,Management,North America,Daly City,California,United States
8688,19687,"Coleman, Connor",Bachelors,Management,North America,Newport Beach,California,United States
8689,19688,"Baker, Timothy",Partial College,Professional,North America,Palo Alto,California,United States
8690,19689,"Gonzales, Elizabeth",Partial College,Professional,North America,Spokane,Washington,United States
8691,19690,"White, Robert",Graduate Degree,Management,North America,Santa Monica,California,United States
8692,19691,"Cox, Gabriella",Partial College,Professional,North America,Sedro Woolley,Washington,United States
8693,19692,"Edwards, Aaron",Bachelors,Management,North America,Beverly Hills,California,United States
8695,19694,"Perez, Stephanie",Partial College,Professional,North America,Edmonds,Washington,United States
8696,19695,"Gonzalez, Angel",Partial College,Professional,North America,Oregon City,Oregon,United States
8697,19696,"Patterson, Adam",Partial College,Professional,North America,El Cajon,California,United States
8698,19697,"Wood, Isabella",High School,Professional,North America,Grossmont,California,United States
8699,19698,"Barnes, Stephanie",Bachelors,Management,North America,San Diego,California,United States
8701,19700,"Hall, Gabriel",Partial College,Professional,North America,Burlingame,California,United States
8709,19708,"Luo, April",Graduate Degree,Management,North America,Colma,California,United States
8712,19711,"Cooper, Devin",Partial College,Professional,North America,Milwaukie,Oregon,United States
8713,19712,"Phillips, Eric",Partial College,Professional,North America,Puyallup,Washington,United States
8714,19713,"Stewart, Morgan",Partial College,Professional,North America,Redmond,Washington,United States
8715,19714,"Price, Angela",High School,Professional,North America,Downey,California,United States
8716,19715,"Parker, Elijah",High School,Professional,North America,Imperial Beach,California,United States
8717,19716,"Martin, Logan",Partial High School,Skilled Manual,North America,San Gabriel,California,United States
8718,19717,"Hill, Edward",Partial High School,Skilled Manual,North America,Woodburn,Oregon,United States
8719,19718,"Butler, Taylor",High School,Professional,North America,Milwaukie,Oregon,United States
8720,19719,"Baker, Hunter",Graduate Degree,Management,North America,Novato,California,United States
8735,19734,"Weisman, Natalie",Graduate Degree,Management,North America,San Diego,California,United States
8736,19735,"Reed, Mackenzie",Graduate Degree,Management,North America,La Jolla,California,United States
8737,19736,"Kelly, Rachel",Graduate Degree,Management,North America,San Francisco,California,United States
8738,19737,"Ramirez, Erin",Graduate Degree,Management,North America,Burien,Washington,United States
8739,19738,"Martinez, Henry",Graduate Degree,Management,North America,Bellingham,Washington,United States
8740,19739,"Perry, Lucas",Graduate Degree,Management,North America,Chula Vista,California,United States
8741,19740,"Liang, Connie",Graduate Degree,Management,North America,Bremerton,Washington,United States
8742,19741,"Rivera, María",Graduate Degree,Management,North America,Everett,Washington,United States
8743,19742,"Russell, Alexia",Bachelors,Management,North America,Bellingham,Washington,United States
8744,19743,"Rana, Holly",Graduate Degree,Management,North America,Bellingham,Washington,United States
8745,19744,"Cai, Tamara",Graduate Degree,Management,North America,Colma,California,United States
8746,19745,"Simmons, Kayla",Graduate Degree,Management,North America,National City,California,United States
8748,19747,"Rai, Louis",Bachelors,Management,North America,Concord,California,United States
8750,19749,"Jackson, Natalie",Partial College,Skilled Manual,North America,San Diego,California,United States
8755,19754,"Rana, Francisco",Partial College,Skilled Manual,North America,Burien,Washington,United States
8756,19755,"Foster, Lauren",Partial College,Skilled Manual,North America,Spokane,Washington,United States
8757,19756,"Yuan, Nicolas",Partial College,Skilled Manual,North America,Chula Vista,California,United States
8759,19758,"Wright, Alex",Partial College,Skilled Manual,North America,Woodland Hills,California,United States
8760,19759,"Barnes, Sydney",Partial College,Skilled Manual,North America,Redwood City,California,United States
8761,19760,"Russell, Sydney",Partial College,Skilled Manual,North America,Grossmont,California,United States
8768,19767,"Serrano, Ross",Partial High School,Clerical,North America,Berkeley,California,United States
8769,19768,"Jackson, Christopher",Partial High School,Clerical,North America,Colma,California,United States
8770,19769,"Peterson, Andrea",Partial College,Skilled Manual,North America,Long Beach,California,United States
8775,19774,"Davis, Brianna",High School,Skilled Manual,North America,Olympia,Washington,United States
8776,19775,"Cai, Alisha",High School,Skilled Manual,North America,Chula Vista,California,United States
8777,19776,"Murphy, Judith",High School,Skilled Manual,North America,Daly City,California,United States
8778,19777,"Thomas, Jonathan",Partial College,Skilled Manual,North America,Los Angeles,California,United States
8804,19803,"Mehta, Jermaine",Partial High School,Skilled Manual,North America,Bremerton,Washington,United States
8809,19808,"Kelly, Brooke",Graduate Degree,Management,North America,Grossmont,California,United States
8810,19809,"Sharma, Eric",Graduate Degree,Management,North America,Lemon Grove,California,United States
8813,19812,"Morgan, Sydney",Partial College,Professional,North America,Coronado,California,United States
8814,19813,"Perez, Rebecca",Bachelors,Management,North America,Issaquah,Washington,United States
8815,19814,"Washington, Blake",Bachelors,Management,North America,Burlingame,California,United States
8816,19815,"Thompson, Christian",Bachelors,Management,North America,Sedro Woolley,Washington,United States
8817,19816,"Brown, Lucas",Partial College,Professional,North America,Beaverton,Oregon,United States
8819,19818,"Anderson, Brianna",High School,Professional,North America,Grossmont,California,United States
8820,19819,"Brown, Andrew",High School,Professional,North America,National City,California,United States
8821,19820,"Coleman, Alexandra",High School,Professional,North America,Lincoln Acres,California,United States
8822,19821,"Vazquez, Tabitha",Partial College,Professional,North America,Beverly Hills,California,United States
8825,19824,"Perry, Jordan",Partial College,Professional,North America,Bellingham,Washington,United States
8826,19825,"Ferrier, Gilbert",Bachelors,Management,North America,Concord,California,United States
8832,19831,"Green, Charles",Partial College,Skilled Manual,North America,San Carlos,California,United States
8833,19832,"Hernandez, Sheila",High School,Skilled Manual,North America,Chula Vista,California,United States
8834,19833,"Kelly, Michelle",Bachelors,Management,North America,Corvallis,Oregon,United States
8835,19834,"Sharma, Johnny",Bachelors,Management,North America,Burien,Washington,United States
8836,19835,"Allen, Jordan",Graduate Degree,Management,North America,Milwaukie,Oregon,United States
8838,19837,"Jimenez, Philip",Bachelors,Management,North America,Berkeley,California,United States
8839,19838,"Ramirez, Jared",Bachelors,Management,North America,W. Linn,Oregon,United States
8841,19840,"James, Jessica",Graduate Degree,Management,North America,Imperial Beach,California,United States
8842,19841,"Jenkins, Alexandria",Bachelors,Management,North America,El Cajon,California,United States
8843,19842,"Phillips, Katherine",Bachelors,Management,North America,Bremerton,Washington,United States
8844,19843,"Kumar, Connor",Bachelors,Management,North America,Grossmont,California,United States
8846,19845,"Hernandez, Fernando",Bachelors,Management,North America,Yakima,Washington,United States
8847,19846,"Patterson, Seth",Bachelors,Management,North America,Salem,Oregon,United States
8849,19848,"Malhotra, Bryant",Bachelors,Management,North America,Bremerton,Washington,United States
8850,19849,"Wu, Jorge",High School,Professional,North America,Bellflower,California,United States
8851,19850,"Hill, Jeremiah",High School,Professional,North America,Los Angeles,California,United States
8852,19851,"Pal, Louis",Bachelors,Management,North America,Burbank,California,United States
8853,19852,"Carter, Eric",Bachelors,Management,North America,Lynnwood,Washington,United States
8854,19853,"Ramos, Ricky",Bachelors,Management,North America,Carson,California,United States
8855,19854,"Hall, Katherine",Bachelors,Management,North America,Novato,California,United States
8857,19856,"Madan, Tammy",Bachelors,Management,North America,Burbank,California,United States
8858,19857,"Rogers, Megan",Bachelors,Management,North America,Santa Cruz,California,United States
8859,19858,"Collins, Jenna",Bachelors,Management,North America,Salem,Oregon,United States
8860,19859,"Zhao, Lisa",Bachelors,Management,North America,Burlingame,California,United States
8861,19860,"Young, Sara",Partial College,Professional,North America,Ballard,Washington,United States
8862,19861,"Perry, Caroline",Partial College,Professional,North America,Lake Oswego,Oregon,United States
8864,19863,"Powell, Paige",Partial College,Professional,North America,Burien,Washington,United States
8865,19864,"Brooks, Isaiah",Partial College,Professional,North America,Portland,Oregon,United States
8866,19865,"Butler, Hailey",Partial College,Professional,North America,Woodburn,Oregon,United States
8867,19866,"Patel, Martin",Partial College,Professional,North America,Chula Vista,California,United States
8868,19867,"Sanchez, Juan",Partial College,Professional,North America,Chula Vista,California,United States
8869,19868,"Jenkins, Kyle",Bachelors,Management,North America,Newport Beach,California,United States
8870,19869,"Brooks, Carol",Partial College,Professional,North America,West Covina,California,United States
8872,19871,"Rivera, Bryce",Partial College,Professional,North America,Sedro Woolley,Washington,United States
8876,19875,"James, Patrick",Partial College,Professional,North America,Bremerton,Washington,United States
8877,19876,"Edwards, Nathan",Partial College,Professional,North America,Burlingame,California,United States
8878,19877,"Zheng, Steve",Partial College,Professional,North America,Chula Vista,California,United States
8879,19878,"Jackson, Morgan",Partial College,Professional,North America,La Jolla,California,United States
8880,19879,"Green, Ian",Partial College,Professional,North America,Lemon Grove,California,United States
8881,19880,"Bennett, Emma",Partial College,Professional,North America,Oakland,California,United States
8882,19881,"Long, Aidan",Bachelors,Management,North America,Santa Monica,California,United States
8883,19882,"Phillips, Richard",Bachelors,Management,North America,Torrance,California,United States
8884,19883,"Young, Kevin",Bachelors,Management,North America,Woodland Hills,California,United States
8886,19885,"Turner, Isaac",High School,Professional,North America,Bellingham,Washington,United States
8887,19886,"Butler, Marcus",High School,Professional,North America,Kirkland,Washington,United States
8888,19887,"Walker, Olivia",Partial College,Professional,North America,Woodburn,Oregon,United States
8889,19888,"Washington, Carson",Partial College,Professional,North America,Glendale,California,United States
8890,19889,"Sanders, Catherine",Partial High School,Skilled Manual,North America,El Cajon,California,United States
8891,19890,"Alvarez, Lee",Partial High School,Skilled Manual,North America,Coronado,California,United States
8892,19891,"Morgan, Jennifer",High School,Professional,North America,Everett,Washington,United States
8893,19892,"Campbell, Richard",High School,Professional,North America,San Carlos,California,United States
8894,19893,"Baker, Evan",High School,Professional,North America,Marysville,Washington,United States
8895,19894,"Sharma, Elijah",High School,Professional,North America,Bellingham,Washington,United States
8896,19895,"Jimenez, Ricky",High School,Professional,North America,Burbank,California,United States
8897,19896,"Thomas, Kaitlyn",High School,Professional,North America,Oregon City,Oregon,United States
8898,19897,"Nelson, Gabriella",Partial College,Professional,North America,San Gabriel,California,United States
8899,19898,"Serrano, Desiree",Bachelors,Management,Europe,Stuttgart,Baden-Wuerttemberg,Germany
8901,19900,"Richardson, Zoe",High School,Professional,Europe,Bottrop,North Rhine-Westphalia,Germany
8902,19901,"Sara, Ronald",Partial College,Professional,Europe,Sulzbach Taunus,Saar,Germany
8905,19904,"Gray, Jasmine",High School,Professional,Europe,Ingolstadt,Bavaria,Germany
8910,19909,"Chandra, Geoffrey",Partial College,Professional,Europe,Bonn,North Rhine-Westphalia,Germany
8911,19910,"Rubio, Orlando",Partial College,Professional,Europe,Werne,North Rhine-Westphalia,Germany
8916,19915,"McDonald, Claudia",Graduate Degree,Management,Europe,Mühlheim am Main,Hesse,Germany
8922,19921,"Cai, Cara",Bachelors,Management,Europe,Munich,Bavaria,Germany
8925,19924,"Perez, Douglas",Partial High School,Professional,Europe,Ingolstadt,Bavaria,Germany
8926,19925,"Jenkins, Madison",Partial College,Professional,Europe,Kassel,Hesse,Germany
8931,19930,"Tang, Tony",Partial College,Professional,Europe,Mühlheim am Main,Hesse,Germany
8932,19931,"Xu, Darryl",Bachelors,Management,Europe,Salzgitter,Lower Saxony,Germany
8935,19934,"Blanco, Neil",High School,Professional,Europe,Berlin,Berlin,Germany
8936,19935,"Navarro, Clinton",Partial College,Professional,Europe,Poing,Bavaria,Germany
8937,19936,"Luo, Corey",Partial College,Management,Europe,Bottrop,North Rhine-Westphalia,Germany
8938,19937,"Gomez, Jimmy",Partial College,Management,Europe,Kassel,Hesse,Germany
8945,19944,"Suarez, Jonathon",Partial High School,Skilled Manual,Europe,Brunswick,Lower Saxony,Germany
8981,19980,"Carter, Alexandra",Partial College,Professional,North America,Kirkland,Washington,United States
8982,19981,"Russell, Kelly",Graduate Degree,Professional,North America,Downey,California,United States
8983,19982,"Cox, Charles",Graduate Degree,Professional,North America,Los Angeles,California,United States
8984,19983,"Martinez, Michael",Bachelors,Skilled Manual,North America,Bellflower,California,United States
8985,19984,"Morris, Sara",Bachelors,Skilled Manual,North America,El Cajon,California,United States
8986,19985,"Ma, Tamara",Bachelors,Skilled Manual,North America,Bremerton,Washington,United States
8987,19986,"Huang, Jamie",Bachelors,Skilled Manual,North America,Colma,California,United States
8991,19990,"Rai, Peter",Graduate Degree,Professional,North America,Burbank,California,United States
8992,19991,"Thomas, Jacob",Graduate Degree,Professional,North America,Chula Vista,California,United States
8993,19992,"Hill, Stephanie",Graduate Degree,Professional,North America,Newport Beach,California,United States
8994,19993,"Russell, Nathan",Graduate Degree,Professional,North America,Kirkland,Washington,United States
8995,19994,"King, Madeline",Bachelors,Skilled Manual,North America,Novato,California,United States
8996,19995,"Gonzales, Jordyn",Bachelors,Skilled Manual,North America,Redwood City,California,United States
8997,19996,"She, Grant",Bachelors,Skilled Manual,North America,Burien,Washington,United States
8999,19998,"Liu, Laura",High School,Skilled Manual,North America,Colma,California,United States
9000,19999,"Brooks, Danielle",Bachelors,Professional,North America,La Jolla,California,United States
9002,20001,"Hill, Jordan",Graduate Degree,Professional,North America,Marysville,Washington,United States
9003,20002,"White, Elizabeth",Graduate Degree,Professional,North America,Berkeley,California,United States
9004,20003,"Gonzalez, Dalton",Graduate Degree,Professional,North America,Beverly Hills,California,United States
9005,20004,"Perez, Kaitlin",Graduate Degree,Professional,North America,Concord,California,United States
9006,20005,"Zhang, Kevin",Bachelors,Skilled Manual,North America,Downey,California,United States
9007,20006,"Morris, Grace",Bachelors,Skilled Manual,North America,Woodburn,Oregon,United States
9009,20008,"Foster, Jack",Graduate Degree,Professional,North America,National City,California,United States
9010,20009,"Walker, Noah",Graduate Degree,Professional,North America,West Covina,California,United States
9011,20010,"Carter, Jackson",Graduate Degree,Professional,North America,San Diego,California,United States
9012,20011,"Sanders, Eduardo",Graduate Degree,Professional,North America,Lake Oswego,Oregon,United States
9013,20012,"Robinson, Jessica",Graduate Degree,Professional,North America,Bellflower,California,United States
9014,20013,"Hughes, Jocelyn",Graduate Degree,Professional,North America,Corvallis,Oregon,United States
9015,20014,"Blanco, Anne",Graduate Degree,Professional,North America,Chula Vista,California,United States
9016,20015,"King, Jenna",Graduate Degree,Professional,North America,Lakewood,California,United States
9017,20016,"Kelly, Katherine",Bachelors,Professional,North America,W. Linn,Oregon,United States
9018,20017,"Sanders, Anna",Bachelors,Professional,North America,Fremont,California,United States
9019,20018,"Gray, Lauren",Bachelors,Skilled Manual,North America,Renton,Washington,United States
9020,20019,"Diaz, Brittany",Bachelors,Skilled Manual,North America,Lynnwood,Washington,United States
9021,20020,"Foster, Jacqueline",Bachelors,Skilled Manual,North America,Los Angeles,California,United States
9023,20022,"Perry, Arthur",Bachelors,Skilled Manual,North America,Colma,California,United States
9025,20024,"Miller, Fernando",Bachelors,Professional,North America,Lemon Grove,California,United States
9026,20025,"Bell, Bryce",Bachelors,Professional,North America,Everett,Washington,United States
9027,20026,"Richardson, Jasmine",Bachelors,Professional,North America,Yakima,Washington,United States
9028,20027,"Murphy, Danielle",Bachelors,Skilled Manual,North America,Glendale,California,United States
9029,20028,"Flores, Angela",Bachelors,Skilled Manual,North America,Redwood City,California,United States
9030,20029,"Evans, Jan",Bachelors,Skilled Manual,North America,Los Angeles,California,United States
9031,20030,"Harris, Alexander",Bachelors,Skilled Manual,North America,Burlingame,California,United States
9032,20031,"James, Devin",Bachelors,Skilled Manual,North America,Burlingame,California,United States
9033,20032,"Walker, Marcus",Bachelors,Skilled Manual,North America,Tacoma,Washington,United States
9034,20033,"Turner, Carlos",Bachelors,Professional,North America,Santa Monica,California,United States
9037,20036,"Tang, Kate",Bachelors,Professional,North America,Colma,California,United States
9038,20037,"Sanchez, Alyssa",Bachelors,Professional,North America,Lincoln Acres,California,United States
9039,20038,"Price, Taylor",Bachelors,Professional,North America,Oakland,California,United States
9040,20039,"Evans, Stephanie",Bachelors,Professional,North America,Sedro Woolley,Washington,United States
9041,20040,"Rivera, Victoria",Graduate Degree,Professional,North America,Mill Valley,California,United States
9044,20043,"Zheng, Brent",Partial High School,Manual,Europe,Ingolstadt,Bavaria,Germany
9052,20051,"Dominguez, Linda",Partial College,Clerical,Europe,Berlin,Berlin,Germany
9057,20056,"She, Johnny",Partial High School,Manual,Europe,Berlin,Berlin,Germany
9063,20062,"Carson, Russell",High School,Manual,Europe,Stuttgart,Baden-Wuerttemberg,Germany
9065,20064,"Prasad, Whitney",Partial College,Clerical,Europe,Berlin,Berlin,Germany
9066,20065,"Lal, Grant",Partial College,Clerical,Europe,Kassel,Hesse,Germany
9067,20066,"White, Marcus",Partial College,Clerical,North America,Lynnwood,Washington,United States
9068,20067,"Thompson, Destiny",Partial College,Clerical,North America,Redwood City,California,United States
9069,20068,"Peterson, Alexandria",Partial College,Clerical,North America,Novato,California,United States
9070,20069,"Smith, Jessica",Graduate Degree,Skilled Manual,North America,Santa Monica,California,United States
9075,20074,"Madan, Preston",High School,Manual,North America,Concord,California,United States
9077,20076,"Vazquez, Beth",High School,Manual,North America,Burbank,California,United States
9078,20077,"Coleman, Aidan",High School,Manual,North America,Coronado,California,United States
9079,20078,"Lee, Jose",High School,Manual,North America,Oregon City,Oregon,United States
9080,20079,"Taylor, Alexandra",High School,Manual,North America,Beaverton,Oregon,United States
9081,20080,"Stewart, Maria",High School,Manual,North America,Burien,Washington,United States
9082,20081,"Xie, Jerry",High School,Manual,North America,Burien,Washington,United States
9084,20083,"Kumar, Terry",High School,Manual,North America,Beverly Hills,California,United States
9089,20088,"Lewis, Jose",Partial High School,Clerical,North America,Issaquah,Washington,United States
9090,20089,"Powell, Luis",High School,Manual,North America,Renton,Washington,United States
9091,20090,"Edwards, Blake",High School,Clerical,North America,Concord,California,United States
9092,20091,"Parker, Andrea",High School,Clerical,North America,Coronado,California,United States
9095,20094,"Chande, Lindsey",High School,Clerical,North America,Beverly Hills,California,United States
9096,20095,"Flores, Ana",High School,Clerical,North America,Los Angeles,California,United States
9099,20098,"Lewis, Alexis",High School,Skilled Manual,North America,El Cajon,California,United States
9100,20099,"Xie, Devon",High School,Skilled Manual,North America,Burlingame,California,United States
9101,20100,"Watson, Jesse",High School,Skilled Manual,North America,Long Beach,California,United States
9102,20101,"Hayes, Devin",High School,Skilled Manual,North America,Oregon City,Oregon,United States
9103,20102,"Jenkins, Arianna",High School,Skilled Manual,North America,Renton,Washington,United States
9106,20105,"Taylor, Alexis",High School,Skilled Manual,North America,La Jolla,California,United States
9108,20107,"Morris, Danielle",Partial College,Clerical,North America,Renton,Washington,United States
9109,20108,"Gao, Glenn",Partial College,Clerical,North America,Burien,Washington,United States
9110,20109,"Stewart, Katelyn",Partial College,Clerical,North America,Newport Beach,California,United States
9111,20110,"Perry, Austin",Partial College,Clerical,North America,Woodland Hills,California,United States
9112,20111,"Zhu, Brittney",Partial College,Clerical,North America,Burbank,California,United States
9113,20112,"James, Shelby",Graduate Degree,Skilled Manual,North America,Torrance,California,United States
9114,20113,"Murphy, Christina",Graduate Degree,Skilled Manual,North America,Port Orchard,Washington,United States
9115,20114,"Thompson, Joseph",Graduate Degree,Skilled Manual,North America,Renton,Washington,United States
9116,20115,"Jones, Megan",Partial College,Clerical,North America,Lemon Grove,California,United States
9122,20121,"Butler, Dylan",Graduate Degree,Skilled Manual,North America,Salem,Oregon,United States
9123,20122,"Bailey, Jeremy",Graduate Degree,Skilled Manual,North America,Downey,California,United States
9124,20123,"Gonzalez, Aaron",Graduate Degree,Skilled Manual,North America,Grossmont,California,United States
9125,20124,"Coleman, Natalie",Graduate Degree,Skilled Manual,North America,Redwood City,California,United States
9126,20125,"Clark, Natalie",Graduate Degree,Skilled Manual,North America,Kirkland,Washington,United States
9127,20126,"Carter, Seth",Graduate Degree,Skilled Manual,North America,Santa Cruz,California,United States
9128,20127,"Sanders, Carlos",Graduate Degree,Skilled Manual,North America,Corvallis,Oregon,United States
9129,20128,"Miller, Ian",Graduate Degree,Skilled Manual,North America,Woodburn,Oregon,United States
9130,20129,"Stewart, Nicole",Graduate Degree,Skilled Manual,North America,Beaverton,Oregon,United States
9133,20132,"Shen, Jenny",Graduate Degree,Manual,Europe,Berlin,Berlin,Germany
9136,20135,"Price, Grace",Bachelors,Manual,Europe,Ingolstadt,Bavaria,Germany
9138,20137,"Fernandez, Jarrod",Bachelors,Manual,Europe,Salzgitter,Lower Saxony,Germany
9139,20138,"Moreno, Kendra",Graduate Degree,Clerical,Europe,Dresden,Saxony,Germany
9140,20139,"Wright, Connor",Bachelors,Manual,North America,Santa Monica,California,United States
9141,20140,"Navarro, Joe",Bachelors,Manual,Europe,Essen,North Rhine-Westphalia,Germany
9144,20143,"Suarez, Jimmy",Partial College,Manual,Europe,Dresden,Saxony,Germany
9145,20144,"Lin, Roger",Partial College,Manual,Europe,Poing,Bavaria,Germany
9163,20162,"Nath, Kelsey",Partial College,Manual,Europe,Bottrop,North Rhine-Westphalia,Germany
9164,20163,"Zhang, Krystal",Partial College,Manual,Europe,Frankfurt,Hesse,Germany
9167,20166,"Gutierrez, Monique",Graduate Degree,Clerical,Europe,Frankfurt,Hesse,Germany
9169,20168,"Serrano, Jessie",High School,Manual,Europe,Berlin,Berlin,Germany
9170,20169,"Gray, Garrett",Partial College,Manual,Europe,Saarlouis,Saar,Germany
9172,20171,"King, Bailey",Partial College,Manual,Europe,Kassel,Hesse,Germany
9175,20174,"Gonzalez, Douglas",Partial High School,Manual,Europe,Berlin,Berlin,Germany
9177,20176,"Alexander, Antonio",Partial High School,Manual,Europe,Darmstadt,Hesse,Germany
9181,20180,"Sanders, Amanda",Partial College,Skilled Manual,North America,Lemon Grove,California,United States
9182,20181,"Brooks, Catherine",Partial College,Skilled Manual,North America,National City,California,United States
9184,20183,"Allen, Sophia",Partial College,Skilled Manual,North America,Lebanon,Oregon,United States
9185,20184,"Richardson, Jessica",High School,Skilled Manual,North America,Beaverton,Oregon,United States
9186,20185,"Cooper, Xavier",High School,Skilled Manual,North America,El Cajon,California,United States
9188,20187,"King, Robert",Partial College,Skilled Manual,North America,Spring Valley,California,United States
9191,20190,"Reed, Angela",Partial College,Skilled Manual,North America,Olympia,Washington,United States
9192,20191,"Rai, Chad",Graduate Degree,Professional,North America,Berkeley,California,United States
9193,20192,"Campbell, Amber",Graduate Degree,Professional,North America,Berkeley,California,United States
9194,20193,"Gray, Alyssa",Graduate Degree,Professional,North America,Mill Valley,California,United States
9195,20194,"Campbell, Connor",Partial College,Skilled Manual,North America,San Diego,California,United States
9196,20195,"Wilson, Blake",Partial College,Skilled Manual,North America,Edmonds,Washington,United States
9197,20196,"Perry, Cameron",Partial College,Skilled Manual,North America,Oregon City,Oregon,United States
9198,20197,"Johnson, Olivia",Partial College,Skilled Manual,North America,Lake Oswego,Oregon,United States
9199,20198,"Evans, Sierra",Bachelors,Professional,North America,Novato,California,United States
9200,20199,"Cook, Hailey",Graduate Degree,Professional,North America,Newport Beach,California,United States
9201,20200,"Gonzales, Noah",Graduate Degree,Professional,North America,Sedro Woolley,Washington,United States
9202,20201,"Harris, Chloe",Graduate Degree,Professional,North America,Lemon Grove,California,United States
9204,20203,"Blanco, Roy",Graduate Degree,Professional,North America,Beaverton,Oregon,United States
9205,20204,"Carlson, Renee",Graduate Degree,Professional,North America,Berkeley,California,United States
9206,20205,"Cox, Bryce",Bachelors,Professional,North America,Beaverton,Oregon,United States
9208,20207,"Bailey, Angel",Bachelors,Professional,North America,La Jolla,California,United States
9211,20210,"Powell, Stephanie",Graduate Degree,Professional,North America,Oregon City,Oregon,United States
9271,20270,"Phillips, Kevin",High School,Skilled Manual,North America,Imperial Beach,California,United States
9272,20271,"Fernandez, Barry",High School,Skilled Manual,North America,Berkeley,California,United States
9273,20272,"James, Seth",High School,Skilled Manual,North America,Bellingham,Washington,United States
9275,20274,"Wang, Brent",High School,Skilled Manual,North America,Ballard,Washington,United States
9276,20275,"Kelly, Angela",High School,Skilled Manual,North America,Lake Oswego,Oregon,United States
9277,20276,"Sanchez, Haley",High School,Skilled Manual,North America,Seattle,Washington,United States
9279,20278,"Oliver, Alisha",High School,Skilled Manual,North America,Concord,California,United States
9280,20279,"Henderson, Trevor",High School,Skilled Manual,North America,Grossmont,California,United States
9282,20281,"Xie, Karl",High School,Skilled Manual,North America,Ballard,Washington,United States
9286,20285,"Alexander, Aaron",High School,Skilled Manual,North America,Kirkland,Washington,United States
9287,20286,"Wu, Stacey",Partial College,Skilled Manual,North America,Bellflower,California,United States
9288,20287,"Simmons, Destiny",Partial College,Skilled Manual,North America,Chula Vista,California,United States
9289,20288,"Edwards, Jeremiah",Partial College,Skilled Manual,North America,Imperial Beach,California,United States
9290,20289,"Richardson, Jada",Partial College,Skilled Manual,North America,Mill Valley,California,United States
9291,20290,"Simmons, Austin",Partial College,Skilled Manual,North America,Santa Monica,California,United States
9292,20291,"Walker, Alexis",High School,Skilled Manual,North America,San Carlos,California,United States
9293,20292,"Ross, Katherine",Partial College,Skilled Manual,North America,Daly City,California,United States
9294,20293,"Jackson, Rachel",Partial College,Skilled Manual,North America,Mill Valley,California,United States
9295,20294,"Davis, Julia",Partial College,Skilled Manual,North America,Woodland Hills,California,United States
9296,20295,"Brown, Christopher",Partial College,Skilled Manual,North America,Tacoma,Washington,United States
9297,20296,"Diaz, Morgan",Partial College,Skilled Manual,North America,Burlingame,California,United States
9298,20297,"Wu, Valerie",Graduate Degree,Management,North America,Berkeley,California,United States
9299,20298,"Arun, Edgar",Graduate Degree,Management,North America,Burbank,California,United States
9302,20301,"Bradley, Gloria",Partial College,Skilled Manual,North America,Bellingham,Washington,United States
9303,20302,"Andersen, Tasha",Graduate Degree,Management,North America,Burlingame,California,United States
9304,20303,"Morgan, Bryce",Graduate Degree,Management,North America,Colma,California,United States
9305,20304,"Edwards, Jesse",High School,Skilled Manual,North America,Walla Walla,Washington,United States
9306,20305,"Ross, Caleb",Partial College,Skilled Manual,North America,Bellflower,California,United States
9307,20306,"Baker, Mary",Partial College,Skilled Manual,North America,Concord,California,United States
9308,20307,"Blue, Natalie",Partial College,Skilled Manual,North America,Coronado,California,United States
9309,20308,"Uittenbogaard, Pieter",Partial College,Skilled Manual,North America,Lemon Grove,California,United States
9311,20310,"Ramirez, Timothy",Partial College,Skilled Manual,North America,Long Beach,California,United States
9312,20311,"Bell, Cole",Partial College,Skilled Manual,North America,Los Angeles,California,United States
9314,20313,"Bennett, Oscar",Partial College,Skilled Manual,North America,Beaverton,Oregon,United States
9316,20315,"Ramirez, Devin",Partial College,Skilled Manual,North America,Walla Walla,Washington,United States
9320,20319,"Alexander, Dylan",Graduate Degree,Skilled Manual,North America,Burien,Washington,United States
9321,20320,"Nath, Mindy",Graduate Degree,Skilled Manual,North America,Bellflower,California,United States
9322,20321,"Chen, Colleen",Graduate Degree,Skilled Manual,North America,Burbank,California,United States
9323,20322,"Wood, Rachel",Partial College,Professional,North America,Marysville,Washington,United States
9324,20323,"Coleman, Justin",Partial College,Professional,North America,Redmond,Washington,United States
9325,20324,"Rodriguez, Ashley",Partial College,Professional,North America,Bellflower,California,United States
9326,20325,"Williams, Charles",Bachelors,Management,North America,Newport Beach,California,United States
9327,20326,"Blue, Paige",Bachelors,Management,North America,San Carlos,California,United States
9328,20327,"Perez, Sophia",Bachelors,Management,North America,San Carlos,California,United States
9329,20328,"Carter, Sierra",Bachelors,Management,North America,San Diego,California,United States
9330,20329,"Yang, Jose",Bachelors,Management,North America,West Covina,California,United States
9332,20331,"Cox, Jeremy",Partial College,Professional,North America,Bellingham,Washington,United States
9333,20332,"Navarro, Danny",Partial College,Professional,North America,Bellingham,Washington,United States
9334,20333,"Gonzales, Abigail",Partial College,Professional,North America,Edmonds,Washington,United States
9335,20334,"Mitchell, Jeremiah",Bachelors,Management,North America,Bellflower,California,United States
9336,20335,"Gonzales, Adam",Bachelors,Management,North America,Colma,California,United States
9337,20336,"Young, Ian",Bachelors,Management,North America,Concord,California,United States
9338,20337,"Hall, Xavier",High School,Professional,North America,La Jolla,California,United States
9339,20338,"James, Anna",Bachelors,Management,North America,Lakewood,California,United States
9340,20339,"Hughes, Kaitlyn",Bachelors,Management,North America,Long Beach,California,United States
9341,20340,"Kelly, Makayla",Bachelors,Management,North America,National City,California,United States
9343,20342,"Lu, Aimee",Partial College,Professional,North America,Bremerton,Washington,United States
9344,20343,"Hill, Sierra",Partial College,Professional,North America,Kirkland,Washington,United States
9345,20344,"Anand, Ashlee",Bachelors,Management,North America,Beverly Hills,California,United States
9346,20345,"Martinez, Regina",Bachelors,Management,North America,Beverly Hills,California,United States
9347,20346,"Washington, Angelica",Bachelors,Management,North America,San Diego,California,United States
9348,20347,"Roberts, Savannah",Bachelors,Management,North America,San Gabriel,California,United States
9349,20348,"Evans, Chloe",Bachelors,Management,North America,Spring Valley,California,United States
9350,20349,"Harris, Nicole",High School,Professional,North America,Novato,California,United States
9352,20351,"Gonzalez, Maria",High School,Professional,North America,Bellflower,California,United States
9353,20352,"Foster, Melissa",High School,Professional,North America,Beaverton,Oregon,United States
9354,20353,"Phillips, Allison",Partial High School,Skilled Manual,North America,La Jolla,California,United States
9356,20355,"Gray, Melanie",Partial High School,Skilled Manual,North America,Salem,Oregon,United States
9357,20356,"Lu, Louis",Partial College,Professional,North America,Beaverton,Oregon,United States
9358,20357,"Price, Julian",Graduate Degree,Management,North America,Marysville,Washington,United States
9359,20358,"Murphy, Brian",Graduate Degree,Management,North America,Walla Walla,Washington,United States
9360,20359,"Blue, Rachel",Graduate Degree,Management,North America,Bellflower,California,United States
9361,20360,"Russell, Brianna",Graduate Degree,Management,North America,Imperial Beach,California,United States
9362,20361,"Moreno, Jonathon",Graduate Degree,Management,North America,Burien,Washington,United States
9363,20362,"Gonzalez, Seth",Graduate Degree,Management,North America,Walla Walla,Washington,United States
9364,20363,"Brown, Alexander",Bachelors,Management,North America,Daly City,California,United States
9365,20364,"Jackson, Anna",Graduate Degree,Management,North America,West Covina,California,United States
9366,20365,"Scott, Isaac",High School,Professional,North America,Bellingham,Washington,United States
9367,20366,"Powell, Marcus",High School,Professional,North America,Grossmont,California,United States
9368,20367,"Anderson, Jessica",High School,Professional,North America,Lakewood,California,United States
9369,20368,"Jackson, Thomas",Partial High School,Skilled Manual,North America,Spring Valley,California,United States
9370,20369,"Barnes, Trevor",Partial High School,Skilled Manual,North America,Corvallis,Oregon,United States
9371,20370,"Young, Blake",Partial High School,Skilled Manual,North America,Issaquah,Washington,United States
9372,20371,"Bryant, Grace",Partial High School,Skilled Manual,North America,San Carlos,California,United States
9373,20372,"Edwards, Kaitlyn",Partial High School,Skilled Manual,North America,Lake Oswego,Oregon,United States
9375,20374,"Adams, Fernando",Partial High School,Skilled Manual,North America,Fremont,California,United States
9377,20376,"Lewis, Destiny",Graduate Degree,Management,North America,Concord,California,United States
9378,20377,"Reed, Brian",Graduate Degree,Management,North America,Lebanon,Oregon,United States
9379,20378,"Jai, Nathan",Graduate Degree,Management,North America,Burien,Washington,United States
9380,20379,"Chen, Brittney",Graduate Degree,Management,North America,Bellflower,California,United States
9382,20381,"Bennett, Blake",Graduate Degree,Management,North America,Marysville,Washington,United States
9383,20382,"Hernandez, Jack",Graduate Degree,Management,North America,Lakewood,California,United States
9384,20383,"Hernandez, Richard",Graduate Degree,Management,North America,Seattle,Washington,United States
9385,20384,"Gonzalez, Luis",Graduate Degree,Management,North America,Imperial Beach,California,United States
9386,20385,"Patterson, Jason",Graduate Degree,Management,North America,Olympia,Washington,United States
9387,20386,"Russell, Anna",Graduate Degree,Management,North America,Lemon Grove,California,United States
9388,20387,"Adams, Jordan",Graduate Degree,Management,North America,Burbank,California,United States
9389,20388,"Gill, Natasha",Graduate Degree,Management,North America,Bellingham,Washington,United States
9390,20389,"Romero, Lee",Graduate Degree,Management,North America,Ballard,Washington,United States
9391,20390,"Ramos, Ross",Graduate Degree,Management,North America,Bremerton,Washington,United States
9392,20391,"Serrano, Meghan",Graduate Degree,Management,North America,Concord,California,United States
9393,20392,"Ramirez, Destiny",Bachelors,Management,North America,Palo Alto,California,United States
9394,20393,"White, Kaitlyn",Bachelors,Management,North America,Grossmont,California,United States
9395,20394,"Butler, Emma",Bachelors,Management,North America,Olympia,Washington,United States
9400,20399,"Rodriguez, Benjamin",Bachelors,Management,North America,Lynnwood,Washington,United States
9401,20400,"Henderson, Sydney",Bachelors,Management,North America,Fremont,California,United States
9402,20401,"Jenkins, Hannah",Bachelors,Management,North America,Burlingame,California,United States
9406,20405,"Campbell, Isaiah",Partial College,Skilled Manual,North America,San Carlos,California,United States
9409,20408,"Morgan, Isaac",Partial High School,Clerical,North America,Burien,Washington,United States
9410,20409,"Young, Sophia",Partial College,Skilled Manual,North America,Spokane,Washington,United States
9411,20410,"Jackson, Richard",Partial College,Skilled Manual,North America,Spokane,Washington,United States
9412,20411,"James, Cole",Partial College,Skilled Manual,North America,El Cajon,California,United States
9413,20412,"Jackson, David",Partial College,Skilled Manual,North America,Torrance,California,United States
9414,20413,"Powell, Taylor",Partial College,Skilled Manual,North America,Berkeley,California,United States
9415,20414,"Bailey, Amanda",Partial College,Skilled Manual,North America,Newport Beach,California,United States
9422,20421,"Alexander, Victoria",Partial High School,Clerical,North America,Bellflower,California,United States
9423,20422,"Brooks, Maria",Partial College,Skilled Manual,North America,San Diego,California,United States
9432,20431,"Raje, Corey",Partial College,Skilled Manual,North America,Beaverton,Oregon,United States
9433,20432,"Sanders, Juan",High School,Skilled Manual,North America,Lynnwood,Washington,United States
9434,20433,"Taylor, Chloe",High School,Skilled Manual,North America,Milwaukie,Oregon,United States
9435,20434,"Sharma, Nathan",Partial College,Skilled Manual,North America,Imperial Beach,California,United States
9436,20435,"Green, Natalie",Partial College,Skilled Manual,North America,Lemon Grove,California,United States
9437,20436,"Barnes, Anna",Partial College,Skilled Manual,North America,Palo Alto,California,United States
9438,20437,"Howard, Gabriella",Partial College,Skilled Manual,North America,West Covina,California,United States
9439,20438,"Scott, Robert",Partial College,Skilled Manual,North America,West Covina,California,United States
9440,20439,"Rogers, Chloe",Partial College,Skilled Manual,North America,Imperial Beach,California,United States
9441,20440,"Hughes, Alexandra",Partial College,Skilled Manual,North America,Redwood City,California,United States
9443,20442,"Chen, Jorge",Partial College,Professional,North America,Burbank,California,United States
9444,20443,"Cox, Adrian",Partial College,Professional,North America,Grossmont,California,United States
9450,20449,"Walker, Rachel",Partial College,Professional,North America,Burlingame,California,United States
9458,20457,"Morris, Alexandra",Partial College,Professional,North America,Milwaukie,Oregon,United States
9459,20458,"Subram, Erick",Partial College,Professional,North America,Burlingame,California,United States
9460,20459,"Barnes, Maria",High School,Professional,North America,Chula Vista,California,United States
9462,20461,"Nelson, Mackenzie",Bachelors,Management,North America,San Gabriel,California,United States
9463,20462,"Mitchell, Haley",Graduate Degree,Management,North America,Woodland Hills,California,United States
9464,20463,"Bryant, Jasmine",High School,Professional,North America,Daly City,California,United States
9465,20464,"Lu, Amy",Partial College,Professional,North America,Beaverton,Oregon,United States
9466,20465,"Henderson, Isabel",Bachelors,Management,North America,Colma,California,United States
9467,20466,"Jai, Benjamin",Partial College,Professional,North America,Palo Alto,California,United States
9468,20467,"Bennett, Gabrielle",High School,Professional,North America,Issaquah,Washington,United States
9470,20469,"Suri, Manuel",Partial College,Professional,North America,Beaverton,Oregon,United States
9472,20471,"Gonzalez, Carlos",Graduate Degree,Management,North America,Kirkland,Washington,United States
9473,20472,"Coleman, Edward",Partial College,Professional,North America,Beaverton,Oregon,United States
9474,20473,"Rivera, Mason",Partial College,Professional,North America,Beaverton,Oregon,United States
9475,20474,"Turner, Edward",Bachelors,Management,North America,Lake Oswego,Oregon,United States
9476,20475,"Martinez, Blake",Bachelors,Management,North America,Chula Vista,California,United States
9477,20476,"Long, Destiny",Graduate Degree,Management,North America,San Gabriel,California,United States
9478,20477,"Washington, Brandon",Graduate Degree,Management,North America,San Gabriel,California,United States
9481,20480,"Cox, Carlos",High School,Skilled Manual,North America,Lebanon,Oregon,United States
9482,20481,"Edwards, Jordan",High School,Skilled Manual,North America,Newport Beach,California,United States
9483,20482,"Diaz, Gina",Bachelors,Professional,North America,Burien,Washington,United States
9485,20484,"Morgan, Gabriella",Bachelors,Management,North America,Palo Alto,California,United States
9486,20485,"Reed, Richard",Bachelors,Management,North America,Los Angeles,California,United States
9487,20486,"Butler, Jack",Graduate Degree,Management,North America,Woodland Hills,California,United States
9488,20487,"White, Alexander",Graduate Degree,Management,North America,Bellingham,Washington,United States
9489,20488,"Foster, Cassidy",Graduate Degree,Management,North America,Kirkland,Washington,United States
9490,20489,"Davis, Jacob",Bachelors,Management,North America,Lynnwood,Washington,United States
9491,20490,"Roberts, Kaylee",Graduate Degree,Management,North America,Mill Valley,California,United States
9492,20491,"Perry, Dakota",Bachelors,Management,North America,Everett,Washington,United States
9494,20493,"Jackson, Matthew",Bachelors,Management,North America,Milwaukie,Oregon,United States
9495,20494,"Peterson, Jesse",Bachelors,Management,North America,Imperial Beach,California,United States
9496,20495,"Wang, Wesley",Bachelors,Management,North America,Burlingame,California,United States
9497,20496,"Roberts, Jada",Bachelors,Management,North America,El Cajon,California,United States
9498,20497,"Javier Castrejón, Francisco",Partial High School,Clerical,North America,Burlingame,California,United States
9502,20501,"Nelson, Morgan",Bachelors,Management,North America,Sedro Woolley,Washington,United States
9503,20502,"Harris, John",Bachelors,Management,North America,Downey,California,United States
9504,20503,"Jai, Tony",High School,Professional,North America,Burbank,California,United States
9505,20504,"Tangirala, Rakesh",High School,Professional,North America,Lakewood,California,United States
9508,20507,"Anderson, Joshua",Bachelors,Management,North America,Tacoma,Washington,United States
9510,20509,"Murphy, Alexandria",Bachelors,Management,North America,Imperial Beach,California,United States
9511,20510,"Cox, Caitlin",Bachelors,Management,North America,Lebanon,Oregon,United States
9512,20511,"Taylor, Matthew",Bachelors,Management,North America,Novato,California,United States
9513,20512,"Parker, Sydney",Partial College,Professional,North America,Mill Valley,California,United States
9514,20513,"Smith, Joseph",Partial College,Professional,North America,Ballard,Washington,United States
9515,20514,"Griffin, Hannah",Partial College,Professional,North America,Walla Walla,Washington,United States
9516,20515,"Edwards, Jenna",Partial College,Professional,North America,Santa Monica,California,United States
9517,20516,"Russell, Gabriel",Partial College,Professional,North America,West Covina,California,United States
9519,20518,"Sanz, Desiree",Partial College,Professional,North America,Chula Vista,California,United States
9521,20520,"Srini, Cassandra",High School,Professional,North America,Bremerton,Washington,United States
9522,20521,"Carlson, Gina",High School,Professional,North America,Bremerton,Washington,United States
9523,20522,"Parker, Kevin",Bachelors,Management,North America,Fremont,California,United States
9524,20523,"Howard, Emma",Bachelors,Management,North America,La Jolla,California,United States
9525,20524,"Jenkins, Angelica",Partial College,Professional,North America,Corvallis,Oregon,United States
9526,20525,"Kumar, James",Bachelors,Management,North America,Bellflower,California,United States
9527,20526,"Alexander, Brittany",Partial College,Professional,North America,Lemon Grove,California,United States
9528,20527,"Harris, Sydney",Partial College,Professional,North America,Newport Beach,California,United States
9530,20529,"Jackson, Destiny",Partial College,Professional,North America,Bellingham,Washington,United States
9531,20530,"Jenkins, Mariah",High School,Professional,North America,W. Linn,Oregon,United States
9532,20531,"Young, James",Partial College,Professional,North America,Burlingame,California,United States
9533,20532,"Watson, Joan",Partial College,Professional,North America,Coronado,California,United States
9534,20533,"Perry, Luis",Partial College,Professional,North America,Downey,California,United States
9535,20534,"Lopez, Dalton",Partial College,Professional,North America,Glendale,California,United States
9536,20535,"Torres, Riley",Partial College,Professional,North America,La Jolla,California,United States
9537,20536,"Gray, Taylor",Bachelors,Management,North America,San Gabriel,California,United States
9538,20537,"Evans, Thomas",Bachelors,Management,North America,Spring Valley,California,United States
9539,20538,"Bennett, Hailey",Partial College,Professional,North America,Tacoma,Washington,United States
9540,20539,"Baker, Luis",Partial College,Professional,North America,Yakima,Washington,United States
9541,20540,"Flores, Jasmine",Partial College,Professional,North America,Berkeley,California,United States
9542,20541,"Hernandez, Allison",Partial College,Professional,North America,Downey,California,United States
9543,20542,"Green, Hailey",Partial College,Professional,North America,Lincoln Acres,California,United States
9544,20543,"Miller, Seth",Partial College,Professional,North America,West Covina,California,United States
9545,20544,"Hall, Dalton",Partial High School,Skilled Manual,North America,Marysville,Washington,United States
9546,20545,"Butler, Vanessa",Partial High School,Skilled Manual,North America,Kirkland,Washington,United States
9549,20548,"Rodriguez, Phillip",High School,Professional,Europe,Berlin,Berlin,Germany
9550,20549,"Morris, Jennifer",Partial College,Professional,Europe,Hamburg,Hamburg,Germany
9555,20554,"Tang, Donna",High School,Professional,Europe,Berlin,Berlin,Germany
9556,20555,"Raje, Kelvin",High School,Professional,Europe,Frankfurt,Hesse,Germany
9557,20556,"Sun, Glenn",High School,Professional,Europe,Leipzig,Saxony,Germany
9561,20560,"Raji, Mindy",Partial College,Professional,Europe,Darmstadt,Hesse,Germany
9564,20563,"Blanco, Kendra",Bachelors,Management,Europe,Poing,Bavaria,Germany
9573,20572,"Diaz, Caroline",Partial College,Professional,Europe,Neunkirchen,North Rhine-Westphalia,Germany
9575,20574,"Patel, Brett",Partial College,Professional,Europe,Munich,Bavaria,Germany
9584,20583,"Wang, Kristen",High School,Professional,Europe,Hamburg,Hamburg,Germany
9585,20584,"Schmidt, Molly",Partial College,Professional,Europe,Stuttgart,Baden-Wuerttemberg,Germany
9591,20590,"Zhang, Todd",Partial College,Management,Europe,Frankfurt,Hesse,Germany
9592,20591,"Tang, Kara",High School,Management,Europe,Munich,Bavaria,Germany
9599,20598,"Powell, Jackson",Partial High School,Professional,Europe,Bottrop,North Rhine-Westphalia,Germany
9636,20635,"Young, Nathan",Bachelors,Management,North America,Walla Walla,Washington,United States
9637,20636,"Patterson, Olivia",Bachelors,Management,North America,Newport Beach,California,United States
9645,20644,"Brooks, Patrick",Graduate Degree,Management,North America,National City,California,United States
9647,20646,"Chen, Ryan",Graduate Degree,Skilled Manual,North America,Woodburn,Oregon,United States
9648,20647,"Bailey, Jared",Graduate Degree,Professional,North America,Concord,California,United States
9649,20648,"Mitchell, Jordan",Graduate Degree,Professional,North America,La Jolla,California,United States
9650,20649,"Ramirez, Natalie",Graduate Degree,Professional,North America,San Gabriel,California,United States
9651,20650,"Gray, Bryan",Bachelors,Skilled Manual,North America,Colma,California,United States
9653,20652,"Scott, Amanda",Bachelors,Skilled Manual,North America,Seattle,Washington,United States
9654,20653,"White, Jessica",Bachelors,Skilled Manual,North America,San Carlos,California,United States
9655,20654,"Murphy, Taylor",Bachelors,Skilled Manual,North America,Novato,California,United States
9656,20655,"Butler, Edward",Bachelors,Skilled Manual,North America,Milwaukie,Oregon,United States
9658,20657,"Russell, Blake",Bachelors,Skilled Manual,North America,Newport Beach,California,United States
9659,20658,"Campbell, Kaylee",Graduate Degree,Professional,North America,Concord,California,United States
9660,20659,"Baker, Xavier",Graduate Degree,Professional,North America,Imperial Beach,California,United States
9661,20660,"Cox, Christina",Graduate Degree,Professional,North America,Puyallup,Washington,United States
9662,20661,"Diaz, Taylor",Graduate Degree,Professional,North America,Burbank,California,United States
9663,20662,"Perry, Taylor",Bachelors,Skilled Manual,North America,Milwaukie,Oregon,United States
9664,20663,"Stewart, Kaitlyn",Bachelors,Skilled Manual,North America,El Cajon,California,United States
9665,20664,"Watson, Isaiah",Bachelors,Skilled Manual,North America,Bremerton,Washington,United States
9667,20666,"Rai, Lacey",Bachelors,Skilled Manual,North America,Berkeley,California,United States
9668,20667,"Pal, Jodi",Bachelors,Skilled Manual,North America,Bremerton,Washington,United States
9669,20668,"Rothenberg, Eric",Bachelors,Skilled Manual,North America,Concord,California,United States
9672,20671,"Sanchez, Ronald",Graduate Degree,Professional,North America,Berkeley,California,United States
9673,20672,"Ross, Fernando",Graduate Degree,Professional,North America,Concord,California,United States
9674,20673,"Washington, Dylan",Graduate Degree,Professional,North America,Novato,California,United States
9675,20674,"Butler, Samuel",Bachelors,Skilled Manual,North America,Bellingham,Washington,United States
9676,20675,"Martin, Natalie",Bachelors,Skilled Manual,North America,Lake Oswego,Oregon,United States
9677,20676,"Parker, Carlos",Bachelors,Skilled Manual,North America,Beverly Hills,California,United States
9678,20677,"Bailey, Trinity",Bachelors,Skilled Manual,North America,Grossmont,California,United States
9679,20678,"Lin, Martha",Bachelors,Skilled Manual,North America,Burbank,California,United States
9682,20681,"Moreno, Walter",Graduate Degree,Professional,North America,Burlingame,California,United States
9683,20682,"Davis, John",Graduate Degree,Professional,North America,Grossmont,California,United States
9684,20683,"Mitchell, Amanda",Graduate Degree,Professional,North America,Imperial Beach,California,United States
9685,20684,"Lee, Olivia",Graduate Degree,Professional,North America,La Jolla,California,United States
9686,20685,"Powell, Mariah",Bachelors,Professional,North America,Bellflower,California,United States
9687,20686,"Nelson, Lucas",Bachelors,Professional,North America,Los Angeles,California,United States
9688,20687,"Campbell, Rebecca",Bachelors,Professional,North America,Lake Oswego,Oregon,United States
9689,20688,"Ramirez, Steven",Bachelors,Skilled Manual,North America,Everett,Washington,United States
9690,20689,"Green, Connor",Bachelors,Skilled Manual,North America,Puyallup,Washington,United States
9691,20690,"Torres, Nathaniel",Bachelors,Skilled Manual,North America,San Gabriel,California,United States
9693,20692,"Lewis, John",Graduate Degree,Professional,North America,Oakland,California,United States
9694,20693,"Perry, Zachary",Graduate Degree,Professional,North America,Yakima,Washington,United States
9696,20695,"Brown, Joshua",Bachelors,Skilled Manual,North America,Grossmont,California,United States
9697,20696,"Gonzales, Ethan",Bachelors,Skilled Manual,North America,Corvallis,Oregon,United States
9698,20697,"Schmidt, Stefanie",Bachelors,Skilled Manual,North America,Beverly Hills,California,United States
9699,20698,"Chandra, Darren",Bachelors,Skilled Manual,North America,Chula Vista,California,United States
9700,20699,"Wang, Hunter",Bachelors,Skilled Manual,North America,National City,California,United States
9701,20700,"Scott, Marcus",Bachelors,Skilled Manual,North America,Bellflower,California,United States
9702,20701,"Anderson, Liz",Bachelors,Skilled Manual,North America,Coronado,California,United States
9703,20702,"Ross, Oscar",Bachelors,Skilled Manual,North America,Oakland,California,United States
9704,20703,"White, Seth",Bachelors,Professional,North America,Portland,Oregon,United States
9705,20704,"Rodriguez, Shane",Bachelors,Professional,North America,Beaverton,Oregon,United States
9706,20705,"Roberts, Kevin",Bachelors,Professional,North America,Glendale,California,United States
9707,20706,"Gonzalez, Haley",Bachelors,Professional,North America,Novato,California,United States
9708,20707,"Stewart, Danielle",Bachelors,Professional,North America,Santa Monica,California,United States
9710,20709,"Evans, Samuel",Bachelors,Professional,North America,Mill Valley,California,United States
9716,20715,"Kapoor, Henry",Partial High School,Manual,Europe,Bonn,North Rhine-Westphalia,Germany
9717,20716,"Arun, Kristina",Bachelors,Skilled Manual,Europe,Hanover,Lower Saxony,Germany
9720,20719,"Alvarez, Lawrence",High School,Manual,Europe,Salzgitter,Lower Saxony,Germany
9721,20720,"Subram, Regina",High School,Manual,Europe,Hamburg,Hamburg,Germany
9723,20722,"Serrano, Kellie",Partial College,Clerical,Europe,Darmstadt,Hesse,Germany
9724,20723,"Zhu, Cedric",Partial High School,Manual,Europe,Neunkirchen,North Rhine-Westphalia,Germany
9727,20726,"Romero, Beth",High School,Manual,Europe,Berlin,Berlin,Germany
9728,20727,"Ye, Arturo",Partial College,Clerical,Europe,Solingen,North Rhine-Westphalia,Germany
9730,20729,"Zhou, Aimee",Partial College,Clerical,Europe,Bonn,North Rhine-Westphalia,Germany
9732,20731,"Kovár, Andre",Graduate Degree,Skilled Manual,Europe,Kassel,Hesse,Germany
9733,20732,"Walker, Joshua",Partial College,Clerical,North America,Lynnwood,Washington,United States
9734,20733,"Luo, Sheena",Partial College,Clerical,North America,Bremerton,Washington,United States
9736,20735,"Cooper, Caitlin",Graduate Degree,Skilled Manual,North America,Sedro Woolley,Washington,United States
9738,20737,"Griffin, Victoria",Partial College,Clerical,North America,San Diego,California,United States
9739,20738,"Kelly, Alex",Graduate Degree,Skilled Manual,North America,Puyallup,Washington,United States
9740,20739,"Carter, Kaitlyn",High School,Manual,North America,Olympia,Washington,United States
9742,20741,"Foster, Jocelyn",High School,Manual,North America,Lemon Grove,California,United States
9743,20742,"Stewart, Isabella",High School,Manual,North America,Lake Oswego,Oregon,United States
9744,20743,"Howard, Arianna",High School,Manual,North America,Beaverton,Oregon,United States
9745,20744,"Barnes, Amanda",High School,Manual,North America,Bellflower,California,United States
9748,20747,"Vazquez, Melody",Partial High School,Clerical,North America,Burien,Washington,United States
9749,20748,"Watson, Stephanie",Partial High School,Clerical,North America,Puyallup,Washington,United States
9750,20749,"Morgan, Joan",High School,Clerical,North America,Sedro Woolley,Washington,United States
9751,20750,"King, Katherine",Partial College,Clerical,North America,Imperial Beach,California,United States
9752,20751,"Arthur, Jermaine",High School,Clerical,North America,Bellflower,California,United States
9753,20752,"Simmons, Christian",High School,Clerical,North America,Olympia,Washington,United States
9754,20753,"Kelly, Taylor",High School,Clerical,North America,Olympia,Washington,United States
9755,20754,"Davis, Ian",High School,Skilled Manual,North America,La Jolla,California,United States
9756,20755,"Lopez, Alex",Partial College,Clerical,North America,Concord,California,United States
9758,20757,"Powell, Alexia",High School,Skilled Manual,North America,Woodburn,Oregon,United States
9759,20758,"Sanders, Jesse",High School,Skilled Manual,North America,Seattle,Washington,United States
9760,20759,"Serrano, Teresa",Partial College,Clerical,North America,Beverly Hills,California,United States
9762,20761,"Washington, Jonathan",Partial College,Clerical,North America,El Cajon,California,United States
9763,20762,"King, Jennifer",High School,Skilled Manual,North America,San Francisco,California,United States
9764,20763,"Carter, Lucas",High School,Skilled Manual,North America,Lake Oswego,Oregon,United States
9766,20765,"Lopez, Wyatt",Partial College,Clerical,North America,Lemon Grove,California,United States
9767,20766,"Morgan, Charles",Partial College,Clerical,North America,Mill Valley,California,United States
9768,20767,"Thomas, Rachel",Partial College,Clerical,North America,Yakima,Washington,United States
9769,20768,"Nara, Marshall",Partial College,Clerical,North America,Bellflower,California,United States
9770,20769,"Sanders, Michelle",Partial College,Clerical,North America,Lynnwood,Washington,United States
9771,20770,"Mitchell, Carlos",Graduate Degree,Skilled Manual,North America,Yakima,Washington,United States
9773,20772,"Garcia, Samantha",Graduate Degree,Skilled Manual,North America,Woodland Hills,California,United States
9775,20774,"Miller, Anthony",Graduate Degree,Skilled Manual,North America,Santa Cruz,California,United States
9776,20775,"Alonso, Bruce",Partial College,Clerical,North America,Bremerton,Washington,United States
9777,20776,"Long, Haley",Partial College,Clerical,North America,Walla Walla,Washington,United States
9778,20777,"Sharma, Carly",Graduate Degree,Skilled Manual,North America,Beaverton,Oregon,United States
9779,20778,"Ramirez, Seth",Graduate Degree,Skilled Manual,North America,Sedro Woolley,Washington,United States
9780,20779,"Russell, Maria",Graduate Degree,Skilled Manual,North America,Grossmont,California,United States
9781,20780,"White, Michael",Graduate Degree,Skilled Manual,North America,Lebanon,Oregon,United States
9783,20782,"Ye, Alan",Graduate Degree,Skilled Manual,North America,Beaverton,Oregon,United States
9785,20784,"Walker, Eduardo",Graduate Degree,Skilled Manual,North America,Burbank,California,United States
9788,20787,"Pal, Bridget",Graduate Degree,Skilled Manual,North America,Bremerton,Washington,United States
9789,20788,"Gonzalez, Sara",Graduate Degree,Skilled Manual,North America,Burlingame,California,United States
9790,20789,"Williams, Miguel",Graduate Degree,Skilled Manual,North America,Glendale,California,United States
9791,20790,"Harrison, Kayla",Graduate Degree,Skilled Manual,North America,Novato,California,United States
9792,20791,"Patterson, Ryan",Graduate Degree,Skilled Manual,North America,San Francisco,California,United States
9799,20798,"Munoz, Mathew",Bachelors,Manual,Europe,Brunswick,Lower Saxony,Germany
9800,20799,"Raje, Peter",Graduate Degree,Clerical,Europe,Grevenbroich,North Rhine-Westphalia,Germany
9806,20805,"Williams, Brandon",Partial College,Manual,Europe,Hof,Bavaria,Germany
9809,20808,"Jai, Julie",Partial College,Manual,Europe,Kassel,Hesse,Germany
9829,20828,"Shan, Jaclyn",Graduate Degree,Clerical,Europe,Brunswick,Lower Saxony,Germany
9830,20829,"Diaz, Andy",Graduate Degree,Clerical,Europe,Dusseldorf,North Rhine-Westphalia,Germany
9831,20830,"Martinez, Whitney",Graduate Degree,Clerical,Europe,Eilenburg,Saxony,Germany
9832,20831,"Xu, Drew",Graduate Degree,Clerical,Europe,Munster,North Rhine-Westphalia,Germany
9834,20833,"Sai, Douglas",Partial College,Manual,Europe,Frankfurt,Hesse,Germany
9836,20835,"Gutierrez, Ruben",Partial College,Manual,Europe,Berlin,Berlin,Germany
9837,20836,"Chandra, Stanley",Partial College,Manual,Europe,Darmstadt,Hesse,Germany
9842,20841,"Alonso, Jésus",Graduate Degree,Clerical,Europe,Frankfurt,Hesse,Germany
9843,20842,"Moreno, Tyrone",Bachelors,Clerical,Europe,Hamburg,Hamburg,Germany
9844,20843,"Shan, Jose",Bachelors,Clerical,Europe,Frankfurt,Hesse,Germany
9846,20845,"Malhotra, Barry",Bachelors,Clerical,Europe,Eilenburg,Saxony,Germany
9848,20847,"Young, Kyle",Bachelors,Clerical,Europe,Saarlouis,Saar,Germany
9855,20854,"Raji, Kara",High School,Manual,Europe,Frankfurt,Hesse,Germany
9861,20860,"Lopez, Preston",Graduate Degree,Clerical,Europe,Leipzig,Saxony,Germany
9862,20861,"Nara, Nicolas",Graduate Degree,Clerical,Europe,Munster,North Rhine-Westphalia,Germany
9866,20865,"Ross, Luis",Partial College,Manual,Europe,Kassel,Hesse,Germany
9871,20870,"Moreno, Jaime",High School,Manual,Europe,Kassel,Hesse,Germany
9872,20871,"Arthur, Adriana",High School,Manual,Europe,Erlangen,Bavaria,Germany
9874,20873,"Subram, Joel",Partial College,Manual,Europe,Hanover,Lower Saxony,Germany
9875,20874,"Lal, Edwin",Partial College,Manual,Europe,Paderborn,North Rhine-Westphalia,Germany
9877,20876,"Alexander, Jackson",Bachelors,Clerical,Europe,Darmstadt,Hesse,Germany
9894,20893,"Hall, Robert",Bachelors,Clerical,Europe,Bottrop,North Rhine-Westphalia,Germany
9897,20896,"Sai, Arthur",Bachelors,Skilled Manual,Europe,Grevenbroich,North Rhine-Westphalia,Germany
9899,20898,"Ferrier, Grant",Bachelors,Skilled Manual,Europe,Berlin,Berlin,Germany
9904,20903,"Diaz, Robyn",Bachelors,Skilled Manual,Europe,Dresden,Saxony,Germany
9909,20908,"Foster, Wyatt",Partial High School,Manual,Europe,Neunkirchen,North Rhine-Westphalia,Germany
9913,20912,"Hu, Christy",Bachelors,Professional,Europe,Ingolstadt,Bavaria,Germany
9914,20913,"Liu, Wesley",Partial College,Clerical,Europe,Kiel,Schleswig-Holstein,Germany
9915,20914,"Zeng, Gilbert",Partial College,Clerical,Europe,Berlin,Berlin,Germany
9917,20916,"Carlson, Kathleen",Partial College,Clerical,Europe,Hanover,Lower Saxony,Germany
9924,20923,"Powell, Isabella",Bachelors,Skilled Manual,Europe,Hamburg,Hamburg,Germany
9925,20924,"Sanz, Alberto",High School,Manual,Europe,Werne,North Rhine-Westphalia,Germany
9928,20927,"Martinez, Tammy",High School,Manual,Europe,Dresden,Saxony,Germany
9929,20928,"Kapoor, Raymond",Partial College,Clerical,Europe,Mühlheim am Main,Hesse,Germany
9931,20930,"Chande, Drew",Bachelors,Skilled Manual,Europe,Werne,North Rhine-Westphalia,Germany
9938,20937,"Williams, Natalie",Partial College,Clerical,Europe,Hof,Bavaria,Germany
9940,20939,"Johnson, Joshua",High School,Manual,Europe,Erlangen,Bavaria,Germany
9946,20945,"Tang, Roger",Partial College,Clerical,Europe,Munich,Bavaria,Germany
9947,20946,"Chandra, Abby",Partial College,Clerical,Europe,Paderborn,North Rhine-Westphalia,Germany
9959,20958,"Alonso, Gerald",Partial College,Clerical,Europe,Sulzbach Taunus,Saar,Germany
9968,20967,"Rowe, Casey",Partial College,Manual,Europe,Bonn,North Rhine-Westphalia,Germany
9971,20970,"Richardson, Isaiah",Partial College,Manual,Europe,Saarlouis,Saar,Germany
9979,20978,"Srini, Bruce",Partial College,Manual,Europe,Eilenburg,Saxony,Germany
9980,20979,"Jimenez, Diane",Partial College,Manual,Europe,Mühlheim am Main,Hesse,Germany
9981,20980,"Miller, Matthew",Bachelors,Clerical,Europe,Solingen,North Rhine-Westphalia,Germany
9982,20981,"Romero, Craig",Partial College,Manual,Europe,Berlin,Berlin,Germany
10007,21006,"Young, Sydney",Partial College,Manual,Europe,Frankfurt,Hesse,Germany
10008,21007,"Ma, Nuan",Partial College,Manual,Europe,Paderborn,North Rhine-Westphalia,Germany
10009,21008,"Carlson, Melody",Partial College,Manual,Europe,Stuttgart,Baden-Wuerttemberg,Germany
10010,21009,"Sandberg, Clinton",Partial College,Manual,Europe,Stuttgart,Baden-Wuerttemberg,Germany
10011,21010,"Navarro, Ruben",Partial College,Manual,Europe,Stuttgart,Baden-Wuerttemberg,Germany
10016,21015,"Hernandez, Diane",Graduate Degree,Clerical,Europe,Mühlheim am Main,Hesse,Germany
10017,21016,"Kapoor, Michele",Graduate Degree,Clerical,Europe,Berlin,Berlin,Germany
10030,21029,"Martin, Kristi",High School,Manual,Europe,Saarlouis,Saar,Germany
10033,21032,"Shan, Brendan",Partial College,Manual,Europe,Hamburg,Hamburg,Germany
10036,21035,"Sanchez, Roy",Bachelors,Clerical,Europe,Eilenburg,Saxony,Germany
10038,21037,"Arun, Bruce",Graduate Degree,Clerical,Europe,Paderborn,North Rhine-Westphalia,Germany
10043,21042,"Liang, Jon",Partial College,Manual,Europe,Salzgitter,Lower Saxony,Germany
10044,21043,"McDonald, Johnathan",High School,Manual,Europe,Berlin,Berlin,Germany
10048,21047,"Andersen, Sheena",Partial College,Manual,Europe,Poing,Bavaria,Germany
10052,21051,"Alonso, Sabrina",Bachelors,Clerical,Europe,Ingolstadt,Bavaria,Germany
10053,21052,"Xu, Sheena",Bachelors,Clerical,Europe,Ingolstadt,Bavaria,Germany
10056,21055,"Carlson, Kristi",Graduate Degree,Clerical,Europe,Hof,Bavaria,Germany
10058,21057,"Butler, Elizabeth",Bachelors,Skilled Manual,Europe,Bottrop,North Rhine-Westphalia,Germany
10066,21065,"Thompson, Robert",Bachelors,Clerical,Europe,Saarlouis,Saar,Germany
10074,21073,"Kelly, Catherine",High School,Manual,Europe,Hof,Bavaria,Germany
10076,21075,"Rana, Manuel",Bachelors,Skilled Manual,Europe,Saarlouis,Saar,Germany
10077,21076,"Nath, Terrence",Partial High School,Manual,Europe,Eilenburg,Saxony,Germany
10083,21082,"Edwards, Jason",Partial College,Manual,Europe,Frankfurt,Hesse,Germany
10086,21085,"Vazquez, Leslie",Partial College,Manual,Europe,Saarbrücken,Saar,Germany
10087,21086,"Bell, Katelyn",Partial College,Manual,Europe,Ingolstadt,Bavaria,Germany
10088,21087,"Scott, Rebecca",Bachelors,Professional,Europe,Ingolstadt,Bavaria,Germany
10092,21091,"Jenkins, Ashley",Partial College,Clerical,Europe,Hamburg,Hamburg,Germany
10097,21096,"Lin, Jon",Partial College,Clerical,Europe,Eilenburg,Saxony,Germany
10098,21097,"Ruiz, Gary",High School,Manual,Europe,Berlin,Berlin,Germany
10101,21100,"Zhang, Sandra",Partial College,Clerical,Europe,Munster,North Rhine-Westphalia,Germany
10103,21102,"Zheng, Willie",Bachelors,Skilled Manual,Europe,Stuttgart,Baden-Wuerttemberg,Germany
10108,21107,"Rodriguez, Kaitlin",Bachelors,Skilled Manual,Europe,Berlin,Berlin,Germany
10109,21108,"Martin, Kristine",Bachelors,Skilled Manual,Europe,Munich,Bavaria,Germany
10110,21109,"Pal, Katie",Partial College,Clerical,Europe,Stuttgart,Baden-Wuerttemberg,Germany
10115,21114,"Murphy, Savannah",Partial College,Clerical,Europe,Erlangen,Bavaria,Germany
10116,21115,"Raman, Bobby",Partial College,Clerical,Europe,Grevenbroich,North Rhine-Westphalia,Germany
10121,21120,"Chen, Roger",Partial College,Clerical,Europe,Kassel,Hesse,Germany
10129,21128,"Andersen, Kenneth",Partial College,Clerical,Europe,Erlangen,Bavaria,Germany
10130,21129,"Wang, Rafael",Partial College,Clerical,Europe,Mühlheim am Main,Hesse,Germany
10132,21131,"Nath, Gilbert",Partial High School,Manual,Europe,Hamburg,Hamburg,Germany
10140,21139,"Adams, Alex",Partial College,Skilled Manual,North America,Lake Oswego,Oregon,United States
10141,21140,"Diaz, Byron",High School,Skilled Manual,North America,Burbank,California,United States
10142,21141,"Li, Omar",High School,Skilled Manual,North America,Burien,Washington,United States
10143,21142,"Brooks, Mason",High School,Skilled Manual,North America,Milwaukie,Oregon,United States
10144,21143,"Campbell, Allison",Partial College,Skilled Manual,North America,Lake Oswego,Oregon,United States
10145,21144,"Richardson, Lucas",Partial College,Skilled Manual,North America,Renton,Washington,United States
10146,21145,"Lal, Mindy",Bachelors,Professional,North America,Burlingame,California,United States
10147,21146,"Taylor, Robert",Partial College,Skilled Manual,North America,Spokane,Washington,United States
10148,21147,"Rogers, Angel",Partial College,Skilled Manual,North America,Kirkland,Washington,United States
10150,21149,"Diaz, Miguel",Partial College,Skilled Manual,North America,Corvallis,Oregon,United States
10151,21150,"Ramirez, Alyssa",Graduate Degree,Professional,North America,Sedro Woolley,Washington,United States
10152,21151,"Campbell, Aaron",Graduate Degree,Professional,North America,Bellflower,California,United States
10153,21152,"Hill, Amanda",Graduate Degree,Professional,North America,Glendale,California,United States
10154,21153,"Thompson, James",Graduate Degree,Professional,North America,San Carlos,California,United States
10155,21154,"Clark, Michael",Graduate Degree,Professional,North America,Mill Valley,California,United States
10156,21155,"Flores, Jeremiah",Partial College,Skilled Manual,North America,Lincoln Acres,California,United States
10157,21156,"Lopez, Maria",Partial College,Skilled Manual,North America,Corvallis,Oregon,United States
10158,21157,"Perry, Robert",Bachelors,Professional,North America,Burbank,California,United States
10159,21158,"Patterson, Trevor",Bachelors,Professional,North America,Redmond,Washington,United States
10164,21163,"Williams, William",Graduate Degree,Professional,North America,Bellflower,California,United States
10165,21164,"Raman, Troy",Graduate Degree,Professional,North America,Chula Vista,California,United States
10234,21233,"Smith, Christopher",High School,Skilled Manual,North America,San Carlos,California,United States
10235,21234,"Rivera, Brianna",High School,Skilled Manual,North America,Coronado,California,United States
10236,21235,"Hernandez, Stephanie",High School,Skilled Manual,North America,Bellflower,California,United States
10237,21236,"Peterson, Adrian",High School,Skilled Manual,North America,Port Orchard,Washington,United States
10238,21237,"Washington, Luke",High School,Skilled Manual,North America,Newport Beach,California,United States
10241,21240,"Jenkins, Aaron",Partial High School,Clerical,North America,Torrance,California,United States
10242,21241,"Griffin, Carson",Partial High School,Clerical,North America,Woodburn,Oregon,United States
10243,21242,"Patterson, Morgan",Partial High School,Clerical,North America,San Carlos,California,United States
10244,21243,"Bailey, Juan",High School,Skilled Manual,North America,Torrance,California,United States
10245,21244,"Torres, Allison",High School,Skilled Manual,North America,Glendale,California,United States
10246,21245,"Rodriguez, Samantha",High School,Skilled Manual,North America,Los Angeles,California,United States
10247,21246,"Nelson, Samuel",High School,Skilled Manual,North America,Burbank,California,United States
10248,21247,"Sanders, Alex",High School,Skilled Manual,North America,Sedro Woolley,Washington,United States
10251,21250,"Coleman, Fernando",High School,Skilled Manual,North America,Lebanon,Oregon,United States
10254,21253,"Williams, Victoria",High School,Skilled Manual,North America,Everett,Washington,United States
10261,21260,"Howard, Ariana",High School,Skilled Manual,North America,Port Orchard,Washington,United States
10262,21261,"Kelly, Jessica",Partial College,Skilled Manual,North America,Santa Cruz,California,United States
10263,21262,"Edwards, Sara",Partial College,Skilled Manual,North America,Spring Valley,California,United States
10265,21264,"Butler, Caleb",Partial College,Skilled Manual,North America,Redmond,Washington,United States
10266,21265,"Stone, Richard",Partial College,Skilled Manual,North America,Burlingame,California,United States
10268,21267,"Parker, Charles",Bachelors,Management,North America,Port Orchard,Washington,United States
10269,21268,"Lewis, Elizabeth",Bachelors,Management,North America,Burlingame,California,United States
10270,21269,"Clark, Blake",Bachelors,Management,North America,Berkeley,California,United States
10271,21270,"Jackson, Daniel",Graduate Degree,Management,North America,Seattle,Washington,United States
10272,21271,"Wang, Thomas",Bachelors,Management,North America,Oakland,California,United States
10274,21273,"Thomas, Jennifer",Bachelors,Management,North America,Olympia,Washington,United States
10275,21274,"Scott, Seth",Partial College,Skilled Manual,North America,Novato,California,United States
10276,21275,"Cox, Abigail",Partial College,Skilled Manual,North America,Novato,California,United States
10279,21278,"King, Julia",Partial High School,Clerical,North America,Beaverton,Oregon,United States
10281,21280,"Walker, Justin",Partial College,Skilled Manual,North America,Burien,Washington,United States
10282,21281,"Hill, Andrea",Partial College,Skilled Manual,North America,Chula Vista,California,United States
10283,21282,"Smith, Julia",Partial College,Skilled Manual,North America,Fremont,California,United States
10286,21285,"Rivera, Mackenzie",Partial College,Professional,North America,Corvallis,Oregon,United States
10287,21286,"Roy, Luke",Partial College,Professional,North America,Beverly Hills,California,United States
10288,21287,"Jimenez, Kendra",Bachelors,Management,North America,Chula Vista,California,United States
10289,21288,"Hall, Hunter",Bachelors,Management,North America,Palo Alto,California,United States
10290,21289,"Wang, Warren",Partial College,Professional,North America,Burien,Washington,United States
10291,21290,"Torres, Angel",Partial College,Professional,North America,Lake Oswego,Oregon,United States
10292,21291,"Morris, Rachel",Partial College,Professional,North America,Lynnwood,Washington,United States
10293,21292,"Martinez, Austin",Partial College,Professional,North America,W. Linn,Oregon,United States
10294,21293,"Garcia, Ashley",Partial College,Professional,North America,Concord,California,United States
10295,21294,"Foster, David",Bachelors,Management,North America,Redwood City,California,United States
10297,21296,"Hall, Luis",Partial College,Professional,North America,Ballard,Washington,United States
10298,21297,"Murphy, Melanie",High School,Professional,North America,Lake Oswego,Oregon,United States
10299,21298,"Collins, Noah",High School,Professional,North America,Lebanon,Oregon,United States
10300,21299,"Gonzales, Hannah",High School,Professional,North America,Marysville,Washington,United States
10301,21300,"Morgan, Kaylee",Bachelors,Management,North America,Fremont,California,United States
10302,21301,"Gonzalez, Sierra",Partial High School,Skilled Manual,North America,Corvallis,Oregon,United States
10303,21302,"Foster, Logan",Partial High School,Skilled Manual,North America,Milwaukie,Oregon,United States
10304,21303,"Jenkins, Sydney",High School,Professional,North America,Torrance,California,United States
10305,21304,"Cooper, Jada",High School,Professional,North America,Issaquah,Washington,United States
10308,21307,"Jones, Olivia",High School,Professional,North America,El Cajon,California,United States
10310,21309,"Anderson, Julia",Partial College,Professional,North America,San Gabriel,California,United States
10311,21310,"Hayes, Mariah",High School,Professional,North America,Los Angeles,California,United States
10313,21312,"Scott, Connor",Graduate Degree,Management,North America,Lebanon,Oregon,United States
10314,21313,"Diaz, Beth",Graduate Degree,Management,North America,Chula Vista,California,United States
10315,21314,"Patterson, Devin",Graduate Degree,Management,North America,Sedro Woolley,Washington,United States
10316,21315,"Sanz, Audrey",Graduate Degree,Management,North America,Burbank,California,United States
10317,21316,"Thompson, John",Graduate Degree,Management,North America,San Carlos,California,United States
10318,21317,"Rivera, Lauren",Graduate Degree,Management,North America,San Diego,California,United States
10320,21319,"Lee, Zachary",High School,Professional,North America,Bellingham,Washington,United States
10321,21320,"Coleman, Hannah",High School,Professional,North America,Bellingham,Washington,United States
10322,21321,"Jai, Jon",High School,Professional,North America,Burien,Washington,United States
10323,21322,"Ramirez, Carlos",High School,Professional,North America,Lebanon,Oregon,United States
10324,21323,"Jackson, Robert",Partial College,Professional,North America,Port Orchard,Washington,United States
10325,21324,"Baker, Chloe",Partial College,Professional,North America,Beverly Hills,California,United States
10326,21325,"Hayes, Angela",High School,Professional,North America,El Cajon,California,United States
10327,21326,"Green, Andrea",Partial College,Professional,North America,Redwood City,California,United States
10328,21327,"Washington, Connor",Bachelors,Management,North America,Torrance,California,United States
10329,21328,"Nelson, Xavier",Partial High School,Skilled Manual,North America,Oakland,California,United States
10330,21329,"Brown, Wyatt",Partial High School,Skilled Manual,North America,Redwood City,California,United States
10331,21330,"Clark, Isabella",Partial High School,Skilled Manual,North America,Redwood City,California,United States
10334,21333,"Allen, Mackenzie",Graduate Degree,Management,North America,Woodburn,Oregon,United States
10335,21334,"Nelson, Mason",Graduate Degree,Management,North America,Los Angeles,California,United States
10336,21335,"Coleman, Ana",Graduate Degree,Management,North America,Burien,Washington,United States
10338,21337,"Smith, Jennifer",Partial College,Professional,North America,Bellingham,Washington,United States
10339,21338,"Price, Victoria",Partial College,Professional,North America,Berkeley,California,United States
10341,21340,"Wang, Adam",Graduate Degree,Management,North America,Spokane,Washington,United States
10342,21341,"Liu, Louis",Graduate Degree,Management,North America,Concord,California,United States
10343,21342,"Xie, Tonya",Graduate Degree,Management,North America,Beverly Hills,California,United States
10344,21343,"Zeng, Colin",Graduate Degree,Management,North America,Burbank,California,United States
10345,21344,"Perry, Trevor",Graduate Degree,Management,North America,Lemon Grove,California,United States
10347,21346,"Rodriguez, Christian",Graduate Degree,Management,North America,Santa Cruz,California,United States
10351,21350,"Sharma, Mindy",Graduate Degree,Management,North America,Chula Vista,California,United States
10352,21351,"Coleman, James",Graduate Degree,Management,North America,Lakewood,California,United States
10354,21353,"Wu, Karen",Bachelors,Management,North America,Bothell,Washington,United States
10356,21355,"Diaz, Mya",Graduate Degree,Management,North America,Marysville,Washington,United States
10357,21356,"Evans, Gabriella",Graduate Degree,Management,North America,Lemon Grove,California,United States
10358,21357,"Nelson, Jada",Graduate Degree,Management,North America,Everett,Washington,United States
10359,21358,"Reed, Cody",Graduate Degree,Management,North America,Oakland,California,United States
10369,21368,"Collins, Mason",Partial College,Skilled Manual,North America,Daly City,California,United States
10370,21369,"Rodriguez, Sarah",Partial College,Skilled Manual,North America,San Diego,California,United States
10386,21385,"Peterson, Nicole",Partial College,Skilled Manual,North America,Coronado,California,United States
10387,21386,"Wood, Abigail",Partial College,Skilled Manual,North America,Fremont,California,United States
10389,21388,"Lee, Nicole",Bachelors,Management,North America,Oregon City,Oregon,United States
10396,21395,"Hughes, Alexia",Partial College,Skilled Manual,North America,Bellingham,Washington,United States
10397,21396,"Martinez, Megan",Partial College,Skilled Manual,North America,Burien,Washington,United States
10398,21397,"Howard, Mason",High School,Skilled Manual,North America,Olympia,Washington,United States
10399,21398,"Diaz, Ethan",Partial College,Skilled Manual,North America,Spring Valley,California,United States
10400,21399,"Hughes, Ian",Partial College,Skilled Manual,North America,Woodland Hills,California,United States
10402,21401,"Powell, Eric",Partial College,Professional,North America,Lebanon,Oregon,United States
10411,21410,"Zhang, Eric",Partial College,Professional,North America,Edmonds,Washington,United States
10412,21411,"Kelly, Maria",Partial College,Professional,North America,Lemon Grove,California,United States
10414,21413,"Robinson, Dalton",Partial College,Professional,North America,Issaquah,Washington,United States
10415,21414,"Butler, Aaron",Partial College,Professional,North America,Lebanon,Oregon,United States
10416,21415,"Sanchez, Sydney",Partial College,Professional,North America,Redmond,Washington,United States
10417,21416,"Butler, Ryan",Partial College,Professional,North America,Beverly Hills,California,United States
10418,21417,"Torres, Gabrielle",Partial College,Professional,North America,Burbank,California,United States
10420,21419,"Ma, Gilbert",Bachelors,Management,North America,Coronado,California,United States
10421,21420,"Carter, Isabella",Partial High School,Skilled Manual,North America,Los Angeles,California,United States
10422,21421,"Ross, Ashley",High School,Professional,North America,Sedro Woolley,Washington,United States
10423,21422,"Wood, Karen",Bachelors,Management,North America,Oakland,California,United States
10425,21424,"Alexander, Emily",High School,Professional,North America,El Cajon,California,United States
10426,21425,"Hall, Carlos",High School,Professional,North America,National City,California,United States
10427,21426,"Raje, Jon",High School,Professional,North America,Colma,California,United States
10428,21427,"Foster, Kelly",Partial College,Professional,North America,Port Orchard,Washington,United States
10429,21428,"Brooks, Jada",Partial College,Professional,North America,Burien,Washington,United States
10430,21429,"Sandberg, Isabella",Partial College,Professional,North America,Portland,Oregon,United States
10431,21430,"Morgan, Savannah",Graduate Degree,Management,North America,Burbank,California,United States
10433,21432,"Ward, Melanie",Bachelors,Management,North America,Everett,Washington,United States
10434,21433,"Martinez, Gerald",Bachelors,Management,North America,Concord,California,United States
10435,21434,"Smith, Isabella",Graduate Degree,Management,North America,San Gabriel,California,United States
10436,21435,"Alexander, Connor",Bachelors,Management,North America,Santa Monica,California,United States
10437,21436,"Serrano, Brandi",Bachelors,Professional,North America,Bremerton,Washington,United States
10438,21437,"Sara, Whitney",Bachelors,Professional,North America,Chula Vista,California,United States
10439,21438,"Price, Edward",Bachelors,Professional,North America,Santa Cruz,California,United States
10440,21439,"Clark, Thomas",Bachelors,Professional,North America,Redmond,Washington,United States
10441,21440,"Morgan, Ian",Bachelors,Professional,North America,Lincoln Acres,California,United States
10443,21442,"Cook, Savannah",Bachelors,Management,North America,La Jolla,California,United States
10444,21443,"Morgan, Zoe",Bachelors,Management,North America,Olympia,Washington,United States
10445,21444,"Lopez, Blake",Bachelors,Management,North America,Palo Alto,California,United States
10446,21445,"Evans, Madeline",Graduate Degree,Management,North America,Bellingham,Washington,United States
10449,21448,"Nelson, Jenna",Bachelors,Management,North America,Concord,California,United States
10450,21449,"Raheem, Devon",Bachelors,Management,North America,Concord,California,United States
10452,21451,"Ross, Jocelyn",High School,Professional,North America,Concord,California,United States
10453,21452,"Bailey, Seth",High School,Professional,North America,Corvallis,Oregon,United States
10455,21454,"Goldstein, Alvin",Bachelors,Management,North America,Concord,California,United States
10456,21455,"Shan, Samuel",High School,Professional,North America,Bellingham,Washington,United States
10457,21456,"Gonzales, Dalton",High School,Professional,North America,Lebanon,Oregon,United States
10458,21457,"Serrano, Jamie",High School,Professional,North America,Beverly Hills,California,United States
10459,21458,"Price, Carson",High School,Professional,North America,Lemon Grove,California,United States
10460,21459,"Alexander, Luis",Bachelors,Management,North America,Torrance,California,United States
10461,21460,"Carter, Jack",Bachelors,Management,North America,Spring Valley,California,United States
10463,21462,"Nelson, Katelyn",Bachelors,Management,North America,Newport Beach,California,United States
10464,21463,"Roberts, Logan",Bachelors,Management,North America,Spring Valley,California,United States
10466,21465,"Shan, Austin",Bachelors,Management,North America,San Francisco,California,United States
10467,21466,"Jones, Austin",Bachelors,Management,North America,Lake Oswego,Oregon,United States
10468,21467,"Harris, David",Bachelors,Management,North America,Port Orchard,Washington,United States
10469,21468,"Yang, Ethan",Bachelors,Management,North America,Lincoln Acres,California,United States
10470,21469,"Bell, Caitlin",Partial College,Professional,North America,El Cajon,California,United States
10471,21470,"Jenkins, Stephanie",Partial College,Professional,North America,Chula Vista,California,United States
10473,21472,"Ward, Patrick",Partial College,Professional,North America,Glendale,California,United States
10474,21473,"Rubio, Stacy",High School,Professional,North America,Burien,Washington,United States
10475,21474,"Gray, Lucas",Partial College,Professional,North America,Kirkland,Washington,United States
10476,21475,"Alexander, Cassidy",Bachelors,Management,North America,Daly City,California,United States
10477,21476,"Jenkins, Hunter",Bachelors,Management,North America,Downey,California,United States
10478,21477,"Watson, Katelyn",Bachelors,Management,North America,Mill Valley,California,United States
10479,21478,"Reed, Abigail",Bachelors,Management,North America,National City,California,United States
10480,21479,"Foster, Noah",Bachelors,Management,North America,San Diego,California,United States
10482,21481,"Diaz, Jose",Partial College,Professional,North America,Edmonds,Washington,United States
10492,21491,"Lewis, Joseph",Partial College,Professional,North America,Kirkland,Washington,United States
10493,21492,"Jai, Robert",Partial College,Professional,North America,Daly City,California,United States
10494,21493,"Coleman, Carson",Bachelors,Management,North America,San Diego,California,United States
10496,21495,"Hughes, James",High School,Professional,North America,Olympia,Washington,United States
10497,21496,"Rai, Nichole",Partial College,Professional,North America,Beverly Hills,California,United States
10498,21497,"Cox, Patrick",Partial College,Professional,North America,Chula Vista,California,United States
10499,21498,"Wilson, Cameron",Partial College,Professional,North America,Coronado,California,United States
10500,21499,"Ramirez, Bailey",Partial College,Professional,North America,San Carlos,California,United States
10501,21500,"Long, Devin",Partial High School,Skilled Manual,North America,Tacoma,Washington,United States
10503,21502,"Clark, Morgan",High School,Professional,North America,Grossmont,California,United States
10504,21503,"Long, Melanie",High School,Professional,North America,Lynnwood,Washington,United States
10505,21504,"Torres, Chloe",High School,Professional,North America,Bremerton,Washington,United States
10507,21506,"Gutierrez, Randall",Partial College,Professional,Europe,Poing,Bavaria,Germany
10511,21510,"Perry, Carol",Partial College,Professional,Europe,Bottrop,North Rhine-Westphalia,Germany
10515,21514,"Zhu, Krystal",Bachelors,Management,Europe,Munich,Bavaria,Germany
10520,21519,"Becker, Franklin",Bachelors,Management,Europe,Werne,North Rhine-Westphalia,Germany
10524,21523,"Green, Timothy",Bachelors,Management,Europe,Saarlouis,Saar,Germany
10527,21526,"Munoz, Jonathon",Partial College,Professional,Europe,Offenbach am Main,Hesse,Germany
10529,21528,"Moreno, Jay",Partial College,Professional,Europe,Paderborn,North Rhine-Westphalia,Germany
10533,21532,"Turner, Sierra",Bachelors,Management,Europe,Saarlouis,Saar,Germany
10537,21536,"Rubio, Billy",High School,Professional,Europe,Dresden,Saxony,Germany
10538,21537,"Navarro, Gloria",High School,Professional,Europe,Hamburg,Hamburg,Germany
10547,21546,"Garcia, Cory",Partial High School,Skilled Manual,Europe,Bottrop,North Rhine-Westphalia,Germany
10550,21549,"Ruiz, Jerome",High School,Management,Europe,Berlin,Berlin,Germany
10551,21550,"Deng, Kara",High School,Management,Europe,Berlin,Berlin,Germany
10575,21574,"Lewis, Fernando",Partial College,Professional,North America,Sedro Woolley,Washington,United States
10576,21575,"Foster, Justin",Partial College,Professional,North America,Fremont,California,United States
10577,21576,"Gonzales, Benjamin",Partial College,Professional,North America,Oregon City,Oregon,United States
10579,21578,"Green, Jordan",Graduate Degree,Management,North America,Tacoma,Washington,United States
10580,21579,"Jackson, Wyatt",Graduate Degree,Management,North America,Woodburn,Oregon,United States
10584,21583,"Lal, Jaclyn",Bachelors,Skilled Manual,North America,Casper,Wyoming,United States
10585,21584,"Bryant, Gavin",Bachelors,Skilled Manual,North America,Everett,Washington,United States
10586,21585,"Gray, Trinity",Bachelors,Skilled Manual,North America,Lebanon,Oregon,United States
10587,21586,"Foster, Stephanie",Graduate Degree,Skilled Manual,North America,W. Linn,Oregon,United States
10588,21587,"Roberts, Jenna",Graduate Degree,Skilled Manual,North America,Bellflower,California,United States
10589,21588,"Martin, Theodore",Graduate Degree,Skilled Manual,North America,Burbank,California,United States
10591,21590,"Gonzales, Taylor",Bachelors,Skilled Manual,North America,Bellingham,Washington,United States
10592,21591,"Goel, Clayton",Bachelors,Skilled Manual,North America,Colma,California,United States
10593,21592,"Reed, Christina",Bachelors,Skilled Manual,North America,Kirkland,Washington,United States
10594,21593,"Roberts, Marcus",Bachelors,Skilled Manual,North America,Burbank,California,United States
10595,21594,"Moore, Brianna",Bachelors,Skilled Manual,North America,Fremont,California,United States
10597,21596,"Wright, Luke",Graduate Degree,Professional,North America,Woodburn,Oregon,United States
10598,21597,"Jones, Jose",Graduate Degree,Professional,North America,Coronado,California,United States
10599,21598,"Perez, Chloe",Graduate Degree,Professional,North America,Yakima,Washington,United States
10600,21599,"Lopez, Sara",Graduate Degree,Professional,North America,Salem,Oregon,United States
10601,21600,"Bell, Alexa",Bachelors,Skilled Manual,North America,Santa Cruz,California,United States
10602,21601,"Bell, Jacqueline",Bachelors,Skilled Manual,North America,San Francisco,California,United States
10603,21602,"Malhotra, Manuel",Bachelors,Skilled Manual,North America,Burien,Washington,United States
10604,21603,"Barnes, Seth",Bachelors,Skilled Manual,North America,Bellingham,Washington,United States
10605,21604,"Howard, Melanie",Bachelors,Professional,North America,Downey,California,United States
10606,21605,"Ye, Brittney",Graduate Degree,Professional,North America,Burien,Washington,United States
10607,21606,"Roberts, Connor",Graduate Degree,Professional,North America,Edmonds,Washington,United States
10608,21607,"Torres, Bryce",Graduate Degree,Professional,North America,Edmonds,Washington,United States
10609,21608,"Griffin, David",Graduate Degree,Professional,North America,Redmond,Washington,United States
10610,21609,"Blanco, Tabitha",Graduate Degree,Professional,North America,Chula Vista,California,United States
10611,21610,"Edwards, Caleb",Graduate Degree,Professional,North America,Fremont,California,United States
10612,21611,"Wilson, Ethan",Graduate Degree,Professional,North America,Woodland Hills,California,United States
10613,21612,"Foster, Spencer",Bachelors,Professional,North America,Salem,Oregon,United States
10616,21615,"Torres, Grace",Bachelors,Skilled Manual,North America,Concord,California,United States
10617,21616,"Wood, Carson",Graduate Degree,Professional,North America,Burien,Washington,United States
10618,21617,"Miller, Jennifer",Graduate Degree,Professional,North America,Corvallis,Oregon,United States
10620,21619,"Patterson, Angela",Graduate Degree,Professional,North America,Woodland Hills,California,United States
10624,21623,"Diaz, Connor",Graduate Degree,Professional,North America,Port Orchard,Washington,United States
10625,21624,"Price, Faith",Graduate Degree,Professional,North America,Tacoma,Washington,United States
10626,21625,"Hall, Jennifer",Graduate Degree,Professional,North America,Woodburn,Oregon,United States
10627,21626,"Garcia, Brianna",Graduate Degree,Professional,North America,Yakima,Washington,United States
10628,21627,"Roberts, Bailey",Graduate Degree,Professional,North America,Burlingame,California,United States
10629,21628,"Xu, Kelli",Bachelors,Professional,North America,Burien,Washington,United States
10631,21630,"Jenkins, Faith",Bachelors,Skilled Manual,North America,Marysville,Washington,United States
10633,21632,"Liang, Jaclyn",Bachelors,Skilled Manual,North America,Coronado,California,United States
10634,21633,"Zhang, Cameron",Bachelors,Skilled Manual,North America,Puyallup,Washington,United States
10635,21634,"Cook, Arianna",Bachelors,Skilled Manual,North America,Edmonds,Washington,United States
10636,21635,"Lewis, Christian",Bachelors,Skilled Manual,North America,Palo Alto,California,United States
10637,21636,"Rivera, Katherine",Bachelors,Skilled Manual,North America,Woodland Hills,California,United States
10638,21637,"Lewis, Richard",Bachelors,Professional,North America,San Diego,California,United States
10639,21638,"Harris, Olivia",Bachelors,Professional,North America,Corvallis,Oregon,United States
10640,21639,"Wilson, Anthony",Bachelors,Skilled Manual,North America,Burien,Washington,United States
10641,21640,"Cooper, Charles",Bachelors,Skilled Manual,North America,Daly City,California,United States
10642,21641,"Perez, Kaylee",Bachelors,Skilled Manual,North America,Daly City,California,United States
10644,21643,"Diaz, Wyatt",Bachelors,Skilled Manual,North America,Concord,California,United States
10645,21644,"Howard, Sydney",Bachelors,Skilled Manual,North America,West Covina,California,United States
10646,21645,"Alexander, Spencer",Bachelors,Skilled Manual,North America,Walla Walla,Washington,United States
10647,21646,"Bryant, Luis",Bachelors,Professional,North America,Lemon Grove,California,United States
10648,21647,"Brown, Blake",Bachelors,Professional,North America,Bremerton,Washington,United States
10649,21648,"Sun, Ronnie",Bachelors,Professional,North America,Burbank,California,United States
10650,21649,"Nara, Keith",Bachelors,Professional,North America,Concord,California,United States
10651,21650,"Zeng, Cedric",Bachelors,Professional,North America,Coronado,California,United States
10652,21651,"Cooper, Sean",Bachelors,Professional,North America,Puyallup,Washington,United States
10654,21653,"Anderson, Jose",Bachelors,Professional,North America,San Gabriel,California,United States
10655,21654,"Barnes, Aidan",Bachelors,Professional,North America,Imperial Beach,California,United States
10658,21657,"Green, Sara",Bachelors,Professional,North America,Bellingham,Washington,United States
10661,21660,"Watson, Allison",Graduate Degree,Professional,North America,Mill Valley,California,United States
10662,21661,"Champion, Terry",High School,Manual,Europe,Berlin,Berlin,Germany
10664,21663,"Goel, Kenneth",Partial High School,Manual,Europe,Stuttgart,Baden-Wuerttemberg,Germany
10667,21666,"Jimenez, Leslie",Bachelors,Skilled Manual,Europe,Berlin,Berlin,Germany
10668,21667,"Zhang, Crystal",Bachelors,Skilled Manual,Europe,Munich,Bavaria,Germany
10673,21672,"Gomez, Craig",High School,Manual,Europe,Frankfurt,Hesse,Germany
10675,21674,"Morris, Jada",Partial High School,Manual,Europe,Bottrop,North Rhine-Westphalia,Germany
10681,21680,"Torres, Ricky",High School,Manual,Europe,Salzgitter,Lower Saxony,Germany
10682,21681,"Ortega, Casey",Partial College,Clerical,Europe,Hanover,Lower Saxony,Germany
10686,21685,"Green, Bailey",Partial College,Clerical,North America,Port Orchard,Washington,United States
10687,21686,"Ortega, Albert",Partial College,Clerical,North America,Burlingame,California,United States
10688,21687,"Brown, Sarah",Graduate Degree,Skilled Manual,North America,El Cajon,California,United States
10689,21688,"Morris, Jesse",Graduate Degree,Skilled Manual,North America,San Gabriel,California,United States
10690,21689,"Simmons, Olivia",Graduate Degree,Skilled Manual,North America,Bellingham,Washington,United States
10693,21692,"Ward, Savannah",Graduate Degree,Skilled Manual,North America,Yakima,Washington,United States
10694,21693,"Ashe, Alyssa",Graduate Degree,Skilled Manual,North America,Berkeley,California,United States
10695,21694,"Sai, Bobby",Graduate Degree,Skilled Manual,North America,Berkeley,California,United States
10696,21695,"Rodriguez, Ethan",Graduate Degree,Skilled Manual,North America,Berkeley,California,United States
10697,21696,"Watson, Gabrielle",High School,Manual,North America,Edmonds,Washington,United States
10698,21697,"Powell, Dalton",High School,Manual,North America,Woodland Hills,California,United States
10699,21698,"She, Tracy",High School,Manual,North America,Concord,California,United States
10700,21699,"Sharma, Logan",Partial College,Clerical,North America,Mill Valley,California,United States
10701,21700,"Ramirez, Juan",Partial College,Clerical,North America,Palo Alto,California,United States
10702,21701,"Sanders, Abigail",High School,Clerical,North America,Lake Oswego,Oregon,United States
10705,21704,"Martinez, Charles",Partial College,Clerical,North America,Seattle,Washington,United States
10706,21705,"Sharma, Warren",High School,Skilled Manual,North America,Chula Vista,California,United States
10707,21706,"Murphy, Haley",High School,Skilled Manual,North America,Burien,Washington,United States
10708,21707,"Simmons, Cassidy",High School,Skilled Manual,North America,Issaquah,Washington,United States
10709,21708,"Brooks, Andrea",Partial College,Clerical,North America,Everett,Washington,United States
10710,21709,"Torres, Katherine",Partial College,Clerical,North America,Oregon City,Oregon,United States
10712,21711,"Gray, Hailey",Partial College,Clerical,North America,West Covina,California,United States
10715,21714,"Patel, Carmen",Graduate Degree,Skilled Manual,North America,Burien,Washington,United States
10716,21715,"Ross, Jonathan",Graduate Degree,Skilled Manual,North America,Walla Walla,Washington,United States
10717,21716,"Sara, Gerald",Graduate Degree,Skilled Manual,North America,Burien,Washington,United States
10718,21717,"King, Angel",Partial College,Clerical,North America,Torrance,California,United States
10719,21718,"Roberts, Devin",Graduate Degree,Skilled Manual,North America,Lincoln Acres,California,United States
10720,21719,"Torres, Morgan",Graduate Degree,Skilled Manual,North America,Lebanon,Oregon,United States
10721,21720,"Jai, Raul",Graduate Degree,Skilled Manual,North America,Burbank,California,United States
10722,21721,"Campbell, Sara",Graduate Degree,Skilled Manual,North America,Renton,Washington,United States
10723,21722,"Wood, Spencer",Graduate Degree,Skilled Manual,North America,Spring Valley,California,United States
10724,21723,"Huang, Tiffany",Graduate Degree,Skilled Manual,North America,Burlingame,California,United States
10725,21724,"Yang, Mandy",Graduate Degree,Skilled Manual,North America,Concord,California,United States
10729,21728,"Harris, Madison",Graduate Degree,Skilled Manual,North America,Burien,Washington,United States
10730,21729,"Morgan, Alexandria",Graduate Degree,Skilled Manual,North America,Spokane,Washington,United States
10731,21730,"Campbell, Noah",Graduate Degree,Skilled Manual,North America,Burbank,California,United States
10732,21731,"Diaz, Alexandra",Graduate Degree,Skilled Manual,North America,La Jolla,California,United States
10734,21733,"Simmons, Ian",Graduate Degree,Skilled Manual,North America,Marysville,Washington,United States
10735,21734,"Garcia, Grace",Graduate Degree,Skilled Manual,North America,Long Beach,California,United States
10744,21743,"Rubio, Theresa",Bachelors,Management,North America,Chula Vista,California,United States
10745,21744,"Perry, Emma",Bachelors,Management,North America,Colma,California,United States
10747,21746,"Hernandez, Xavier",High School,Skilled Manual,North America,Lakewood,California,United States
10748,21747,"Munoz, Derrick",Bachelors,Professional,North America,Burlingame,California,United States
10749,21748,"Harris, Wyatt",Bachelors,Professional,North America,Glendale,California,United States
10750,21749,"Williams, Ashley",Bachelors,Management,North America,Colma,California,United States
10751,21750,"Reed, Carlos",Graduate Degree,Management,North America,Coronado,California,United States
10752,21751,"Jackson, Logan",Graduate Degree,Management,North America,Lemon Grove,California,United States
10754,21753,"Robinson, Morgan",Bachelors,Management,North America,Beaverton,Oregon,United States
10755,21754,"Lopez, Kaitlyn",Bachelors,Management,North America,Salem,Oregon,United States
10756,21755,"White, Lucas",Bachelors,Management,North America,Coronado,California,United States
10757,21756,"Carter, Allison",Bachelors,Management,North America,Santa Monica,California,United States
10758,21757,"Wang, Elijah",Bachelors,Management,North America,Kirkland,Washington,United States
10759,21758,"Malhotra, Patricia",High School,Professional,North America,Burien,Washington,United States
10763,21762,"Hernandez, Andrea",Bachelors,Management,North America,Everett,Washington,United States
10764,21763,"Brown, Madison",High School,Professional,North America,Redmond,Washington,United States
10766,21765,"Kelly, Nathaniel",High School,Professional,North America,Oregon City,Oregon,United States
10767,21766,"Baker, Jesse",Bachelors,Management,North America,Bellflower,California,United States
10768,21767,"Ramirez, Mariah",Bachelors,Management,North America,Bellflower,California,United States
10770,21769,"Rubio, Michele",Bachelors,Management,North America,Concord,California,United States
10771,21770,"Thomas, Brandon",Bachelors,Management,North America,Renton,Washington,United States
10772,21771,"Shen, Sheena",Bachelors,Management,North America,Chula Vista,California,United States
10773,21772,"Patterson, Sarah",Bachelors,Management,North America,Portland,Oregon,United States
10774,21773,"Rogers, Alyssa",Bachelors,Management,North America,Beaverton,Oregon,United States
10775,21774,"James, Brian",Partial College,Professional,North America,Torrance,California,United States
10776,21775,"Ramirez, Sean",Partial College,Professional,North America,Newport Beach,California,United States
10777,21776,"Thompson, Daniel",Partial College,Professional,North America,Kirkland,Washington,United States
10779,21778,"Shen, Louis",Partial College,Professional,North America,Burien,Washington,United States
10780,21779,"Black, Maurice",Partial College,Professional,North America,Concord,California,United States
10781,21780,"Gonzalez, Pedro",Partial College,Professional,North America,Concord,California,United States
10782,21781,"Rivera, Jared",Bachelors,Management,North America,Lynnwood,Washington,United States
10783,21782,"Martin, Blake",High School,Professional,North America,Beaverton,Oregon,United States
10784,21783,"Goel, Kate",High School,Professional,North America,Burien,Washington,United States
10785,21784,"Hernandez, Mackenzie",Partial College,Professional,North America,Edmonds,Washington,United States
10786,21785,"Rodriguez, Tabitha",Partial College,Professional,North America,Chula Vista,California,United States
10787,21786,"Bennett, Alexis",Bachelors,Management,North America,El Cajon,California,United States
10788,21787,"Allen, Rebecca",Bachelors,Management,North America,Grossmont,California,United States
10789,21788,"Barnes, Spencer",Bachelors,Management,North America,La Jolla,California,United States
10790,21789,"Griffin, Lauren",Bachelors,Management,North America,National City,California,United States
10791,21790,"Diaz, James",Bachelors,Management,North America,San Carlos,California,United States
10792,21791,"Price, Richard",Bachelors,Management,North America,San Gabriel,California,United States
10794,21793,"Scott, Kaylee",Partial College,Professional,North America,Oregon City,Oregon,United States
10795,21794,"James, Alyssa",Partial College,Professional,North America,Downey,California,United States
10796,21795,"Bennett, Tristan",Partial College,Professional,North America,San Gabriel,California,United States
10798,21797,"Gao, Kelvin",Partial College,Professional,North America,Bellingham,Washington,United States
10799,21798,"Sanders, Jade",Partial College,Professional,North America,Lebanon,Oregon,United States
10800,21799,"Cook, Angel",Partial College,Professional,North America,Lebanon,Oregon,United States
10801,21800,"Raman, Heidi",Partial College,Professional,North America,Concord,California,United States
10802,21801,"Cooper, Kaylee",Partial College,Professional,North America,Palo Alto,California,United States
10803,21802,"Roberts, Lucas",Bachelors,Management,North America,Spring Valley,California,United States
10805,21804,"Cook, Brooke",High School,Professional,North America,Port Orchard,Washington,United States
10806,21805,"Russell, Lucas",Partial College,Professional,North America,Renton,Washington,United States
10807,21806,"Xie, Kelvin",Partial College,Professional,North America,Burbank,California,United States
10808,21807,"Campbell, Amanda",Partial College,Professional,North America,Colma,California,United States
10809,21808,"Green, Amanda",Partial College,Professional,North America,Downey,California,United States
10810,21809,"Thompson, Sydney",Partial College,Professional,North America,Lakewood,California,United States
10811,21810,"Miller, Justin",Partial College,Professional,North America,Spring Valley,California,United States
10812,21811,"Williams, Olivia",Partial High School,Skilled Manual,North America,Colma,California,United States
10813,21812,"Bailey, Adrian",High School,Professional,North America,Seattle,Washington,United States
10815,21814,"Edwards, Noah",High School,Professional,North America,W. Linn,Oregon,United States
10817,21816,"Roberts, Jackson",Bachelors,Management,Europe,Saarlouis,Saar,Germany
10822,21821,"Tang, Clayton",High School,Professional,Europe,Bonn,North Rhine-Westphalia,Germany
10824,21823,"She, Lacey",High School,Professional,Europe,Berlin,Berlin,Germany
10826,21825,"Zhou, Randy",Partial College,Professional,Europe,Berlin,Berlin,Germany
10827,21826,"Russell, Abigail",Partial High School,Professional,Europe,Ingolstadt,Bavaria,Germany
10828,21827,"Gutierrez, Mallory",Partial College,Professional,Europe,Neunkirchen,North Rhine-Westphalia,Germany
10829,21828,"Gonzales, Megan",Partial College,Professional,Europe,Paderborn,North Rhine-Westphalia,Germany
10834,21833,"Gonzalez, Terrance",Partial College,Professional,Europe,Dusseldorf,North Rhine-Westphalia,Germany
10835,21834,"Mehta, Jillian",Partial College,Professional,Europe,Hof,Bavaria,Germany
10836,21835,"Sun, Susan",Bachelors,Management,Europe,Saarlouis,Saar,Germany
10837,21836,"Raman, Kristi",Bachelors,Management,Europe,Werne,North Rhine-Westphalia,Germany
10838,21837,"Alexander, Megan",Partial College,Professional,Europe,Frankfurt,Hesse,Germany
10839,21838,"Ruiz, Gerald",Partial College,Professional,Europe,Poing,Bavaria,Germany
10843,21842,"Navarro, Neil",Bachelors,Management,Europe,Hamburg,Hamburg,Germany
10844,21843,"He, Erica",Bachelors,Management,Europe,Leipzig,Saxony,Germany
10845,21844,"Long, James",Partial College,Professional,Europe,Hof,Bavaria,Germany
10847,21846,"Patterson, Kevin",Partial College,Professional,Europe,Ingolstadt,Bavaria,Germany
10852,21851,"Railson, Stuart",High School,Professional,Europe,Frankfurt,Hesse,Germany
10853,21852,"Johnson, Eduardo",High School,Professional,Europe,Kassel,Hesse,Germany
10854,21853,"Gutierrez, Stacy",Partial College,Professional,Europe,Saarlouis,Saar,Germany
10864,21863,"Anand, Shawna",Partial High School,Skilled Manual,Europe,Munich,Bavaria,Germany
10869,21868,"Ma, Aimee",High School,Management,Europe,Berlin,Berlin,Germany
10870,21869,"Prasad, Tina",Partial High School,Professional,Europe,Bonn,North Rhine-Westphalia,Germany
10901,21900,"Jones, Robert",Partial College,Professional,North America,Beaverton,Oregon,United States
10902,21901,"Taylor, Elizabeth",Partial College,Professional,North America,Lake Oswego,Oregon,United States
10903,21902,"James, Natalie",Graduate Degree,Management,North America,Glendale,California,United States
10904,21903,"Jenkins, Fernando",Partial College,Professional,North America,Santa Cruz,California,United States
10906,21905,"Hernandez, Pedro",Graduate Degree,Management,North America,Bellingham,Washington,United States
10907,21906,"Simmons, Miranda",Graduate Degree,Management,North America,Bellingham,Washington,United States
10908,21907,"Hall, Jordan",Graduate Degree,Management,North America,Everett,Washington,United States
10909,21908,"Hayes, Isabel",Graduate Degree,Management,North America,Oregon City,Oregon,United States
10910,21909,"Ward, Allison",Bachelors,Management,North America,Palo Alto,California,United States
10911,21910,"Perez, Rebekah",Partial College,Clerical,Europe,Bonn,North Rhine-Westphalia,Germany
10915,21914,"Brown, Emily",Partial High School,Manual,Europe,Hof,Bavaria,Germany
10916,21915,"Wood, Tristan",Partial College,Skilled Manual,North America,San Francisco,California,United States
10918,21917,"Johnson, Dalton",High School,Skilled Manual,North America,Redwood City,California,United States
10919,21918,"Serrano, Carol",High School,Skilled Manual,North America,Concord,California,United States
10920,21919,"Howard, Melissa",Partial College,Skilled Manual,North America,Bremerton,Washington,United States
10921,21920,"Bennett, Destiny",Partial College,Skilled Manual,North America,Lemon Grove,California,United States
10923,21922,"Ward, Bailey",Partial College,Skilled Manual,North America,Torrance,California,United States
10924,21923,"Williams, Justin",Partial College,Skilled Manual,North America,Seattle,Washington,United States
10925,21924,"Cook, Eduardo",High School,Skilled Manual,North America,Yakima,Washington,United States
10927,21926,"Henderson, Melanie",Graduate Degree,Professional,North America,Woodburn,Oregon,United States
10928,21927,"Browning, Meredith",Graduate Degree,Professional,North America,Colma,California,United States
10929,21928,"Luo, Karl",Graduate Degree,Professional,North America,Colma,California,United States
10930,21929,"Perry, Karen",Graduate Degree,Professional,North America,Coronado,California,United States
10931,21930,"Perry, Marissa",Graduate Degree,Professional,North America,Glendale,California,United States
10932,21931,"Wood, Marcus",Partial College,Skilled Manual,North America,San Francisco,California,United States
10933,21932,"Kumar, Leonard",Partial College,Skilled Manual,North America,Colma,California,United States
10942,21941,"Moore, Gail",Bachelors,Professional,North America,Santa Monica,California,United States
10943,21942,"Roberts, Julia",Graduate Degree,Professional,North America,Lynnwood,Washington,United States
11008,22007,"Hernandez, Kaylee",High School,Skilled Manual,North America,Issaquah,Washington,United States
11010,22009,"Alvarez, Ross",High School,Skilled Manual,North America,Coronado,California,United States
11011,22010,"Lopez, Henry",High School,Skilled Manual,North America,Burlingame,California,United States
11012,22011,"Patterson, Richard",High School,Skilled Manual,North America,Redmond,Washington,United States
11013,22012,"Malhotra, Regina",High School,Skilled Manual,North America,Colma,California,United States
11014,22013,"Jenkins, Marcus",High School,Skilled Manual,North America,Milwaukie,Oregon,United States
11017,22016,"Andersen, Terrence",Partial High School,Clerical,North America,Burien,Washington,United States
11022,22021,"White, Ethan",Partial High School,Clerical,North America,Renton,Washington,United States
11023,22022,"Davis, Christopher",Partial High School,Clerical,North America,Redwood City,California,United States
11024,22023,"Chen, Rafael",Partial High School,Clerical,North America,Beverly Hills,California,United States
11025,22024,"Chen, Samuel",High School,Skilled Manual,North America,Colma,California,United States
11026,22025,"Peterson, Riley",High School,Skilled Manual,North America,Coronado,California,United States
11035,22034,"Clark, Seth",Partial College,Skilled Manual,North America,Grossmont,California,United States
11036,22035,"Wilson, Ryan",Partial College,Skilled Manual,North America,Redwood City,California,United States
11037,22036,"Hall, Gabriella",High School,Skilled Manual,North America,Downey,California,United States
11038,22037,"Gonzales, Angela",High School,Skilled Manual,North America,Seattle,Washington,United States
11039,22038,"Jackson, Isabella",Partial College,Skilled Manual,North America,Grossmont,California,United States
11040,22039,"Simmons, Marissa",Partial College,Skilled Manual,North America,Lemon Grove,California,United States
11041,22040,"Brown, Devin",Partial College,Skilled Manual,North America,Woodland Hills,California,United States
11043,22042,"Bryant, Abigail",Partial College,Skilled Manual,North America,Beverly Hills,California,United States
11044,22043,"Cox, Trinity",Partial College,Skilled Manual,North America,La Jolla,California,United States
11045,22044,"Young, Connor",Bachelors,Management,North America,San Carlos,California,United States
11046,22045,"Chen, Cameron",Bachelors,Management,North America,Burien,Washington,United States
11047,22046,"Sanders, Jasmine",Bachelors,Management,North America,Walla Walla,Washington,United States
11048,22047,"Gonzales, David",Bachelors,Management,North America,Beverly Hills,California,United States
11049,22048,"Washington, Grace",Bachelors,Management,North America,San Francisco,California,United States
11050,22049,"Patel, Allen",Graduate Degree,Management,North America,Berkeley,California,United States
11052,22051,"Rogers, Lauren",Partial College,Skilled Manual,North America,Bellingham,Washington,United States
11053,22052,"Butler, Zachary",Graduate Degree,Management,North America,Bellflower,California,United States
11054,22053,"Goel, Jaime",Bachelors,Management,North America,Berkeley,California,United States
11055,22054,"Raji, Russell",Bachelors,Management,North America,Berkeley,California,United States
11056,22055,"Clark, Hannah",Bachelors,Management,North America,Beverly Hills,California,United States
11057,22056,"Howard, Alex",High School,Skilled Manual,North America,Olympia,Washington,United States
11058,22057,"Ross, Kyle",High School,Skilled Manual,North America,Yakima,Washington,United States
11061,22060,"Hill, Evan",Partial College,Skilled Manual,North America,Lake Oswego,Oregon,United States
11062,22061,"Goel, Jenny",Partial College,Skilled Manual,North America,Cerritos,California,United States
11063,22062,"Flores, Cameron",Partial College,Skilled Manual,North America,Downey,California,United States
11067,22066,"Munoz, Paula",Graduate Degree,Skilled Manual,North America,Berkeley,California,United States
11068,22067,"Jackson, Julia",Graduate Degree,Skilled Manual,North America,Bellingham,Washington,United States
11069,22068,"James, Sean",Partial College,Professional,North America,Beverly Hills,California,United States
11071,22070,"Brown, Eduardo",Bachelors,Management,North America,Colma,California,United States
11072,22071,"Carter, Gabriel",Bachelors,Management,North America,Coronado,California,United States
11073,22072,"Russell, Devin",Bachelors,Management,North America,Woodland Hills,California,United States
11076,22075,"Patel, Pedro",Bachelors,Management,North America,Bellflower,California,United States
11077,22076,"Vazquez, Nelson",Bachelors,Management,North America,Colma,California,United States
11078,22077,"Rubio, Marvin",Bachelors,Management,North America,Concord,California,United States
11079,22078,"Martin, William",Partial College,Professional,North America,Glendale,California,United States
11083,22082,"Barnes, Lucas",Bachelors,Management,North America,Berkeley,California,United States
11084,22083,"Flores, David",Bachelors,Management,North America,Berkeley,California,United States
11085,22084,"Gomez, Francis",Partial College,Professional,North America,Chula Vista,California,United States
11086,22085,"Mehta, Toni",Partial College,Professional,North America,Colma,California,United States
11087,22086,"Sanchez, Chelsea",Partial College,Professional,North America,Concord,California,United States
11088,22087,"Coleman, Joan",High School,Professional,North America,Coronado,California,United States
11089,22088,"Diaz, Hannah",Bachelors,Management,North America,Glendale,California,United States
11090,22089,"Gray, Mason",Bachelors,Management,North America,Novato,California,United States
11104,22103,"Hernandez, Alexandra",Partial College,Professional,North America,Burlingame,California,United States
11105,22104,"Adams, Richard",Partial College,Professional,North America,Daly City,California,United States
11106,22105,"Cooper, Taylor",High School,Professional,North America,Lemon Grove,California,United States
11107,22106,"Long, Olivia",Partial College,Professional,North America,Palo Alto,California,United States
11117,22116,"Lopez, Robert",Graduate Degree,Management,North America,Grossmont,California,United States
11120,22119,"Flores, Hailey",Graduate Degree,Management,North America,Burlingame,California,United States
11125,22124,"Alonso, Desiree",Graduate Degree,Management,North America,Chicago,Illinois,United States
11126,22125,"Garcia, Zachary",Graduate Degree,Management,North America,National City,California,United States
11127,22126,"Ward, Rachel",Graduate Degree,Management,North America,Burlingame,California,United States
11128,22127,"Thompson, Marcus",Graduate Degree,Management,North America,Colma,California,United States
11130,22129,"Hall, Chloe",Graduate Degree,Management,North America,Beverly Hills,California,United States
11131,22130,"Bryant, Xavier",Graduate Degree,Management,North America,San Diego,California,United States
11132,22131,"Cook, Jessica",Graduate Degree,Management,North America,Grossmont,California,United States
11133,22132,"Mehta, Rachael",Graduate Degree,Management,North America,Colma,California,United States
11134,22133,"Adams, Xavier",Graduate Degree,Management,North America,Olympia,Washington,United States
11135,22134,"Raji, Leonard",Graduate Degree,Management,North America,Burbank,California,United States
11136,22135,"Hernandez, Julia",Graduate Degree,Management,North America,Renton,Washington,United States
11137,22136,"Evans, Devin",Graduate Degree,Management,North America,El Cajon,California,United States
11138,22137,"Griffin, Elizabeth",Graduate Degree,Management,North America,Newport Beach,California,United States
11154,22153,"Kelly, Alyssa",Partial College,Skilled Manual,North America,San Gabriel,California,United States
11158,22157,"Richardson, Maria",Partial High School,Clerical,North America,Beaverton,Oregon,United States
11159,22158,"Phillips, Amber",Partial High School,Clerical,North America,Beaverton,Oregon,United States
11160,22159,"Davis, David",Partial College,Skilled Manual,North America,Olympia,Washington,United States
11161,22160,"Richardson, Alex",Partial College,Skilled Manual,North America,Portland,Oregon,United States
11162,22161,"Clark, Rachel",Partial College,Skilled Manual,North America,Berkeley,California,United States
11163,22162,"Yuan, Brad",Partial College,Skilled Manual,North America,Burbank,California,United States
11164,22163,"Scott, Morgan",Partial College,Skilled Manual,North America,Lakewood,California,United States
11165,22164,"Morris, Destiny",Partial College,Skilled Manual,North America,Spring Valley,California,United States
11166,22165,"Perez, Aaron",Partial College,Skilled Manual,North America,Glendale,California,United States
11167,22166,"Gray, Katherine",Partial College,Skilled Manual,North America,Yakima,Washington,United States
11184,22183,"Jones, Benjamin",Partial College,Skilled Manual,North America,Bremerton,Washington,United States
11185,22184,"Carter, Jeremy",Partial College,Skilled Manual,North America,Lakewood,California,United States
11186,22185,"Henderson, Connor",Partial College,Skilled Manual,North America,Palo Alto,California,United States
11187,22186,"Foster, Jonathan",Partial College,Skilled Manual,North America,San Carlos,California,United States
11188,22187,"Russell, Hannah",High School,Skilled Manual,North America,Corvallis,Oregon,United States
11189,22188,"Barnes, Sarah",Partial College,Skilled Manual,North America,Bellingham,Washington,United States
11190,22189,"Hernandez, Linda",Partial College,Professional,North America,Burien,Washington,United States
11191,22190,"Richardson, Carlos",Partial College,Professional,North America,Lemon Grove,California,United States
11192,22191,"Adams, Jack",Partial College,Professional,North America,Seattle,Washington,United States
11193,22192,"Zimmerman, Henry",Partial College,Professional,North America,Marysville,Washington,United States
11212,22211,"Gray, Richard",Partial College,Professional,North America,Olympia,Washington,United States
11216,22215,"Lal, Samuel",Graduate Degree,Management,North America,Lincoln Acres,California,United States
11217,22216,"Howard, Marcus",Bachelors,Management,North America,Spring Valley,California,United States
11219,22218,"Bryant, Christian",High School,Professional,North America,Bremerton,Washington,United States
11221,22220,"Sharma, Brandon",High School,Professional,North America,Lebanon,Oregon,United States
11222,22221,"Kumar, Benjamin",High School,Professional,North America,Colma,California,United States
11223,22222,"Hill, Angel",Partial College,Professional,North America,Torrance,California,United States
11224,22223,"Parker, Gabrielle",Partial College,Professional,North America,Mill Valley,California,United States
11225,22224,"Alexander, Katherine",Partial College,Professional,North America,Chula Vista,California,United States
11226,22225,"Murphy, Jessica",Partial College,Professional,North America,Issaquah,Washington,United States
11227,22226,"Sanders, Morgan",High School,Professional,North America,Grossmont,California,United States
11228,22227,"Cai, Barbara",High School,Professional,North America,Burbank,California,United States
11229,22228,"Gonzalez, Katelyn",High School,Professional,North America,Everett,Washington,United States
11230,22229,"Perry, Wyatt",High School,Professional,North America,Burbank,California,United States
11232,22231,"Brooks, Grace",Partial College,Professional,North America,Glendale,California,United States
11236,22235,"Peterson, Sebastian",Graduate Degree,Professional,North America,Coronado,California,United States
11237,22236,"Gonzalez, Jose",Bachelors,Skilled Manual,North America,Newport Beach,California,United States
11238,22237,"Morris, Angel",Bachelors,Skilled Manual,North America,Glendale,California,United States
11239,22238,"Murphy, Alex",Bachelors,Skilled Manual,North America,Lebanon,Oregon,United States
11240,22239,"Cook, Jesse",Bachelors,Skilled Manual,North America,San Francisco,California,United States
11241,22240,"Powell, Miguel",Bachelors,Skilled Manual,North America,Marysville,Washington,United States
11242,22241,"Washington, Alexandria",Bachelors,Skilled Manual,North America,Redmond,Washington,United States
11243,22242,"Walker, Cameron",Bachelors,Skilled Manual,North America,Yakima,Washington,United States
11244,22243,"Lewis, Emma",Graduate Degree,Professional,North America,Marysville,Washington,United States
11245,22244,"Howard, Shelby",Bachelors,Skilled Manual,North America,Edmonds,Washington,United States
11246,22245,"Lopez, Evan",Bachelors,Skilled Manual,North America,Lake Oswego,Oregon,United States
11247,22246,"Cox, Jacqueline",Bachelors,Skilled Manual,North America,Grossmont,California,United States
11249,22248,"Ramos, Gary",Bachelors,Skilled Manual,North America,Beverly Hills,California,United States
11250,22249,"Chen, Kevin",Graduate Degree,Professional,North America,Lemon Grove,California,United States
11251,22250,"Wilson, Michael",Graduate Degree,Professional,North America,Santa Cruz,California,United States
11254,22253,"Reed, Stephanie",Graduate Degree,Professional,North America,Bremerton,Washington,United States
11255,22254,"Scott, Fernando",Graduate Degree,Professional,North America,Marysville,Washington,United States
11256,22255,"Rogers, Nicole",Graduate Degree,Professional,North America,Seattle,Washington,United States
11257,22256,"Lu, Edwin",Graduate Degree,Professional,North America,Chula Vista,California,United States
11258,22257,"Romero, Carrie",Graduate Degree,Professional,North America,Concord,California,United States
11259,22258,"Reed, Jessica",Graduate Degree,Professional,North America,Glendale,California,United States
11260,22259,"Mitchell, Dalton",Bachelors,Professional,North America,Lebanon,Oregon,United States
11261,22260,"Allen, Courtney",Bachelors,Skilled Manual,North America,Salem,Oregon,United States
11262,22261,"Allen, Isaac",Bachelors,Skilled Manual,North America,Berkeley,California,United States
11263,22262,"Collins, Marcus",Bachelors,Skilled Manual,North America,Mill Valley,California,United States
11264,22263,"Blue, Patrick",Bachelors,Skilled Manual,North America,Kirkland,Washington,United States
11267,22266,"Sanders, Rachel",Graduate Degree,Professional,North America,Newport Beach,California,United States
11270,22269,"Yang, Caleb",Graduate Degree,Professional,North America,Concord,California,United States
11271,22270,"Gonzales, Antonio",Graduate Degree,Professional,North America,Glendale,California,United States
11272,22271,"Mitchell, Connor",Graduate Degree,Professional,North America,Lincoln Acres,California,United States
11273,22272,"Kelly, Isabella",Graduate Degree,Professional,North America,Palo Alto,California,United States
11274,22273,"Rodriguez, Patricia",Bachelors,Professional,North America,Chula Vista,California,United States
11275,22274,"Chen, Adam",Bachelors,Professional,North America,Tacoma,Washington,United States
11276,22275,"Bailey, Ian",Bachelors,Professional,North America,Lincoln Acres,California,United States
11277,22276,"Gray, Gabriella",Bachelors,Professional,North America,San Gabriel,California,United States
11278,22277,"Torres, Arianna",Bachelors,Professional,North America,Port Orchard,Washington,United States
11280,22279,"Kelly, Riley",Bachelors,Skilled Manual,North America,Burlingame,California,United States
11281,22280,"Scott, Luis",Bachelors,Skilled Manual,North America,Daly City,California,United States
11282,22281,"Diaz, Alexia",Graduate Degree,Professional,North America,Woodland Hills,California,United States
11283,22282,"Hughes, Jonathan",Bachelors,Professional,North America,Lake Oswego,Oregon,United States
11284,22283,"Davis, Eduardo",Bachelors,Skilled Manual,North America,Oregon City,Oregon,United States
11285,22284,"Sanz, Kristy",Bachelors,Skilled Manual,North America,Beverly Hills,California,United States
11287,22286,"Hughes, Gabriel",Bachelors,Skilled Manual,North America,San Gabriel,California,United States
11288,22287,"Griffin, Megan",Bachelors,Skilled Manual,North America,Lincoln Acres,California,United States
11289,22288,"Patterson, Isabel",Bachelors,Skilled Manual,North America,Beaverton,Oregon,United States
11290,22289,"Long, Thomas",Bachelors,Skilled Manual,North America,Bellflower,California,United States
11291,22290,"Jenkins, Jocelyn",Bachelors,Professional,North America,Seattle,Washington,United States
11292,22291,"Morris, Carlos",Bachelors,Professional,North America,Berkeley,California,United States
11293,22292,"Gomez, Stacy",Bachelors,Professional,North America,Burbank,California,United States
11294,22293,"Johnson, Jasmine",Bachelors,Professional,North America,Fremont,California,United States
11295,22294,"Brown, Rachel",Bachelors,Professional,North America,Glendale,California,United States
11296,22295,"Morgan, Jade",Bachelors,Professional,North America,Imperial Beach,California,United States
11297,22296,"Johnson, Benjamin",Bachelors,Professional,North America,Lemon Grove,California,United States
11298,22297,"Garcia, Jasmine",Bachelors,Professional,North America,Redwood City,California,United States
11299,22298,"Williams, Marcus",Bachelors,Professional,North America,Spring Valley,California,United States
11301,22300,"Price, Kaitlyn",Graduate Degree,Professional,North America,Redmond,Washington,United States
11302,22301,"Rodriguez, Abigail",Graduate Degree,Professional,North America,Lakewood,California,United States
11308,22307,"Ross, Sarah",Bachelors,Skilled Manual,Europe,Hof,Bavaria,Germany
11311,22310,"Sanders, Christina",Partial High School,Manual,Europe,Neunkirchen,North Rhine-Westphalia,Germany
11318,22317,"Nath, Karla",Partial High School,Manual,Europe,Solingen,North Rhine-Westphalia,Germany
11319,22318,"Xu, Ramon",High School,Manual,Europe,Bonn,North Rhine-Westphalia,Germany
11327,22326,"Howard, Riley",Partial College,Clerical,North America,Renton,Washington,United States
11328,22327,"Cai, Jake",Partial College,Clerical,North America,Burien,Washington,United States
11329,22328,"Anderson, Grace",Graduate Degree,Skilled Manual,North America,Burien,Washington,United States
11330,22329,"Peterson, Grace",Graduate Degree,Skilled Manual,North America,Lake Oswego,Oregon,United States
11331,22330,"Walker, Jose",Graduate Degree,Skilled Manual,North America,Concord,California,United States
11332,22331,"Yuan, Michele",Partial College,Clerical,North America,Chula Vista,California,United States
11334,22333,"Watson, Gabriella",Graduate Degree,Skilled Manual,North America,Oregon City,Oregon,United States
11335,22334,"Serrano, Juan",Graduate Degree,Skilled Manual,North America,Burien,Washington,United States
11336,22335,"Taylor, Anthony",Graduate Degree,Skilled Manual,North America,Kirkland,Washington,United States
11337,22336,"Moreno, Frank",Graduate Degree,Skilled Manual,North America,Burlingame,California,United States
11338,22337,"Jenkins, Haley",High School,Manual,North America,Colma,California,United States
11339,22338,"Russell, Thomas",High School,Manual,North America,Daly City,California,United States
11340,22339,"Nelson, Richard",High School,Manual,North America,Redmond,Washington,United States
11341,22340,"Young, Isaac",High School,Manual,North America,Santa Cruz,California,United States
11342,22341,"Washington, Tristan",High School,Manual,North America,Lake Oswego,Oregon,United States
11343,22342,"Lal, Jon",Partial High School,Clerical,North America,Burien,Washington,United States
11344,22343,"Powell, Brittany",High School,Clerical,North America,Spokane,Washington,United States
11345,22344,"Yang, Krystal",High School,Clerical,North America,Chula Vista,California,United States
11346,22345,"James, Amanda",High School,Skilled Manual,North America,Santa Cruz,California,United States
11347,22346,"Howard, Catherine",Partial College,Clerical,North America,Beverly Hills,California,United States
11348,22347,"Long, Abigail",High School,Skilled Manual,North America,West Covina,California,United States
11349,22348,"Torres, Zoe",High School,Skilled Manual,North America,Novato,California,United States
11351,22350,"Powell, Riley",High School,Skilled Manual,North America,Seattle,Washington,United States
11352,22351,"Davis, Sarah",High School,Skilled Manual,North America,Burien,Washington,United States
11353,22352,"Moore, Elizabeth",High School,Skilled Manual,North America,Lakewood,California,United States
11356,22355,"Jones, Logan",High School,Skilled Manual,North America,Concord,California,United States
11357,22356,"Ward, Charles",High School,Skilled Manual,North America,Glendale,California,United States
11358,22357,"Lal, Justin",High School,Skilled Manual,North America,El Cajon,California,United States
11359,22358,"Butler, Sydney",Partial College,Clerical,North America,El Cajon,California,United States
11361,22360,"Collins, Caleb",Partial College,Clerical,North America,Burien,Washington,United States
11362,22361,"White, Nathan",Partial College,Clerical,North America,National City,California,United States
11363,22362,"Russell, Austin",Graduate Degree,Skilled Manual,North America,Coronado,California,United States
11365,22364,"Jenkins, Katherine",Graduate Degree,Skilled Manual,North America,San Francisco,California,United States
11366,22365,"Richardson, Sebastian",Graduate Degree,Skilled Manual,North America,San Gabriel,California,United States
11368,22367,"Griffin, Jasmine",Graduate Degree,Skilled Manual,North America,Palo Alto,California,United States
11369,22368,"Ross, Edward",Partial College,Clerical,North America,Puyallup,Washington,United States
11370,22369,"Deng, Louis",Graduate Degree,Skilled Manual,North America,Burlingame,California,United States
11371,22370,"Patterson, Carol",Graduate Degree,Skilled Manual,North America,Lakewood,California,United States
11373,22372,"Perry, Melanie",Graduate Degree,Skilled Manual,North America,San Gabriel,California,United States
11375,22374,"Patterson, Luke",Graduate Degree,Skilled Manual,North America,Issaquah,Washington,United States
11376,22375,"Williams, Jasmine",Graduate Degree,Skilled Manual,North America,Lemon Grove,California,United States
11377,22376,"Martin, Marcus",Graduate Degree,Skilled Manual,North America,Lake Oswego,Oregon,United States
11381,22380,"Nath, Brendan",Graduate Degree,Manual,Europe,Berlin,Berlin,Germany
11382,22381,"Patterson, Hunter",Graduate Degree,Manual,Europe,Hof,Bavaria,Germany
11385,22384,"Sanchez, Paige",Bachelors,Manual,Europe,Ingolstadt,Bavaria,Germany
11387,22386,"Gill, Jerome",Graduate Degree,Clerical,Europe,Saarbrücken,Saar,Germany
11388,22387,"Romero, Audrey",Graduate Degree,Clerical,Europe,Poing,Bavaria,Germany
11390,22389,"Luo, Edwin",Bachelors,Clerical,Europe,Ingolstadt,Bavaria,Germany
11391,22390,"Zheng, Kelvin",Bachelors,Clerical,Europe,Stuttgart,Baden-Wuerttemberg,Germany
11392,22391,"Watson, Angela",Partial College,Manual,Europe,Saarlouis,Saar,Germany
11394,22393,"Perez, Chelsea",Partial College,Manual,Europe,Munich,Bavaria,Germany
11399,22398,"Moreno, Sheila",Partial College,Manual,Europe,Hamburg,Hamburg,Germany
11415,22414,"Wu, Eugene",Partial College,Manual,Europe,Hamburg,Hamburg,Germany
11416,22415,"Phillips, Natalie",Bachelors,Clerical,Europe,Solingen,North Rhine-Westphalia,Germany
11433,22432,"Xie, Bridget",High School,Manual,Europe,Frankfurt,Hesse,Germany
11437,22436,"Raji, Roger",Bachelors,Clerical,Europe,Bonn,North Rhine-Westphalia,Germany
11442,22441,"Torres, Andrea",Bachelors,Clerical,Europe,Hof,Bavaria,Germany
11445,22444,"Xie, Colin",Graduate Degree,Clerical,Europe,Frankfurt,Hesse,Germany
11448,22447,"Shan, Tara",Graduate Degree,Clerical,Europe,Kiel,Schleswig-Holstein,Germany
11451,22450,"Alvarez, Audrey",Graduate Degree,Skilled Manual,Europe,Sulzbach Taunus,Saar,Germany
11454,22453,"Long, Dakota",Bachelors,Clerical,Europe,Darmstadt,Hesse,Germany
11456,22455,"Kapoor, Roy",Partial College,Manual,Europe,Hamburg,Hamburg,Germany
11460,22459,"Xu, Johnny",Partial College,Manual,Europe,Bonn,North Rhine-Westphalia,Germany
11463,22462,"Chandra, Lydia",Partial College,Manual,Europe,Dusseldorf,North Rhine-Westphalia,Germany
11470,22469,"Moreno, Sabrina",Partial College,Manual,Europe,Erlangen,Bavaria,Germany
11474,22473,"Patel, Clifford",Bachelors,Clerical,Europe,Berlin,Berlin,Germany
11475,22474,"Zhu, Leah",Partial High School,Manual,Europe,Frankfurt,Hesse,Germany
11477,22476,"Martinez, Shane",High School,Manual,Europe,Saarlouis,Saar,Germany
11478,22477,"Diaz, Kevin",High School,Manual,Europe,Kassel,Hesse,Germany
11479,22478,"Browning, Carolyn",Bachelors,Clerical,Europe,Salzgitter,Lower Saxony,Germany
11480,22479,"Malhotra, Tammy",Bachelors,Skilled Manual,Europe,Hanover,Lower Saxony,Germany
11482,22481,"Ortega, Erik",Bachelors,Skilled Manual,Europe,Stuttgart,Baden-Wuerttemberg,Germany
11483,22482,"Jenkins, Cassidy",Partial High School,Manual,Europe,Frankfurt,Hesse,Germany
11487,22486,"Ruiz, Jimmy",High School,Manual,Europe,Bonn,North Rhine-Westphalia,Germany
11489,22488,"Patel, Frederick",Bachelors,Skilled Manual,Europe,Eilenburg,Saxony,Germany
11492,22491,"Nara, Jerry",High School,Manual,Europe,Neunkirchen,North Rhine-Westphalia,Germany
11493,22492,"She, Jorge",High School,Manual,Europe,Solingen,North Rhine-Westphalia,Germany
11494,22493,"Sanz, Dwayne",High School,Manual,Europe,Munster,North Rhine-Westphalia,Germany
11495,22494,"Andersen, Jon",High School,Manual,Europe,Darmstadt,Hesse,Germany
11498,22497,"Gomez, Casey",Partial High School,Manual,Europe,Dresden,Saxony,Germany
11507,22506,"Prasad, Brenda",Partial College,Clerical,Europe,Erlangen,Bavaria,Germany
11508,22507,"Wang, Louis",Partial College,Clerical,Europe,Erlangen,Bavaria,Germany
11509,22508,"Huang, Jon",Bachelors,Skilled Manual,Europe,Munich,Bavaria,Germany
11510,22509,"Nara, Lacey",Bachelors,Skilled Manual,Europe,Paderborn,North Rhine-Westphalia,Germany
11515,22514,"Johnsen, Marvin",High School,Manual,Europe,Paderborn,North Rhine-Westphalia,Germany
11517,22516,"Ortega, Adrienne",Partial College,Clerical,Europe,Hanover,Lower Saxony,Germany
11518,22517,"Adams, Luis",Partial College,Clerical,Europe,Hof,Bavaria,Germany
11520,22519,"Hughes, Logan",Bachelors,Skilled Manual,Europe,Saarlouis,Saar,Germany
11522,22521,"Rivera, Christina",Partial College,Clerical,Europe,Frankfurt,Hesse,Germany
11523,22522,"Hayes, Benjamin",Partial College,Clerical,Europe,Neunkirchen,North Rhine-Westphalia,Germany
11524,22523,"Xu, Jon",Bachelors,Skilled Manual,Europe,Frankfurt,Hesse,Germany
11526,22525,"Gutierrez, Julio",Partial College,Clerical,Europe,Sulzbach Taunus,Saar,Germany
11534,22533,"Liu, Jake",Partial High School,Manual,Europe,Hamburg,Hamburg,Germany
11538,22537,"Jenkins, Xavier",Partial High School,Manual,Europe,Paderborn,North Rhine-Westphalia,Germany
11542,22541,"Martinez, Stefanie",Partial College,Clerical,Europe,Paderborn,North Rhine-Westphalia,Germany
11544,22543,"Campbell, Jeremy",Graduate Degree,Skilled Manual,North America,Portland,Oregon,United States
11547,22546,"Jones, Nicholas",High School,Skilled Manual,North America,Lebanon,Oregon,United States
11548,22547,"Flores, Elijah",Graduate Degree,Skilled Manual,North America,National City,California,United States
11549,22548,"Brooks, Angela",Graduate Degree,Skilled Manual,North America,San Carlos,California,United States
11550,22549,"Russell, Isabel",Graduate Degree,Skilled Manual,North America,Olympia,Washington,United States
11552,22551,"Rubio, Andy",Graduate Degree,Clerical,Europe,Munich,Bavaria,Germany
11564,22563,"Weber, Darren",Partial College,Manual,Europe,Saarbrücken,Saar,Germany
11566,22565,"Subram, Brenda",Bachelors,Clerical,Europe,Frankfurt,Hesse,Germany
11569,22568,"Wu, Autumn",Graduate Degree,Clerical,Europe,Berlin,Berlin,Germany
11586,22585,"He, Kelvin",Graduate Degree,Clerical,Europe,Essen,North Rhine-Westphalia,Germany
11588,22587,"Alonso, Gina",Partial College,Manual,Europe,Munich,Bavaria,Germany
11591,22590,"Hughes, Oscar",Partial College,Manual,Europe,Neunkirchen,North Rhine-Westphalia,Germany
11592,22591,"Becker, Jon",Graduate Degree,Clerical,Europe,Hamburg,Hamburg,Germany
11598,22597,"Chandra, Rachael",Bachelors,Clerical,Europe,Berlin,Berlin,Germany
11599,22598,"Sanchez, Donald",Bachelors,Clerical,Europe,Berlin,Berlin,Germany
11607,22606,"Hernandez, Alfredo",Partial College,Manual,Europe,Mühlheim am Main,Hesse,Germany
11608,22607,"Gonzalez, Whitney",Partial College,Manual,Europe,Neunkirchen,North Rhine-Westphalia,Germany
11610,22609,"Cai, Clarence",Bachelors,Clerical,Europe,Berlin,Berlin,Germany
11611,22610,"Chen, Brent",Bachelors,Clerical,Europe,Berlin,Berlin,Germany
11616,22615,"Xu, Misty",Bachelors,Clerical,Europe,Hanover,Lower Saxony,Germany
11618,22617,"Nath, Andres",Graduate Degree,Clerical,Europe,Erlangen,Bavaria,Germany
11620,22619,"Hernandez, Robin",Graduate Degree,Skilled Manual,Europe,Hamburg,Hamburg,Germany
11621,22620,"Suri, Stefanie",Graduate Degree,Skilled Manual,Europe,Hanover,Lower Saxony,Germany
11622,22621,"Davis, Xavier",Graduate Degree,Skilled Manual,Europe,Werne,North Rhine-Westphalia,Germany
11624,22623,"Suarez, Jamie",Partial College,Manual,Europe,Stuttgart,Baden-Wuerttemberg,Germany
11628,22627,"Sharma, Shawna",Partial College,Manual,Europe,Essen,North Rhine-Westphalia,Germany
11629,22628,"Lu, Marshall",Partial College,Manual,Europe,Dusseldorf,North Rhine-Westphalia,Germany
11634,22633,"Zhao, Claudia",Graduate Degree,Clerical,Europe,Hof,Bavaria,Germany
11639,22638,"Gutierrez, Kristi",Partial High School,Manual,Europe,Solingen,North Rhine-Westphalia,Germany
11645,22644,"Ortega, Marc",Bachelors,Clerical,Europe,Hamburg,Hamburg,Germany
11651,22650,"Suri, Kristina",Bachelors,Clerical,Europe,Eilenburg,Saxony,Germany
11653,22652,"Shan, Gilbert",High School,Manual,Europe,Kiel,Schleswig-Holstein,Germany
11656,22655,"Young, Lucas",High School,Manual,Europe,Hof,Bavaria,Germany
11660,22659,"Luo, Shawna",High School,Manual,Europe,Hof,Bavaria,Germany
11661,22660,"Lopez, Monica",High School,Manual,Europe,Bottrop,North Rhine-Westphalia,Germany
11666,22665,"Diaz, Orlando",Bachelors,Professional,Europe,Hof,Bavaria,Germany
11667,22666,"Srini, Mayra",Bachelors,Professional,Europe,Munich,Bavaria,Germany
11675,22674,"Prasad, Troy",Partial College,Clerical,Europe,Hof,Bavaria,Germany
11678,22677,"Carlson, Reginald",Partial College,Clerical,Europe,Hamburg,Hamburg,Germany
11679,22678,"Lee, Sydney",Bachelors,Skilled Manual,Europe,Hof,Bavaria,Germany
11680,22679,"Dominguez, Derrick",Bachelors,Skilled Manual,Europe,Munich,Bavaria,Germany
11681,22680,"Suarez, Lee",Bachelors,Skilled Manual,Europe,Paderborn,North Rhine-Westphalia,Germany
11685,22684,"Cooper, Lauren",Bachelors,Skilled Manual,Europe,Hamburg,Hamburg,Germany
11686,22685,"Ma, Barbara",Partial College,Clerical,Europe,Hamburg,Hamburg,Germany
11689,22688,"Perez, Seth",Partial College,Clerical,Europe,Ingolstadt,Bavaria,Germany
11695,22694,"Kapoor, Molly",Partial College,Clerical,Europe,Dusseldorf,North Rhine-Westphalia,Germany
11700,22699,"Chande, Clarence",Partial High School,Manual,Europe,Paderborn,North Rhine-Westphalia,Germany
11701,22700,"Serrano, Gina",Partial High School,Manual,Europe,Berlin,Berlin,Germany
11702,22701,"Navarro, Anne",High School,Manual,Europe,Kiel,Schleswig-Holstein,Germany
11706,22705,"Kapoor, Adriana",Partial High School,Manual,Europe,Berlin,Berlin,Germany
11707,22706,"Ruth, Andy",Partial College,Clerical,Europe,Hamburg,Hamburg,Germany
11708,22707,"Russell, Haley",Partial College,Clerical,Europe,Neunkirchen,North Rhine-Westphalia,Germany
11711,22710,"Zhao, Trisha",Partial High School,Manual,Europe,Frankfurt,Hesse,Germany
11712,22711,"Hernandez, Isaiah",Partial College,Clerical,Europe,Frankfurt,Hesse,Germany
11717,22716,"Nelson, Caleb",Bachelors,Management,North America,Edmonds,Washington,United States
11718,22717,"Watson, Nicole",Partial College,Professional,North America,Walla Walla,Washington,United States
11719,22718,"Simmons, Zachary",Bachelors,Management,North America,Berkeley,California,United States
11720,22719,"Brooks, Jesse",Bachelors,Management,North America,Concord,California,United States
11721,22720,"Alexander, Jonathan",Graduate Degree,Management,North America,Long Beach,California,United States
11722,22721,"Lin, Colleen",High School,Skilled Manual,North America,Ballard,Washington,United States
11723,22722,"Fernandez, Tina",Bachelors,Professional,North America,Burlingame,California,United States
11724,22723,"Anderson, Alexander",Graduate Degree,Management,North America,West Covina,California,United States
11725,22724,"Evans, Noah",Bachelors,Management,North America,Downey,California,United States
11726,22725,"Gonzales, Richard",Graduate Degree,Management,North America,Puyallup,Washington,United States
11727,22726,"Morris, Anna",Graduate Degree,Management,North America,Kirkland,Washington,United States
11728,22727,"She, Jodi",Graduate Degree,Management,North America,Bremerton,Washington,United States
11730,22729,"Nelson, Seth",Bachelors,Management,North America,Grossmont,California,United States
11732,22731,"Henderson, Brandon",Bachelors,Management,North America,La Jolla,California,United States
11734,22733,"Powell, Alexandria",Bachelors,Management,North America,Bremerton,Washington,United States
11735,22734,"Adams, Maria",Partial High School,Clerical,North America,San Francisco,California,United States
11736,22735,"Jones, Katherine",High School,Professional,North America,Corvallis,Oregon,United States
11737,22736,"Morgan, Katherine",High School,Professional,North America,Tacoma,Washington,United States
11738,22737,"Sai, Heidi",Bachelors,Management,North America,Berkeley,California,United States
11739,22738,"Diaz, Haley",Bachelors,Management,North America,Novato,California,United States
11741,22740,"Rogers, Kimberly",High School,Professional,North America,Berkeley,California,United States
11742,22741,"He, Darryl",High School,Professional,North America,Ballard,Washington,United States
11743,22742,"Nelson, Nathan",High School,Professional,North America,Beaverton,Oregon,United States
11744,22743,"Murphy, Kaylee",High School,Professional,North America,Kirkland,Washington,United States
11745,22744,"Wright, Edward",High School,Professional,North America,Concord,California,United States
11746,22745,"Patterson, Alexandria",High School,Professional,North America,Woodland Hills,California,United States
11747,22746,"Zhang, Erica",Bachelors,Management,North America,Concord,California,United States
11748,22747,"Martinez, Brianna",Bachelors,Management,North America,Glendale,California,United States
11750,22749,"Patterson, Miranda",Bachelors,Management,North America,Port Orchard,Washington,United States
11751,22750,"Gonzalez, Jesse",Bachelors,Management,North America,Downey,California,United States
11752,22751,"Rodriguez, Samuel",Bachelors,Management,North America,El Cajon,California,United States
11753,22752,"Brown, Daniel",Bachelors,Management,North America,Lebanon,Oregon,United States
11754,22753,"Morgan, Hailey",Partial College,Professional,North America,Portland,Oregon,United States
11755,22754,"Foster, Robert",Partial College,Professional,North America,Marysville,Washington,United States
11757,22756,"Nath, Jon",Partial College,Professional,North America,Berkeley,California,United States
11758,22757,"Peterson, Savannah",Partial College,Professional,North America,Mill Valley,California,United States
11759,22758,"Jackson, Katherine",Partial College,Professional,North America,Corvallis,Oregon,United States
11760,22759,"Ramirez, Julia",Partial College,Professional,North America,Olympia,Washington,United States
11761,22760,"Chen, Hunter",Partial College,Professional,North America,Olympia,Washington,United States
11762,22761,"Price, Eduardo",Partial College,Professional,North America,Renton,Washington,United States
11763,22762,"Diaz, Melissa",Partial College,Professional,North America,Renton,Washington,United States
11764,22763,"Gonzalez, Rebecca",Partial College,Professional,North America,Seattle,Washington,United States
11765,22764,"Brooks, Chase",Partial College,Professional,North America,Yakima,Washington,United States
11767,22766,"Hayes, Cassidy",Partial College,Professional,North America,Port Orchard,Washington,United States
11768,22767,"Hernandez, Luis",Partial College,Professional,North America,Woodburn,Oregon,United States
11769,22768,"Zhang, Aaron",Bachelors,Management,North America,Burbank,California,United States
11770,22769,"Martin, Benjamin",Partial College,Professional,North America,Long Beach,California,United States
11771,22770,"Morgan, Chloe",Partial College,Professional,North America,Oakland,California,United States
11774,22773,"Zhang, Autumn",Partial College,Professional,North America,Bellingham,Washington,United States
11775,22774,"Alexander, Caleb",Partial College,Professional,North America,Everett,Washington,United States
11776,22775,"Martinez, Madison",Partial College,Professional,North America,Concord,California,United States
11777,22776,"Perry, Julia",Partial College,Professional,North America,La Jolla,California,United States
11778,22777,"Garcia, Tyler",High School,Professional,North America,Edmonds,Washington,United States
11779,22778,"Dominguez, Monique",Partial College,Professional,North America,Bellflower,California,United States
11780,22779,"Ruiz, Lance",Partial College,Professional,North America,Berkeley,California,United States
11781,22780,"Rogers, Jennifer",Partial College,Professional,North America,Long Beach,California,United States
11782,22781,"Powell, Hunter",Partial College,Professional,North America,Palo Alto,California,United States
11783,22782,"Wood, Dakota",Partial College,Professional,North America,San Gabriel,California,United States
11784,22783,"Green, Isaac",Partial High School,Skilled Manual,North America,Lynnwood,Washington,United States
11785,22784,"Jackson, Nicholas",Partial High School,Skilled Manual,North America,Los Angeles,California,United States
11787,22786,"Goldstein, Wyatt",Partial High School,Skilled Manual,North America,Burien,Washington,United States
11788,22787,"Sanchez, Andrea",Partial High School,Skilled Manual,North America,Woodland Hills,California,United States
11789,22788,"Jenkins, Jordan",Partial High School,Skilled Manual,North America,Torrance,California,United States
11790,22789,"Taylor, Richard",Partial High School,Skilled Manual,North America,San Diego,California,United States
11791,22790,"Phillips, Luke",Partial High School,Skilled Manual,North America,Santa Cruz,California,United States
11792,22791,"Jenkins, Taylor",High School,Professional,North America,Chula Vista,California,United States
11793,22792,"Carter, Thomas",Partial College,Professional,North America,Portland,Oregon,United States
11794,22793,"Jenkins, Antonio",Partial College,Professional,North America,Yakima,Washington,United States
11798,22797,"She, Leonard",Partial College,Professional,Europe,Grevenbroich,North Rhine-Westphalia,Germany
11802,22801,"Raje, Alicia",Partial College,Professional,Europe,Bonn,North Rhine-Westphalia,Germany
11803,22802,"Van, Ann",Partial High School,Professional,Europe,Frankfurt,Hesse,Germany
11804,22803,"Shan, Marshall",Partial College,Professional,Europe,Werne,North Rhine-Westphalia,Germany
11805,22804,"Butler, Kelly",Partial College,Professional,Europe,Hamburg,Hamburg,Germany
11806,22805,"Goel, Cristina",Bachelors,Management,Europe,Bonn,North Rhine-Westphalia,Germany
11807,22806,"Sun, Crystal",Partial College,Professional,Europe,Eilenburg,Saxony,Germany
11810,22809,"Sara, Martin",Partial College,Professional,Europe,Frankfurt,Hesse,Germany
11811,22810,"Sanchez, Nathaniel",Partial College,Professional,Europe,Paderborn,North Rhine-Westphalia,Germany
11816,22815,"Wang, Margaret",Bachelors,Management,Europe,Hamburg,Hamburg,Germany
11817,22816,"Cai, Erica",Bachelors,Management,Europe,Offenbach am Main,Hesse,Germany
11818,22817,"Nath, Calvin",Bachelors,Management,Europe,Salzgitter,Lower Saxony,Germany
11822,22821,"Munoz, Wendy",Partial College,Professional,Europe,Kassel,Hesse,Germany
11831,22830,"Travers, Lee",Partial College,Management,Europe,Hamburg,Hamburg,Germany
11835,22834,"Zhou, Darryl",Partial High School,Professional,Europe,Berlin,Berlin,Germany
11836,22835,"Zhang, Alan",Partial High School,Professional,Europe,Essen,North Rhine-Westphalia,Germany
11837,22836,"Sai, Michele",Partial High School,Professional,Europe,Kiel,Schleswig-Holstein,Germany
11862,22861,"Hughes, Devin",Partial College,Professional,North America,Lake Oswego,Oregon,United States
11863,22862,"Navarro, Derrick",Bachelors,Management,North America,Berkeley,California,United States
11864,22863,"Thomas, Hunter",Partial College,Professional,North America,Lake Oswego,Oregon,United States
11865,22864,"Hall, Mason",Partial College,Professional,North America,Issaquah,Washington,United States
11866,22865,"Hall, Stephanie",Graduate Degree,Management,North America,Concord,California,United States
11867,22866,"Thompson, William",Partial College,Clerical,Europe,Paderborn,North Rhine-Westphalia,Germany
11868,22867,"Ruiz, Max",Partial High School,Manual,Europe,Saarlouis,Saar,Germany
11872,22871,"Coleman, David",Partial College,Skilled Manual,North America,Walla Walla,Washington,United States
11873,22872,"Bailey, Sara",Partial College,Skilled Manual,North America,Burien,Washington,United States
11874,22873,"Williams, Robert",Partial College,Skilled Manual,North America,Bellflower,California,United States
11875,22874,"Anand, Drew",High School,Skilled Manual,North America,Burien,Washington,United States
11876,22875,"Russell, Robert",High School,Skilled Manual,North America,Glendale,California,United States
11877,22876,"Campbell, Jenna",High School,Skilled Manual,North America,Newport Beach,California,United States
11879,22878,"Ross, Angelica",Partial College,Skilled Manual,North America,W. Linn,Oregon,United States
11880,22879,"Russell, Jocelyn",Partial College,Skilled Manual,North America,Downey,California,United States
11881,22880,"Harris, Ashley",High School,Skilled Manual,North America,Corvallis,Oregon,United States
11884,22883,"Morgan, Xavier",Partial College,Skilled Manual,North America,Milwaukie,Oregon,United States
11885,22884,"Richardson, Danielle",Partial College,Skilled Manual,North America,Salem,Oregon,United States
11886,22885,"Henderson, Caleb",Graduate Degree,Professional,North America,Yakima,Washington,United States
11887,22886,"King, Andrea",Graduate Degree,Professional,North America,Grossmont,California,United States
11888,22887,"Richardson, Mason",Partial College,Skilled Manual,North America,Novato,California,United States
11889,22888,"Long, Abigail",Partial College,Skilled Manual,North America,Olympia,Washington,United States
11891,22890,"Hall, Alexis",Bachelors,Professional,North America,San Diego,California,United States
11892,22891,"Gonzalez, Andrea",Bachelors,Professional,North America,Imperial Beach,California,United States
11893,22892,"Mitchell, Timothy",Graduate Degree,Professional,North America,Downey,California,United States
11895,22894,"Ramirez, Danielle",Graduate Degree,Professional,North America,Daly City,California,United States
11897,22896,"Miller, Logan",Bachelors,Professional,North America,Everett,Washington,United States
11898,22897,"Ramirez, Arianna",Bachelors,Professional,North America,Port Orchard,Washington,United States
11899,22898,"Washington, Melanie",Bachelors,Professional,North America,El Cajon,California,United States
11900,22899,"Carter, Charles",Bachelors,Professional,North America,El Cajon,California,United States
11901,22900,"Li, Hunter",Bachelors,Professional,North America,Woodburn,Oregon,United States
11903,22902,"Madan, Pedro",Graduate Degree,Professional,North America,Bellingham,Washington,United States
11968,22967,"Smith, Rachel",High School,Skilled Manual,North America,Olympia,Washington,United States
11969,22968,"Perez, Logan",High School,Skilled Manual,North America,Puyallup,Washington,United States
11971,22970,"Phillips, Mary",High School,Skilled Manual,North America,Bellingham,Washington,United States
11973,22972,"James, Bailey",High School,Skilled Manual,North America,Woodburn,Oregon,United States
11978,22977,"Patterson, Ian",High School,Skilled Manual,North America,San Carlos,California,United States
11980,22979,"Hernandez, Theodore",Partial High School,Clerical,North America,Burlingame,California,United States
11981,22980,"Washington, Oscar",High School,Skilled Manual,North America,Bellflower,California,United States
11982,22981,"Flores, Amanda",High School,Skilled Manual,North America,Salem,Oregon,United States
11983,22982,"Miller, Madison",High School,Skilled Manual,North America,Coronado,California,United States
11985,22984,"Robinson, Cameron",High School,Skilled Manual,North America,Bellingham,Washington,United States
11986,22985,"Phillips, Hailey",High School,Skilled Manual,North America,Edmonds,Washington,United States
11990,22989,"Butler, Megan",Partial College,Skilled Manual,North America,Concord,California,United States
11991,22990,"Stewart, Alyssa",Partial College,Skilled Manual,North America,Lincoln Acres,California,United States
11992,22991,"Jenkins, Morgan",Partial College,Skilled Manual,North America,Colma,California,United States
11993,22992,"Yang, Austin",Partial College,Skilled Manual,North America,Kirkland,Washington,United States
11994,22993,"Sanchez, Xavier",Partial College,Skilled Manual,North America,Redwood City,California,United States
11995,22994,"Allen, Chloe",Bachelors,Management,North America,Olympia,Washington,United States
11998,22997,"Williams, Lucas",Bachelors,Management,North America,Bellingham,Washington,United States
12000,22999,"Hill, Jackson",Bachelors,Management,North America,Lemon Grove,California,United States
12001,23000,"Henderson, Victoria",Graduate Degree,Management,North America,Lake Oswego,Oregon,United States
12002,23001,"Munoz, Julio",Bachelors,Management,North America,Beaverton,Oregon,United States
12003,23002,"Hernandez, Arthur",Partial College,Skilled Manual,North America,Bellingham,Washington,United States
12005,23004,"Fernandez, Raymond",Graduate Degree,Management,North America,Burlingame,California,United States
12006,23005,"Sharma, Luke",High School,Skilled Manual,North America,Portland,Oregon,United States
12007,23006,"Lee, Seth",Partial College,Skilled Manual,North America,Downey,California,United States
12008,23007,"Sanchez, Isaac",Partial College,Skilled Manual,North America,La Jolla,California,United States
12012,23011,"Rivera, Isaiah",Partial College,Skilled Manual,North America,Berkeley,California,United States
12016,23015,"Rivera, Juan",Graduate Degree,Skilled Manual,North America,Colma,California,United States
12017,23016,"Powell, Victoria",Graduate Degree,Skilled Manual,North America,Berkeley,California,United States
12018,23017,"Rai, Alison",Graduate Degree,Skilled Manual,North America,Bellingham,Washington,United States
12019,23018,"White, Richard",Graduate Degree,Skilled Manual,North America,Redmond,Washington,United States
12020,23019,"Garcia, Emma",Graduate Degree,Skilled Manual,North America,Oakland,California,United States
12021,23020,"Jones, Hannah",Partial College,Professional,North America,Kirkland,Washington,United States
12022,23021,"Mehta, Stefanie",Partial College,Professional,North America,Bellflower,California,United States
12024,23023,"Vazquez, Naomi",Partial College,Professional,North America,Bellingham,Washington,United States
12025,23024,"Davis, Emma",Partial College,Professional,North America,Lebanon,Oregon,United States
12026,23025,"Richardson, Richard",Partial College,Professional,North America,Walla Walla,Washington,United States
12027,23026,"Rogers, Jessica",Partial College,Professional,North America,Glendale,California,United States
12028,23027,"Griffin, Fernando",Bachelors,Management,North America,Los Angeles,California,United States
12029,23028,"Taylor, Anna",Bachelors,Management,North America,Palo Alto,California,United States
12030,23029,"Ross, Ian",Partial College,Professional,North America,Bellingham,Washington,United States
12031,23030,"Jenkins, Aidan",High School,Professional,North America,Salem,Oregon,United States
12032,23031,"Morgan, Brooke",High School,Professional,North America,Sedro Woolley,Washington,United States
12033,23032,"Parker, Jesse",Bachelors,Management,North America,Lakewood,California,United States
12034,23033,"Turner, Alex",Bachelors,Management,North America,Lakewood,California,United States
12035,23034,"Cooper, Melanie",Bachelors,Management,North America,Los Angeles,California,United States
12036,23035,"Howard, Maria",Bachelors,Management,North America,Newport Beach,California,United States
12037,23036,"Green, Caleb",Bachelors,Management,North America,San Carlos,California,United States
12038,23037,"Wood, Lucas",Partial High School,Skilled Manual,North America,Seattle,Washington,United States
12039,23038,"Reed, Sydney",High School,Professional,North America,Redmond,Washington,United States
12040,23039,"Scott, Wyatt",High School,Professional,North America,Colma,California,United States
12047,23046,"Malhotra, Pamela",Partial College,Professional,North America,Beaverton,Oregon,United States
12048,23047,"Xu, Valerie",Graduate Degree,Management,North America,Chula Vista,California,United States
12050,23049,"Moreno, Gina",Graduate Degree,Management,North America,Beaverton,Oregon,United States
12051,23050,"Hall, Jack",Graduate Degree,Management,North America,Salem,Oregon,United States
12052,23051,"Green, Jesse",Graduate Degree,Management,North America,W. Linn,Oregon,United States
12053,23052,"Stewart, Steven",Graduate Degree,Management,North America,National City,California,United States
12054,23053,"Bailey, Anna",High School,Professional,North America,Kirkland,Washington,United States
12055,23054,"Moore, David",High School,Professional,North America,Marysville,Washington,United States
12056,23055,"Diaz, Seth",Partial College,Professional,North America,Portland,Oregon,United States
12057,23056,"Perry, Alyssa",High School,Professional,North America,La Jolla,California,United States
12059,23058,"Rivera, Michelle",Graduate Degree,Management,North America,Burlingame,California,United States
12060,23059,"Price, Spencer",Graduate Degree,Management,North America,W. Linn,Oregon,United States
12061,23060,"Long, Isabella",Partial College,Professional,North America,Palo Alto,California,United States
12062,23061,"Sanders, Jeremiah",Partial College,Professional,North America,National City,California,United States
12063,23062,"Reed, Natalie",Graduate Degree,Management,North America,Lebanon,Oregon,United States
12064,23063,"Thompson, Jennifer",Graduate Degree,Management,North America,Mill Valley,California,United States
12065,23064,"Rodriguez, Alexander",Graduate Degree,Management,North America,Bellingham,Washington,United States
12066,23065,"Nath, Derek",Graduate Degree,Management,North America,Bellingham,Washington,United States
12067,23066,"Lal, Austin",Graduate Degree,Management,North America,Bellflower,California,United States
12068,23067,"Pal, Kelli",Graduate Degree,Management,North America,Burlingame,California,United States
12069,23068,"Shan, Ryan",Graduate Degree,Management,North America,Chula Vista,California,United States
12070,23069,"Gray, Anna",Graduate Degree,Management,North America,Berkeley,California,United States
12072,23071,"Gonzales, Haley",Graduate Degree,Management,North America,Concord,California,United States
12073,23072,"Srini, Toni",Bachelors,Management,North America,Bellingham,Washington,United States
12074,23073,"Griffin, Christian",Bachelors,Management,North America,Puyallup,Washington,United States
12076,23075,"Sandberg, Rebekah",Graduate Degree,Management,North America,Bellflower,California,United States
12077,23076,"Brooks, Adrian",Graduate Degree,Management,North America,Beverly Hills,California,United States
12081,23080,"Barnes, Jocelyn",Partial College,Skilled Manual,North America,Lemon Grove,California,United States
12082,23081,"Powell, Brandon",Partial College,Skilled Manual,North America,Redwood City,California,United States
12083,23082,"Williams, Jonathan",Partial College,Skilled Manual,North America,Spring Valley,California,United States
12089,23088,"Hu, Wesley",Partial High School,Clerical,North America,Bellingham,Washington,United States
12090,23089,"Walker, Lucas",Partial College,Skilled Manual,North America,Issaquah,Washington,United States
12091,23090,"Lee, Christopher",Partial College,Skilled Manual,North America,Lynnwood,Washington,United States
12092,23091,"Peterson, Richard",Partial College,Skilled Manual,North America,La Jolla,California,United States
12093,23092,"Brooks, Gabrielle",Partial College,Skilled Manual,North America,National City,California,United States
12094,23093,"Parker, Nathan",Partial College,Skilled Manual,North America,San Diego,California,United States
12109,23108,"Wright, Savannah",Partial College,Skilled Manual,North America,Everett,Washington,United States
12110,23109,"Hughes, Lauren",High School,Skilled Manual,North America,Woodburn,Oregon,United States
12111,23110,"Gonzalez, Mackenzie",Partial College,Skilled Manual,North America,Glendale,California,United States
12112,23111,"Wright, Sara",Partial College,Skilled Manual,North America,Lincoln Acres,California,United States
12131,23130,"Russell, Lauren",Bachelors,Management,North America,Daly City,California,United States
12136,23135,"Clark, Dylan",Partial College,Professional,North America,Berkeley,California,United States
12137,23136,"Peterson, Stephanie",Bachelors,Management,North America,Concord,California,United States
12139,23138,"Peterson, Angela",Partial College,Professional,North America,Beverly Hills,California,United States
12140,23139,"Yang, Christian",High School,Professional,North America,Chula Vista,California,United States
12141,23140,"Lee, Tyler",High School,Professional,North America,Burien,Washington,United States
12142,23141,"Long, Katherine",Partial College,Professional,North America,W. Linn,Oregon,United States
12143,23142,"Wu, Cara",Partial College,Professional,North America,Beaverton,Oregon,United States
12144,23143,"Phillips, Jada",Bachelors,Skilled Manual,North America,Issaquah,Washington,United States
12145,23144,"Alexander, Zachary",Bachelors,Skilled Manual,North America,Marysville,Washington,United States
12146,23145,"Xie, Nichole",Graduate Degree,Professional,North America,Concord,California,United States
12147,23146,"Clark, Sarah",Graduate Degree,Professional,North America,Torrance,California,United States
12148,23147,"Smith, Wyatt",Bachelors,Skilled Manual,North America,Newport Beach,California,United States
12149,23148,"Ross, Nathan",Bachelors,Skilled Manual,North America,Yakima,Washington,United States
12150,23149,"Rubio, Brandi",Bachelors,Skilled Manual,North America,Concord,California,United States
12151,23150,"Allen, Gabriella",Bachelors,Skilled Manual,North America,Mill Valley,California,United States
12152,23151,"Brown, Michael",Bachelors,Skilled Manual,North America,Milwaukie,Oregon,United States
12157,23156,"Barnes, Samantha",Graduate Degree,Professional,North America,Salem,Oregon,United States
12158,23157,"Gao, Valerie",Graduate Degree,Professional,North America,Beaverton,Oregon,United States
12159,23158,"Patterson, Ana",Graduate Degree,Professional,North America,Marysville,Washington,United States
12160,23159,"Phillips, Dalton",Graduate Degree,Professional,North America,Beverly Hills,California,United States
12161,23160,"Huang, Aimee",Graduate Degree,Professional,North America,Burlingame,California,United States
12162,23161,"Scott, Samuel",Graduate Degree,Professional,North America,Mill Valley,California,United States
12163,23162,"Flores, Sarah",Graduate Degree,Professional,North America,Redwood City,California,United States
12164,23163,"Ross, Madison",Graduate Degree,Professional,North America,Torrance,California,United States
12166,23165,"Mitchell, Natalie",Graduate Degree,Professional,North America,Woodland Hills,California,United States
12167,23166,"Ward, Cody",High School,Skilled Manual,North America,Grossmont,California,United States
12168,23167,"Jenkins, Hailey",Bachelors,Skilled Manual,North America,Marysville,Washington,United States
12169,23168,"Hayes, Mya",Bachelors,Skilled Manual,North America,W. Linn,Oregon,United States
12170,23169,"Andersen, Corey",Bachelors,Skilled Manual,North America,Bellingham,Washington,United States
12171,23170,"Jai, Aaron",Bachelors,Skilled Manual,North America,Burbank,California,United States
12172,23171,"Griffin, Ethan",Bachelors,Professional,North America,Coronado,California,United States
12174,23173,"Rodriguez, Nathan",Graduate Degree,Professional,North America,Marysville,Washington,United States
12175,23174,"Gonzales, Gloria",Graduate Degree,Professional,North America,Beverly Hills,California,United States
12176,23175,"Flores, Melanie",Graduate Degree,Professional,North America,Redwood City,California,United States
12177,23176,"Ward, Jesse",Bachelors,Skilled Manual,North America,San Carlos,California,United States
12178,23177,"Richardson, Savannah",Bachelors,Skilled Manual,North America,Lake Oswego,Oregon,United States
12179,23178,"Morris, Dalton",Bachelors,Skilled Manual,North America,Port Orchard,Washington,United States
12180,23179,"Phillips, Jordan",Bachelors,Skilled Manual,North America,Port Orchard,Washington,United States
12181,23180,"Cook, Olivia",Graduate Degree,Professional,North America,Marysville,Washington,United States
12182,23181,"Evans, Evan",Graduate Degree,Professional,North America,Bellingham,Washington,United States
12183,23182,"Rivera, Savannah",Graduate Degree,Professional,North America,El Cajon,California,United States
12184,23183,"Davis, Megan",Graduate Degree,Professional,North America,Oakland,California,United States
12185,23184,"Carter, Hailey",Graduate Degree,Professional,North America,Mill Valley,California,United States
12186,23185,"Edwards, Fernando",Graduate Degree,Professional,North America,Long Beach,California,United States
12187,23186,"Young, Jordan",Graduate Degree,Professional,North America,Los Angeles,California,United States
12188,23187,"Munoz, Andy",Graduate Degree,Professional,North America,Bremerton,Washington,United States
12189,23188,"Jai, Austin",Graduate Degree,Professional,North America,Port Orchard,Washington,United States
12190,23189,"Moore, Megan",Graduate Degree,Professional,North America,Torrance,California,United States
12191,23190,"Ramirez, Nathaniel",Partial High School,Clerical,North America,Bellflower,California,United States
12192,23191,"Raji, Gilbert",Bachelors,Professional,North America,Burien,Washington,United States
12193,23192,"Garcia, Emily",Bachelors,Professional,North America,Palo Alto,California,United States
12194,23193,"Flores, Alexis",Bachelors,Skilled Manual,North America,Ballard,Washington,United States
12195,23194,"Cook, Shelby",Bachelors,Skilled Manual,North America,Daly City,California,United States
12196,23195,"Mohamed, Xavier",Bachelors,Skilled Manual,North America,Portland,Oregon,United States
12198,23197,"Cook, Cole",Bachelors,Skilled Manual,North America,Los Angeles,California,United States
12199,23198,"Sanders, Jacqueline",Bachelors,Skilled Manual,North America,Beaverton,Oregon,United States
12200,23199,"Hayes, Brandon",Bachelors,Skilled Manual,North America,Walla Walla,Washington,United States
12201,23200,"Rodriguez, Grace",Bachelors,Skilled Manual,North America,Issaquah,Washington,United States
12202,23201,"Butler, Alyssa",Bachelors,Skilled Manual,North America,Lincoln Acres,California,United States
12203,23202,"Chandra, Terrance",Bachelors,Skilled Manual,North America,Bellingham,Washington,United States
12204,23203,"Jenkins, Dalton",Bachelors,Skilled Manual,North America,Renton,Washington,United States
12205,23204,"Mitchell, Katherine",Bachelors,Professional,North America,Spokane,Washington,United States
12206,23205,"Sanders, Katherine",Bachelors,Professional,North America,Burbank,California,United States
12207,23206,"Lal, Jackson",Bachelors,Professional,North America,West Covina,California,United States
12208,23207,"Baker, Dalton",Bachelors,Skilled Manual,North America,West Covina,California,United States
12211,23210,"Gray, Timothy",Bachelors,Professional,North America,Concord,California,United States
12212,23211,"Kovár, Rebekah",Bachelors,Professional,North America,Beaverton,Oregon,United States
12213,23212,"Jones, James",Bachelors,Professional,North America,Fremont,California,United States
12214,23213,"Green, Noah",Bachelors,Professional,North America,Long Beach,California,United States
12215,23214,"James, Kaylee",Bachelors,Professional,North America,Lemon Grove,California,United States
12216,23215,"Richardson, Juan",Bachelors,Professional,North America,San Carlos,California,United States
12217,23216,"Hall, Kevin",Graduate Degree,Professional,North America,Woodland Hills,California,United States
12218,23217,"Morgan, Michelle",Graduate Degree,Professional,North America,Palo Alto,California,United States
12219,23218,"Gao, Alisha",High School,Manual,Europe,Ingolstadt,Bavaria,Germany
12222,23221,"Rai, Leonard",Partial High School,Manual,Europe,Poing,Bavaria,Germany
12227,23226,"Xie, Leonard",High School,Manual,Europe,Darmstadt,Hesse,Germany
12229,23228,"Guo, Candice",Partial High School,Manual,Europe,Berlin,Berlin,Germany
12230,23229,"Raje, Deborah",Partial High School,Manual,Europe,Bottrop,North Rhine-Westphalia,Germany
12234,23233,"Sharma, Bradley",Partial College,Clerical,Europe,Munich,Bavaria,Germany
12235,23234,"Lu, Brent",Partial College,Clerical,Europe,Munich,Bavaria,Germany
12238,23237,"Young, Caleb",Partial College,Clerical,Europe,Kassel,Hesse,Germany
12239,23238,"Lee, Thomas",Partial College,Clerical,North America,Burbank,California,United States
12240,23239,"Wu, Curtis",Partial College,Clerical,North America,Berkeley,California,United States
12241,23240,"Chapman, Phillip",Partial College,Clerical,North America,Bremerton,Washington,United States
12242,23241,"Torres, Armando",Partial College,Clerical,North America,Bremerton,Washington,United States
12249,23248,"Peterson, Bailey",High School,Manual,North America,Renton,Washington,United States
12250,23249,"Nara, Tasha",High School,Manual,North America,Bremerton,Washington,United States
12251,23250,"Lee, Ashley",High School,Manual,North America,Lynnwood,Washington,United States
12252,23251,"Scott, Evan",High School,Manual,North America,Seattle,Washington,United States
12253,23252,"Wood, Alexia",High School,Manual,North America,Oakland,California,United States
12255,23254,"Gonzalez, Jack",High School,Manual,North America,Chula Vista,California,United States
12257,23256,"Chande, Mario",High School,Clerical,North America,Bellflower,California,United States
12259,23258,"Watson, Megan",High School,Clerical,North America,Torrance,California,United States
12260,23259,"Taylor, John",High School,Clerical,North America,Port Orchard,Washington,United States
12261,23260,"Goel, Edwin",High School,Clerical,North America,Beaverton,Oregon,United States
12262,23261,"Peterson, Jada",High School,Clerical,North America,Issaquah,Washington,United States
12263,23262,"Kelly, Sydney",High School,Clerical,North America,Corvallis,Oregon,United States
12264,23263,"Lopez, Angel",High School,Skilled Manual,North America,Burien,Washington,United States
12272,23271,"Clark, Alexandra",High School,Skilled Manual,North America,Beverly Hills,California,United States
12273,23272,"Hayes, Tristan",High School,Skilled Manual,North America,Long Beach,California,United States
12274,23273,"Long, Benjamin",High School,Skilled Manual,North America,Tacoma,Washington,United States
12275,23274,"Jackson, Ethan",High School,Skilled Manual,North America,Seattle,Washington,United States
12276,23275,"Jackson, Miguel",High School,Skilled Manual,North America,Los Angeles,California,United States
12277,23276,"Zhou, Vincent",High School,Skilled Manual,North America,Bellflower,California,United States
12278,23277,"Torres, Isaiah",High School,Skilled Manual,North America,Redwood City,California,United States
12279,23278,"Flores, Chloe",High School,Skilled Manual,North America,Coronado,California,United States
12281,23280,"Alexander, Hannah",High School,Skilled Manual,North America,Oregon City,Oregon,United States
12283,23282,"James, Ariana",Partial College,Clerical,North America,Milwaukie,Oregon,United States
12286,23285,"Luo, Latoya",Graduate Degree,Skilled Manual,North America,Bremerton,Washington,United States
12287,23286,"Bell, Taylor",Graduate Degree,Skilled Manual,North America,Redwood City,California,United States
12288,23287,"Kelly, Juan",Partial College,Clerical,North America,Grossmont,California,United States
12289,23288,"Evans, Eduardo",Graduate Degree,Skilled Manual,North America,Oakland,California,United States
12290,23289,"Robinson, Justin",Graduate Degree,Skilled Manual,North America,Woodburn,Oregon,United States
12292,23291,"Evans, Timothy",Graduate Degree,Skilled Manual,North America,Milwaukie,Oregon,United States
12293,23292,"Russell, Jose",Graduate Degree,Skilled Manual,North America,Kirkland,Washington,United States
12294,23293,"Peterson, Kaylee",Graduate Degree,Skilled Manual,North America,Woodland Hills,California,United States
12295,23294,"Chen, Suzanne",Graduate Degree,Skilled Manual,North America,Bellingham,Washington,United States
12296,23295,"Torres, Jaime",Graduate Degree,Skilled Manual,North America,Bellflower,California,United States
12297,23296,"Mehta, Molly",Partial College,Clerical,North America,Bellflower,California,United States
12298,23297,"Gomez, Tyrone",Partial College,Clerical,North America,Beverly Hills,California,United States
12299,23298,"Martinez, Robert",Graduate Degree,Skilled Manual,North America,Kirkland,Washington,United States
12300,23299,"Jimenez, Kristy",Partial College,Skilled Manual,North America,Bellingham,Washington,United States
12301,23300,"Henderson, Julia",Bachelors,Management,North America,Tacoma,Washington,United States
12302,23301,"Anderson, Noah",Bachelors,Management,North America,Burbank,California,United States
12303,23302,"Walker, Fernando",High School,Skilled Manual,North America,Port Orchard,Washington,United States
12304,23303,"Lal, Connor",High School,Skilled Manual,North America,Portland,Oregon,United States
12305,23304,"Simmons, Jordan",Partial College,Skilled Manual,North America,Glendale,California,United States
12320,23319,"Green, Luis",Partial College,Skilled Manual,North America,Santa Cruz,California,United States
12327,23326,"Ye, Tiffany",Partial High School,Clerical,North America,Bellflower,California,United States
12328,23327,"Moore, Madison",Partial College,Skilled Manual,North America,Daly City,California,United States
12329,23328,"Butler, Julian",Partial College,Skilled Manual,North America,El Cajon,California,United States
12334,23333,"Sun, Steve",Partial College,Skilled Manual,North America,Beaverton,Oregon,United States
12335,23334,"Wilson, Brandon",High School,Skilled Manual,North America,Marysville,Washington,United States
12336,23335,"Robinson, James",High School,Skilled Manual,North America,Tacoma,Washington,United States
12337,23336,"Bryant, Jocelyn",High School,Skilled Manual,North America,Colma,California,United States
12338,23337,"Green, Isaiah",Partial College,Skilled Manual,North America,Woodland Hills,California,United States
12339,23338,"Jenkins, Lucas",Partial College,Skilled Manual,North America,Imperial Beach,California,United States
12340,23339,"Reed, Zoe",Partial College,Skilled Manual,North America,Burien,Washington,United States
12341,23340,"Collins, Mackenzie",Partial College,Professional,North America,Coronado,California,United States
12342,23341,"Chen, Kelvin",Partial College,Professional,North America,Bremerton,Washington,United States
12343,23342,"She, Cristina",Partial College,Professional,North America,Chula Vista,California,United States
12350,23349,"Johnson, Lauren",Bachelors,Management,North America,Fremont,California,United States
12353,23352,"Mitchell, Kevin",Partial College,Professional,North America,Redmond,Washington,United States
12354,23353,"Scott, Sophia",Partial College,Professional,North America,Tacoma,Washington,United States
12355,23354,"Gomez, Eddie",Partial College,Professional,North America,Bellflower,California,United States
12356,23355,"Serrano, Lance",Partial College,Professional,North America,Berkeley,California,United States
12357,23356,"Ward, Grace",Partial College,Professional,North America,Burlingame,California,United States
12358,23357,"Yang, Micah",Partial College,Professional,North America,Burlingame,California,United States
12359,23358,"Alvarez, Alberto",High School,Professional,North America,Colma,California,United States
12360,23359,"Alexander, Dalton",Graduate Degree,Management,North America,Downey,California,United States
12361,23360,"Moore, Marcus",Graduate Degree,Management,North America,Redwood City,California,United States
12362,23361,"Lopez, Chloe",Graduate Degree,Management,North America,Burbank,California,United States
12365,23364,"Young, Natalie",Bachelors,Professional,North America,National City,California,United States
12366,23365,"Flores, Vanessa",Bachelors,Professional,North America,Burlingame,California,United States
12367,23366,"Campbell, Fernando",Bachelors,Skilled Manual,North America,Santa Monica,California,United States
12368,23367,"Ramirez, Haley",Bachelors,Skilled Manual,North America,Issaquah,Washington,United States
12370,23369,"Washington, Morgan",Bachelors,Skilled Manual,North America,Lemon Grove,California,United States
12373,23372,"Diaz, Jack",Graduate Degree,Professional,North America,Lynnwood,Washington,United States
12374,23373,"Murphy, Gabrielle",Graduate Degree,Professional,North America,W. Linn,Oregon,United States
12375,23374,"Gray, Emma",Bachelors,Professional,North America,Santa Cruz,California,United States
12376,23375,"Zhang, Christian",Bachelors,Professional,North America,Santa Cruz,California,United States
12378,23377,"Hayes, Samantha",Partial College,Skilled Manual,North America,Kirkland,Washington,United States
12380,23379,"Richardson, Riley",Bachelors,Professional,North America,Renton,Washington,United States
12381,23380,"Campbell, Gabriel",High School,Skilled Manual,North America,Grossmont,California,United States
12382,23381,"Hu, Bianca",High School,Skilled Manual,North America,Ballard,Washington,United States
12383,23382,"Barnes, Xavier",Partial College,Skilled Manual,North America,Woodland Hills,California,United States
12392,23391,"Moreno, Joanna",Graduate Degree,Professional,North America,Berkeley,California,United States
12393,23392,"Dominguez, Adrienne",Graduate Degree,Professional,North America,Beverly Hills,California,United States
12394,23393,"Anderson, Jennifer",Graduate Degree,Professional,North America,National City,California,United States
12395,23394,"Bell, Anna",Graduate Degree,Professional,North America,Santa Cruz,California,United States
12403,23402,"Cox, Melissa",Bachelors,Professional,North America,Spokane,Washington,United States
12404,23403,"Powell, Justin",Bachelors,Professional,North America,Bremerton,Washington,United States
12405,23404,"Peterson, Amanda",Bachelors,Professional,North America,Puyallup,Washington,United States
12406,23405,"Madan, Kari",Graduate Degree,Professional,North America,Bellflower,California,United States
12407,23406,"Sanchez, Frederick",Graduate Degree,Professional,North America,Bellingham,Washington,United States
12408,23407,"Garcia, Lauren",Graduate Degree,Professional,North America,San Diego,California,United States
12447,23446,"Chander, Nina",Partial College,Clerical,Europe,Erlangen,Bavaria,Germany
12448,23447,"Weber, Jermaine",Partial College,Clerical,Europe,Grevenbroich,North Rhine-Westphalia,Germany
12449,23448,"Peterson, Abigail",Partial High School,Skilled Manual,North America,Ballard,Washington,United States
12451,23450,"Rogers, Alex",High School,Professional,North America,Milwaukie,Oregon,United States
12452,23451,"James, Taylor",High School,Professional,North America,Sedro Woolley,Washington,United States
12453,23452,"Watson, Eduardo",High School,Professional,North America,San Diego,California,United States
12454,23453,"Deng, Maurice",Partial College,Professional,North America,Berkeley,California,United States
12455,23454,"Wang, Ryan",Partial College,Professional,North America,Santa Monica,California,United States
12457,23456,"Simmons, Aidan",Partial High School,Skilled Manual,North America,Lincoln Acres,California,United States
12458,23457,"Rivera, Nicole",Partial High School,Skilled Manual,North America,Beverly Hills,California,United States
12461,23460,"Ramos, Javier",Partial College,Professional,North America,Ballard,Washington,United States
12462,23461,"Smith, Rachael",Partial College,Professional,North America,Beaverton,Oregon,United States
12463,23462,"Jones, Seth",Bachelors,Management,North America,Port Orchard,Washington,United States
12464,23463,"Hill, Sean",Bachelors,Management,North America,Glendale,California,United States
12465,23464,"Turner, Devin",Graduate Degree,Management,North America,San Carlos,California,United States
12466,23465,"Russell, Grace",Partial College,Professional,North America,Beaverton,Oregon,United States
12467,23466,"Miller, Alyssa",Partial College,Professional,North America,Olympia,Washington,United States
12468,23467,"Bennett, Nicole",Partial College,Professional,North America,Puyallup,Washington,United States
12469,23468,"Roberts, Sean",Graduate Degree,Management,North America,Daly City,California,United States
12470,23469,"Gray, Christina",Graduate Degree,Management,North America,Grossmont,California,United States
12471,23470,"Young, Samuel",Graduate Degree,Management,North America,La Jolla,California,United States
12472,23471,"Baker, Jeremy",Partial College,Professional,North America,Spring Valley,California,United States
12473,23472,"Rodriguez, Alyssa",Partial College,Professional,North America,Oakland,California,United States
12474,23473,"James, Jesse",Partial College,Professional,North America,W. Linn,Oregon,United States
12475,23474,"Williams, Julia",Partial College,Professional,North America,Oregon City,Oregon,United States
12476,23475,"Martin, Richard",Graduate Degree,Management,North America,Bremerton,Washington,United States
12478,23477,"Phillips, Marcus",Partial College,Professional,North America,Marysville,Washington,United States
12479,23478,"Cooper, Hailey",Partial College,Professional,North America,Puyallup,Washington,United States
12480,23479,"Robinson, Fernando",Partial College,Professional,North America,Salem,Oregon,United States
12481,23480,"Coleman, Sydney",Partial College,Professional,North America,Seattle,Washington,United States
12482,23481,"Xu, Dustin",Partial College,Professional,North America,Beverly Hills,California,United States
12483,23482,"Gray, Zoe",Bachelors,Management,North America,Daly City,California,United States
12484,23483,"Jai, David",Bachelors,Management,North America,Downey,California,United States
12485,23484,"Allen, Jenna",Partial College,Professional,North America,Lincoln Acres,California,United States
12490,23489,"Huang, Autumn",Partial College,Professional,North America,Bellingham,Washington,United States
12491,23490,"Wilson, Nicholas",High School,Professional,North America,Tacoma,Washington,United States
12492,23491,"Taylor, Miguel",Partial College,Professional,North America,Walla Walla,Washington,United States
12493,23492,"Blanco, Jamie",Partial College,Professional,North America,Burbank,California,United States
12494,23493,"Taylor, Thomas",Bachelors,Management,North America,Long Beach,California,United States
12496,23495,"Shan, James",High School,Professional,North America,Woodland Hills,California,United States
12497,23496,"Harris, Nicholas",High School,Professional,North America,Milwaukie,Oregon,United States
12498,23497,"Bryant, Olivia",High School,Professional,North America,Olympia,Washington,United States
12500,23499,"Washington, Spencer",Graduate Degree,Management,North America,Burbank,California,United States
12501,23500,"Garcia, Adriana",Graduate Degree,Management,North America,Concord,California,United States
12502,23501,"Perry, Isabelle",Bachelors,Management,North America,Lemon Grove,California,United States
12503,23502,"Lopez, Logan",Graduate Degree,Management,North America,Los Angeles,California,United States
12505,23504,"Rana, George",Partial College,Professional,North America,Ballard,Washington,United States
12506,23505,"Sharma, Connor",Partial College,Professional,North America,Burlingame,California,United States
12507,23506,"Campbell, Jesse",Partial College,Professional,North America,Oakland,California,United States
12508,23507,"Henderson, Rachel",High School,Professional,North America,San Gabriel,California,United States
12509,23508,"Jones, Blake",High School,Professional,North America,Kirkland,Washington,United States
12510,23509,"Powell, Faith",Graduate Degree,Management,North America,Milwaukie,Oregon,United States
12511,23510,"Cooper, Morgan",Graduate Degree,Management,North America,Concord,California,United States
12513,23512,"Henderson, Zachary",Partial College,Professional,North America,Olympia,Washington,United States
12515,23514,"Bell, Chloe",Partial College,Professional,North America,Issaquah,Washington,United States
12516,23515,"Walker, Zachary",Partial College,Professional,North America,Redwood City,California,United States
12517,23516,"Miller, Ashley",Partial College,Professional,North America,Grossmont,California,United States
12518,23517,"Martinez, Ronald",High School,Professional,North America,Beaverton,Oregon,United States
12520,23519,"Long, Jacqueline",High School,Professional,North America,Coronado,California,United States
12521,23520,"Wilson, Richard",Partial College,Professional,North America,Salem,Oregon,United States
12550,23549,"Sai, George",High School,Skilled Manual,North America,Beverly Hills,California,United States
12551,23550,"Cook, Jennifer",High School,Skilled Manual,North America,Palo Alto,California,United States
12556,23555,"Chavez, Andres",High School,Skilled Manual,North America,Beaverton,Oregon,United States
12557,23556,"Munoz, Kristi",High School,Skilled Manual,North America,Bremerton,Washington,United States
12559,23558,"Barnes, Dakota",High School,Skilled Manual,North America,Long Beach,California,United States
12561,23560,"Flores, Jacqueline",High School,Skilled Manual,North America,Daly City,California,United States
12562,23561,"Williams, Jose",High School,Skilled Manual,North America,Tacoma,Washington,United States
12565,23564,"Howard, Jessica",Partial High School,Clerical,North America,Newport Beach,California,United States
12566,23565,"Torres, Julia",High School,Skilled Manual,North America,Newport Beach,California,United States
12569,23568,"Diaz, Paige",High School,Skilled Manual,North America,Lake Oswego,Oregon,United States
12578,23577,"Bennett, Julia",High School,Skilled Manual,North America,Lake Oswego,Oregon,United States
12579,23578,"Lal, Eric",Partial College,Skilled Manual,North America,Lincoln Acres,California,United States
12580,23579,"Richardson, Jared",High School,Skilled Manual,North America,Lynnwood,Washington,United States
12583,23582,"Simmons, Stephanie",Partial College,Skilled Manual,North America,Redwood City,California,United States
12585,23584,"Evans, Jason",Partial College,Skilled Manual,North America,Tacoma,Washington,United States
12586,23585,"Moore, Kaitlyn",Partial College,Skilled Manual,North America,Burien,Washington,United States
12587,23586,"Coleman, Madison",Bachelors,Management,North America,Palo Alto,California,United States
12588,23587,"Gonzalez, Hailey",Bachelors,Management,North America,Torrance,California,United States
12589,23588,"Hughes, Ryan",Bachelors,Management,North America,Port Orchard,Washington,United States
12590,23589,"Baker, Amanda",Bachelors,Management,North America,Imperial Beach,California,United States
12591,23590,"Brown, Austin",Bachelors,Management,North America,La Jolla,California,United States
12595,23594,"Diaz, Paula",Partial College,Professional,North America,Burlingame,California,United States
12602,23601,"Alan, Kari",High School,Professional,Europe,Berlin,Berlin,Germany
12603,23602,"Lopez, Andrea",High School,Professional,Europe,Erlangen,Bavaria,Germany
12605,23604,"Kovar, Troy",Partial College,Professional,Europe,Essen,North Rhine-Westphalia,Germany
12606,23605,"Sabella, Deanna",Partial College,Professional,Europe,Salzgitter,Lower Saxony,Germany
12613,23612,"Liu, Rosa",Partial College,Professional,Europe,Essen,North Rhine-Westphalia,Germany
12617,23616,"Roberts, Karen",Bachelors,Management,Europe,Saarlouis,Saar,Germany
12620,23619,"Tang, Ricardo",Bachelors,Management,Europe,Essen,North Rhine-Westphalia,Germany
12623,23622,"Moreno, Darren",Partial College,Professional,Europe,Munster,North Rhine-Westphalia,Germany
12625,23624,"Malhotra, Jillian",High School,Professional,Europe,Frankfurt,Hesse,Germany
12628,23627,"Navarro, Adrienne",Partial College,Management,Europe,Erlangen,Bavaria,Germany
12633,23632,"Zhou, Kristen",High School,Management,Europe,Munich,Bavaria,Germany
12634,23633,"Chande, Deborah",High School,Management,Europe,Paderborn,North Rhine-Westphalia,Germany
12635,23634,"Li, Ernest",High School,Management,Europe,Stuttgart,Baden-Wuerttemberg,Germany
12667,23666,"Anderson, Olivia",High School,Professional,North America,Tacoma,Washington,United States
12668,23667,"Arun, Harold",High School,Professional,North America,Bremerton,Washington,United States
12669,23668,"Hughes, Jessica",High School,Professional,North America,Beaverton,Oregon,United States
12670,23669,"Torres, Sean",Graduate Degree,Management,North America,Oakland,California,United States
12671,23670,"Henderson, Mya",Graduate Degree,Management,North America,Salem,Oregon,United States
12672,23671,"Thomas, Fernando",Graduate Degree,Management,North America,Bremerton,Washington,United States
12673,23672,"Flores, Abigail",Graduate Degree,Management,North America,Puyallup,Washington,United States
12675,23674,"Walker, Jeremiah",Graduate Degree,Management,North America,El Cajon,California,United States
12676,23675,"Prasad, Emmanuel",Bachelors,Management,North America,Bellingham,Washington,United States
12678,23677,"Lewis, Charles",Bachelors,Management,North America,Mill Valley,California,United States
12679,23678,"Diaz, Kelly",Bachelors,Management,North America,Lincoln Acres,California,United States
12681,23680,"Powell, Anna",Bachelors,Management,North America,Beverly Hills,California,United States
12684,23683,"Alonso, Dana",Bachelors,Management,North America,Bellflower,California,United States
12685,23684,"Rodriguez, Jasmine",Bachelors,Management,North America,Grossmont,California,United States
12686,23685,"Reed, Alexa",Bachelors,Management,North America,Lakewood,California,United States
12687,23686,"Murphy, Rachel",Bachelors,Management,North America,La Jolla,California,United States
12688,23687,"Flores, Melissa",Partial High School,Clerical,North America,Yakima,Washington,United States
12689,23688,"Thomas, Olivia",Partial High School,Clerical,North America,Novato,California,United States
12690,23689,"Hall, Kayla",High School,Professional,North America,West Covina,California,United States
12691,23690,"James, Angel",High School,Professional,North America,Daly City,California,United States
12692,23691,"Hu, Karen",Partial High School,Clerical,North America,Bellingham,Washington,United States
12693,23692,"King, Isaac",Partial High School,Clerical,North America,Redmond,Washington,United States
12694,23693,"Jenkins, Jacqueline",Partial High School,Clerical,North America,San Francisco,California,United States
12695,23694,"Brooks, Brian",Partial High School,Clerical,North America,W. Linn,Oregon,United States
12696,23695,"Coleman, Elijah",Partial High School,Skilled Manual,North America,Burlingame,California,United States
12697,23696,"Li, Autumn",Partial High School,Skilled Manual,North America,Bremerton,Washington,United States
12698,23697,"Kelly, Cody",Partial High School,Skilled Manual,North America,Corvallis,Oregon,United States
12699,23698,"Coleman, Melissa",Partial High School,Skilled Manual,North America,Burbank,California,United States
12700,23699,"Walker, Nicholas",Partial High School,Skilled Manual,North America,Downey,California,United States
12701,23700,"Young, Katelyn",Partial High School,Skilled Manual,North America,Lebanon,Oregon,United States
12702,23701,"Barnes, Marissa",High School,Professional,North America,Novato,California,United States
12703,23702,"James, Eduardo",High School,Professional,North America,Coronado,California,United States
12704,23703,"Sanchez, Jacqueline",High School,Professional,North America,Colma,California,United States
12705,23704,"Moore, Christopher",High School,Professional,North America,Lakewood,California,United States
12706,23705,"Bryant, Jeremy",High School,Professional,North America,El Cajon,California,United States
12707,23706,"Cooper, Mackenzie",Bachelors,Management,North America,Edmonds,Washington,United States
12708,23707,"Anderson, William",Bachelors,Management,North America,Marysville,Washington,United States
12709,23708,"Coleman, Victoria",Bachelors,Management,North America,Beverly Hills,California,United States
12710,23709,"Perry, Devin",Bachelors,Management,North America,Downey,California,United States
12711,23710,"Sanchez, Anna",High School,Professional,North America,Bremerton,Washington,United States
12712,23711,"Diaz, Fernando",Bachelors,Management,North America,Sedro Woolley,Washington,United States
12713,23712,"Murphy, Riley",Bachelors,Management,North America,National City,California,United States
12714,23713,"Butler, Arianna",Bachelors,Management,North America,Torrance,California,United States
12715,23714,"Williams, Joseph",Bachelors,Management,North America,Salem,Oregon,United States
12716,23715,"Flores, Isabel",Bachelors,Management,North America,Spokane,Washington,United States
12718,23717,"Griffin, Aidan",Partial College,Professional,North America,Redmond,Washington,United States
12719,23718,"Blanco, Nelson",Partial College,Professional,North America,Burlingame,California,United States
12721,23720,"Davis, Anna",Partial College,Professional,North America,Woodburn,Oregon,United States
12722,23721,"Clark, John",Partial College,Professional,North America,Downey,California,United States
12723,23722,"Perez, Andrea",Partial College,Professional,North America,Glendale,California,United States
12724,23723,"Phillips, Jose",Partial College,Professional,North America,Lincoln Acres,California,United States
12725,23724,"Hughes, Gabrielle",Partial College,Professional,North America,Spring Valley,California,United States
12727,23726,"Xie, Darrell",Partial College,Professional,North America,Burien,Washington,United States
12728,23727,"Serrano, Bruce",Partial College,Professional,North America,Colma,California,United States
12729,23728,"Kelly, Paige",Partial College,Professional,North America,Downey,California,United States
12730,23729,"Allen, Marcus",Partial College,Professional,North America,Novato,California,United States
12733,23732,"Wood, Xavier",High School,Professional,North America,Bellingham,Washington,United States
12734,23733,"Gomez, Natasha",High School,Professional,North America,Bremerton,Washington,United States
12735,23734,"Wood, Melanie",Partial College,Professional,North America,Salem,Oregon,United States
12736,23735,"Washington, Amanda",Partial College,Professional,North America,Salem,Oregon,United States
12737,23736,"Rivera, Sydney",Partial College,Professional,North America,Walla Walla,Washington,United States
12738,23737,"Velez Amezaga, Elena",Partial College,Professional,North America,Beverly Hills,California,United States
12739,23738,"Bennett, Julian",High School,Professional,North America,West Covina,California,United States
12740,23739,"Kapoor, Virginia",High School,Professional,North America,Berkeley,California,United States
12741,23740,"Jackson, Noah",Partial High School,Skilled Manual,North America,Redwood City,California,United States
12742,23741,"Romero, Dana",Partial High School,Skilled Manual,North America,Bremerton,Washington,United States
12743,23742,"Cox, Morgan",Partial High School,Skilled Manual,North America,La Jolla,California,United States
12756,23755,"Wu, Louis",Partial High School,Manual,Europe,Frankfurt,Hesse,Germany
12758,23757,"Roberts, James",Partial High School,Manual,Europe,Neunkirchen,North Rhine-Westphalia,Germany
12760,23759,"Alonso, Clinton",Bachelors,Skilled Manual,Europe,Frankfurt,Hesse,Germany
12765,23764,"Liu, Alisha",Partial College,Clerical,Europe,Eilenburg,Saxony,Germany
12766,23765,"Price, Kelly",Partial College,Clerical,Europe,Neunkirchen,North Rhine-Westphalia,Germany
12767,23766,"Martinez, Cassandra",Partial College,Clerical,Europe,Solingen,North Rhine-Westphalia,Germany
12773,23772,"Raman, Cory",Partial High School,Manual,Europe,Berlin,Berlin,Germany
12777,23776,"Yuan, Cristina",Partial College,Clerical,Europe,Stuttgart,Baden-Wuerttemberg,Germany
12782,23781,"Ross, Jordyn",Partial College,Clerical,North America,San Gabriel,California,United States
12783,23782,"Bryant, Edward",Partial College,Clerical,North America,Port Orchard,Washington,United States
12785,23784,"Arun, Preston",Graduate Degree,Skilled Manual,North America,Beaverton,Oregon,United States
12786,23785,"Harris, Taylor",Graduate Degree,Skilled Manual,North America,Redmond,Washington,United States
12787,23786,"Serrano, Carrie",Partial High School,Manual,North America,Bellingham,Washington,United States
12788,23787,"Ward, Adrian",High School,Clerical,North America,Berkeley,California,United States
12789,23788,"Smith, Michael",High School,Clerical,North America,Burbank,California,United States
12790,23789,"Walker, Ryan",High School,Clerical,North America,Concord,California,United States
12791,23790,"Williams, Isabella",Partial High School,Clerical,North America,Lebanon,Oregon,United States
12792,23791,"Griffin, Aaron",Partial High School,Clerical,North America,Walla Walla,Washington,United States
12793,23792,"Wu, Jessie",Partial High School,Clerical,North America,Burien,Washington,United States
12794,23793,"Kumar, Ryan",High School,Clerical,North America,Burien,Washington,United States
12795,23794,"Powell, Abigail",High School,Clerical,North America,Daly City,California,United States
12796,23795,"Moore, Lauren",High School,Clerical,North America,Coronado,California,United States
12797,23796,"Young, Miguel",High School,Clerical,North America,Redwood City,California,United States
12798,23797,"Perez, Nathan",Partial High School,Clerical,North America,Long Beach,California,United States
12800,23799,"Chandra, Carolyn",Partial High School,Clerical,North America,Bellflower,California,United States
12801,23800,"Cox, Kaylee",Partial High School,Clerical,North America,La Jolla,California,United States
12802,23801,"Wood, Taylor",Partial High School,Clerical,North America,Salem,Oregon,United States
12803,23802,"Diaz, Emily",Partial High School,Clerical,North America,Salem,Oregon,United States
12805,23804,"Ma, Kristen",High School,Skilled Manual,North America,Bremerton,Washington,United States
12806,23805,"Hayes, Luke",High School,Skilled Manual,North America,Lake Oswego,Oregon,United States
12808,23807,"Hughes, Carson",Partial College,Clerical,North America,Daly City,California,United States
12809,23808,"Perry, Spencer",Partial College,Clerical,North America,Lincoln Acres,California,United States
12810,23809,"Sanchez, Danielle",Partial College,Clerical,North America,National City,California,United States
12811,23810,"Lee, Sarah",Partial College,Clerical,North America,La Jolla,California,United States
12812,23811,"Powell, Ethan",Partial College,Clerical,North America,San Gabriel,California,United States
12813,23812,"Butler, Cameron",Partial College,Clerical,North America,San Diego,California,United States
12814,23813,"Bennett, Hannah",Partial College,Clerical,North America,Redwood City,California,United States
12815,23814,"Foster, Angela",Partial College,Clerical,North America,Torrance,California,United States
12816,23815,"Ward, Julia",Partial College,Clerical,North America,San Carlos,California,United States
12817,23816,"Johnson, Natalie",Partial College,Clerical,North America,Coronado,California,United States
12818,23817,"Murphy, Kaitlyn",Partial College,Clerical,North America,Lebanon,Oregon,United States
12819,23818,"Gonzales, Cassidy",Graduate Degree,Skilled Manual,North America,Chula Vista,California,United States
12821,23820,"Diaz, Isabelle",Graduate Degree,Skilled Manual,North America,Beaverton,Oregon,United States
12822,23821,"Lal, Jordan",Graduate Degree,Skilled Manual,North America,Edmonds,Washington,United States
12823,23822,"Campbell, Sierra",Graduate Degree,Skilled Manual,North America,Portland,Oregon,United States
12824,23823,"Davis, Samuel",Graduate Degree,Skilled Manual,North America,Bellflower,California,United States
12825,23824,"Carter, Edward",Graduate Degree,Skilled Manual,North America,Downey,California,United States
12826,23825,"Coleman, Katherine",Graduate Degree,Skilled Manual,North America,Glendale,California,United States
12827,23826,"Ross, Dalton",Graduate Degree,Skilled Manual,North America,Long Beach,California,United States
12829,23828,"Carlson, Carolyn",Graduate Degree,Skilled Manual,North America,Concord,California,United States
12832,23831,"Jai, Colleen",Bachelors,Skilled Manual,North America,Beaverton,Oregon,United States
12833,23832,"Ramirez, Alexandra",Bachelors,Skilled Manual,North America,Bellingham,Washington,United States
12834,23833,"Gonzales, Kevin",Bachelors,Skilled Manual,North America,Issaquah,Washington,United States
12835,23834,"Long, Ethan",Graduate Degree,Skilled Manual,North America,Renton,Washington,United States
12836,23835,"Jackson, Marcus",Graduate Degree,Professional,North America,Grossmont,California,United States
12837,23836,"Carter, Chloe",Graduate Degree,Professional,North America,Lincoln Acres,California,United States
12838,23837,"Li, Jonathan",Bachelors,Skilled Manual,North America,Concord,California,United States
12839,23838,"Ready, Ariana",Bachelors,Skilled Manual,North America,Coronado,California,United States
12840,23839,"Howard, Savannah",Bachelors,Skilled Manual,North America,Colma,California,United States
12841,23840,"Ward, Mason",Bachelors,Skilled Manual,North America,Chula Vista,California,United States
12842,23841,"Phillips, Sydney",Bachelors,Skilled Manual,North America,Woodland Hills,California,United States
12844,23843,"Patterson, Marcus",Graduate Degree,Professional,North America,Los Angeles,California,United States
12845,23844,"Gonzales, Alexandra",Bachelors,Skilled Manual,North America,Port Orchard,Washington,United States
12846,23845,"Turner, Madeline",Bachelors,Skilled Manual,North America,Redwood City,California,United States
12848,23847,"Sharma, Chad",Bachelors,Skilled Manual,North America,Beaverton,Oregon,United States
12849,23848,"Sai, Pamela",Bachelors,Skilled Manual,North America,Beverly Hills,California,United States
12850,23849,"Simmons, Alexis",Graduate Degree,Professional,North America,Marysville,Washington,United States
12851,23850,"Hall, Anna",Graduate Degree,Professional,North America,Marysville,Washington,United States
12852,23851,"Rogers, Mariah",Graduate Degree,Professional,North America,W. Linn,Oregon,United States
12853,23852,"Torres, Desiree",Graduate Degree,Professional,North America,Berkeley,California,United States
12854,23853,"Perez, Isaac",Graduate Degree,Professional,North America,Sedro Woolley,Washington,United States
12855,23854,"Torres, Megan",Graduate Degree,Professional,North America,National City,California,United States
12856,23855,"Watson, Carlos",Graduate Degree,Professional,North America,El Cajon,California,United States
12857,23856,"Taylor, Sarah",Graduate Degree,Professional,North America,Sedro Woolley,Washington,United States
12858,23857,"Anderson, Alexandra",Graduate Degree,Professional,North America,Lebanon,Oregon,United States
12861,23860,"Long, Eric",Bachelors,Skilled Manual,North America,Port Orchard,Washington,United States
12862,23861,"Anand, Keith",Bachelors,Skilled Manual,North America,Beaverton,Oregon,United States
12863,23862,"Kapoor, Rebekah",High School,Skilled Manual,North America,Concord,California,United States
12864,23863,"Williams, Christian",Bachelors,Professional,North America,Fremont,California,United States
12865,23864,"Jackson, Chloe",Bachelors,Professional,North America,Palo Alto,California,United States
12870,23869,"Nara, Wayne",Graduate Degree,Professional,North America,Ballard,Washington,United States
12871,23870,"Henderson, Elijah",Graduate Degree,Professional,North America,Salem,Oregon,United States
12872,23871,"Richardson, Bailey",Graduate Degree,Professional,North America,W. Linn,Oregon,United States
12873,23872,"Garcia, Matthew",Graduate Degree,Professional,North America,Woodburn,Oregon,United States
12874,23873,"Miller, Nicole",Graduate Degree,Professional,North America,Spring Valley,California,United States
12875,23874,"Cook, Abigail",Bachelors,Skilled Manual,North America,Beaverton,Oregon,United States
12876,23875,"Green, Sean",Bachelors,Skilled Manual,North America,Tacoma,Washington,United States
12877,23876,"Henderson, David",Bachelors,Skilled Manual,North America,San Gabriel,California,United States
12878,23877,"Morris, Katherine",Graduate Degree,Professional,North America,San Diego,California,United States
12879,23878,"Wood, Chloe",Graduate Degree,Professional,North America,San Francisco,California,United States
12881,23880,"Patterson, Noah",Graduate Degree,Professional,North America,Long Beach,California,United States
12882,23881,"Martinez, Joshua",Graduate Degree,Professional,North America,Los Angeles,California,United States
12883,23882,"Butler, Alexia",Graduate Degree,Professional,North America,National City,California,United States
12884,23883,"Russell, Jackson",Graduate Degree,Professional,North America,Oakland,California,United States
12885,23884,"Ross, Ethan",Graduate Degree,Professional,North America,Santa Cruz,California,United States
12886,23885,"Morris, Angela",Graduate Degree,Professional,North America,Spring Valley,California,United States
12887,23886,"Stewart, Sean",Graduate Degree,Professional,North America,West Covina,California,United States
12888,23887,"Carter, Mason",Bachelors,Professional,North America,Bellingham,Washington,United States
12889,23888,"Clark, Edward",Bachelors,Skilled Manual,North America,Woodland Hills,California,United States
12890,23889,"Carter, Sean",Bachelors,Skilled Manual,North America,Walla Walla,Washington,United States
12891,23890,"Cox, Haley",Bachelors,Skilled Manual,North America,Concord,California,United States
12892,23891,"Jenkins, Jack",Bachelors,Skilled Manual,North America,Milwaukie,Oregon,United States
12895,23894,"Ramirez, Bryan",Bachelors,Skilled Manual,North America,Issaquah,Washington,United States
12896,23895,"Powell, Nicole",Graduate Degree,Professional,North America,Corvallis,Oregon,United States
12897,23896,"Peterson, Megan",Bachelors,Professional,North America,Olympia,Washington,United States
12898,23897,"Chapman, Katrina",Partial High School,Manual,Europe,Bonn,North Rhine-Westphalia,Germany
12899,23898,"Rai, Shawna",Partial High School,Manual,Europe,Brunswick,Lower Saxony,Germany
12901,23900,"Yang, Rafael",Partial College,Manual,Europe,Frankfurt,Hesse,Germany
12903,23902,"Kumar, Julie",Bachelors,Clerical,Europe,Berlin,Berlin,Germany
12904,23903,"Subram, Harold",Bachelors,Clerical,Europe,Ingolstadt,Bavaria,Germany
12906,23905,"Zhang, Jose",Bachelors,Clerical,Europe,Erlangen,Bavaria,Germany
12907,23906,"Ma, Alan",Bachelors,Clerical,Europe,Munich,Bavaria,Germany
12911,23910,"Perry, Gabriel",Partial High School,Manual,Europe,Ingolstadt,Bavaria,Germany
12913,23912,"Sanchez, Arthur",High School,Manual,Europe,Kassel,Hesse,Germany
12915,23914,"Sharma, Tonya",High School,Manual,Europe,Bonn,North Rhine-Westphalia,Germany
12916,23915,"Serrano, Lawrence",High School,Manual,Europe,Berlin,Berlin,Germany
12917,23916,"Serrano, Ruben",Partial High School,Manual,Europe,Frankfurt,Hesse,Germany
12918,23917,"Carlson, Carrie",High School,Manual,Europe,Hamburg,Hamburg,Germany
12922,23921,"Lee, Charles",Bachelors,Professional,Europe,Erlangen,Bavaria,Germany
12923,23922,"Richardson, Cody",Bachelors,Professional,Europe,Neunkirchen,North Rhine-Westphalia,Germany
12926,23925,"Torres, Marie",Bachelors,Skilled Manual,Europe,Munich,Bavaria,Germany
12927,23926,"Weber, Lydia",Bachelors,Skilled Manual,Europe,Sulzbach Taunus,Saar,Germany
12934,23933,"Carlson, Sabrina",Partial College,Clerical,Europe,Darmstadt,Hesse,Germany
12938,23937,"Ruiz, Eddie",High School,Manual,Europe,Bonn,North Rhine-Westphalia,Germany
12942,23941,"Anderson, Eduardo",Partial College,Clerical,Europe,Darmstadt,Hesse,Germany
12943,23942,"Goel, Rafael",Partial College,Clerical,Europe,Ingolstadt,Bavaria,Germany
12947,23946,"Luo, Kelli",Partial College,Clerical,Europe,Neunkirchen,North Rhine-Westphalia,Germany
12948,23947,"Liang, Autumn",Partial College,Clerical,Europe,Paderborn,North Rhine-Westphalia,Germany
12953,23952,"Dominguez, Nelson",High School,Manual,Europe,Saarbrücken,Saar,Germany
12954,23953,"Mehta, Shane",Partial High School,Manual,Europe,Berlin,Berlin,Germany
12957,23956,"Coleman, Morgan",Partial High School,Manual,Europe,Ingolstadt,Bavaria,Germany
12958,23957,"Zheng, Louis",Partial High School,Manual,Europe,Leipzig,Saxony,Germany
12960,23959,"Parker, Amber",Partial College,Clerical,Europe,Bottrop,North Rhine-Westphalia,Germany
12961,23960,"Zheng, Eugene",Partial College,Clerical,Europe,Frankfurt,Hesse,Germany
12962,23961,"Huang, Karen",Partial College,Clerical,Europe,Saarlouis,Saar,Germany
12966,23965,"Shan, Dustin",Graduate Degree,Manual,Europe,Frankfurt,Hesse,Germany
12976,23975,"Blanco, Frank",Bachelors,Manual,Europe,Dresden,Saxony,Germany
12980,23979,"Chen, Damien",Partial College,Manual,Europe,Hanover,Lower Saxony,Germany
12983,23982,"Diaz, Adam",Partial College,Manual,Europe,Bottrop,North Rhine-Westphalia,Germany
13015,24014,"Kovár, Geoffrey",Partial College,Manual,Europe,Poing,Bavaria,Germany
13018,24017,"Lopez, Rebekah",Partial College,Manual,Europe,Darmstadt,Hesse,Germany
13019,24018,"Gao, Barbara",Partial College,Manual,Europe,Hamburg,Hamburg,Germany
13025,24024,"Malhotra, Marie",Graduate Degree,Clerical,Europe,Eilenburg,Saxony,Germany
13026,24025,"Zeng, Eugene",Graduate Degree,Clerical,Europe,Hamburg,Hamburg,Germany
13028,24027,"Tang, Omar",Bachelors,Clerical,Europe,Munich,Bavaria,Germany
13034,24033,"Reed, Katherine",Bachelors,Clerical,Europe,Paderborn,North Rhine-Westphalia,Germany
13037,24036,"Vazquez, Jay",Partial College,Manual,Europe,Saarbrücken,Saar,Germany
13041,24040,"Bell, Jennifer",Graduate Degree,Skilled Manual,Europe,Hamburg,Hamburg,Germany
13042,24041,"Tang, Chad",High School,Manual,Europe,Werne,North Rhine-Westphalia,Germany
13043,24042,"White, Zachary",High School,Manual,Europe,Paderborn,North Rhine-Westphalia,Germany
13047,24046,"Chander, Cristina",High School,Manual,Europe,Hamburg,Hamburg,Germany
13050,24049,"Gomez, Byron",Partial College,Manual,Europe,Neunkirchen,North Rhine-Westphalia,Germany
13053,24052,"Goel, Priscilla",Bachelors,Clerical,Europe,Munich,Bavaria,Germany
13054,24053,"Allen, Jose",Bachelors,Clerical,Europe,Neunkirchen,North Rhine-Westphalia,Germany
13060,24059,"Navarro, Tabitha",Bachelors,Clerical,Europe,Neunkirchen,North Rhine-Westphalia,Germany
13061,24060,"Deng, Bonnie",Bachelors,Clerical,Europe,Frankfurt,Hesse,Germany
13067,24066,"West, Brittney",Bachelors,Clerical,Europe,Bottrop,North Rhine-Westphalia,Germany
13068,24067,"Raman, Carolyn",Bachelors,Clerical,Europe,Frankfurt,Hesse,Germany
13069,24068,"Yang, Edwin",Bachelors,Clerical,Europe,Werne,North Rhine-Westphalia,Germany
13073,24072,"He, Randy",Bachelors,Skilled Manual,Europe,Sulzbach Taunus,Saar,Germany
13075,24074,"Alexander, Grace",Partial High School,Manual,Europe,Werne,North Rhine-Westphalia,Germany
13078,24077,"Rai, Tony",High School,Manual,Europe,Munich,Bavaria,Germany
13079,24078,"Martin, Neil",Bachelors,Skilled Manual,Europe,Saarbrücken,Saar,Germany
13081,24080,"Serrano, Billy",Partial High School,Manual,Europe,Berlin,Berlin,Germany
13087,24086,"Gonzales, Dakota",Partial College,Manual,Europe,Hamburg,Hamburg,Germany
13088,24087,"Wilson, Hannah",Partial College,Manual,Europe,Paderborn,North Rhine-Westphalia,Germany
13089,24088,"He, Damien",High School,Manual,Europe,Stuttgart,Baden-Wuerttemberg,Germany
13092,24091,"Munoz, Dwayne",Bachelors,Professional,Europe,Munster,North Rhine-Westphalia,Germany
13093,24092,"Gonzalez, Jillian",Bachelors,Professional,Europe,Werne,North Rhine-Westphalia,Germany
13098,24097,"Fernandez, Francisco",Bachelors,Skilled Manual,Europe,Berlin,Berlin,Germany
13099,24098,"Howard, Olivia",Partial College,Clerical,Europe,Darmstadt,Hesse,Germany
13100,24099,"Smith, Sarah",Partial College,Clerical,Europe,Erlangen,Bavaria,Germany
13103,24102,"Torres, Andy",Bachelors,Skilled Manual,Europe,Mühlheim am Main,Hesse,Germany
13104,24103,"Dominguez, Billy",Bachelors,Skilled Manual,Europe,Munich,Bavaria,Germany
13108,24107,"Jenkins, Jonathan",Partial College,Clerical,Europe,Erlangen,Bavaria,Germany
13109,24108,"Lal, Tonya",High School,Manual,Europe,Kiel,Schleswig-Holstein,Germany
13118,24117,"Gill, Shannon",Partial College,Clerical,Europe,Berlin,Berlin,Germany
13121,24120,"Allen, Kaitlyn",Partial College,Clerical,Europe,Kassel,Hesse,Germany
13122,24121,"Liu, Valerie",Partial College,Clerical,Europe,Poing,Bavaria,Germany
13128,24127,"Washington, James",Partial College,Clerical,Europe,Saarlouis,Saar,Germany
13129,24128,"Ramirez, Kimberly",Partial College,Clerical,Europe,Solingen,North Rhine-Westphalia,Germany
13130,24129,"Gutierrez, Jamie",Partial High School,Manual,Europe,Frankfurt,Hesse,Germany
13131,24130,"Navarro, Tanya",Partial High School,Manual,Europe,Paderborn,North Rhine-Westphalia,Germany
13138,24137,"Sharma, Tara",Partial College,Clerical,Europe,Poing,Bavaria,Germany
13140,24139,"Williams, Andrew",Partial High School,Manual,Europe,Frankfurt,Hesse,Germany
13144,24143,"Mehta, Stanley",Graduate Degree,Manual,Europe,Darmstadt,Hesse,Germany
13148,24147,"Hernandez, Kathleen",Graduate Degree,Clerical,Europe,Stuttgart,Baden-Wuerttemberg,Germany
13149,24148,"Zhou, Brittney",Partial College,Manual,Europe,Bonn,North Rhine-Westphalia,Germany
13151,24150,"Campbell, Jack",Partial College,Manual,Europe,Bottrop,North Rhine-Westphalia,Germany
13156,24155,"Raje, Tracy",Partial College,Manual,Europe,Paderborn,North Rhine-Westphalia,Germany
13157,24156,"Zhou, Wesley",Partial College,Manual,Europe,Sulzbach Taunus,Saar,Germany
13181,24180,"Jai, Arturo",Partial College,Manual,Europe,Berlin,Berlin,Germany
13182,24181,"Nath, Edwin",Partial College,Manual,Europe,Bonn,North Rhine-Westphalia,Germany
13183,24182,"Lopez, Nancy",Bachelors,Clerical,Europe,Saarlouis,Saar,Germany
13192,24191,"He, Marshall",Graduate Degree,Clerical,Europe,Kiel,Schleswig-Holstein,Germany
13205,24204,"Gonzalez, Darren",Bachelors,Clerical,Europe,Munich,Bavaria,Germany
13206,24205,"Anderson, Katherine",Bachelors,Clerical,Europe,Erlangen,Bavaria,Germany
13207,24206,"Munoz, Marie",Graduate Degree,Clerical,Europe,Kiel,Schleswig-Holstein,Germany
13211,24210,"Shan, Ricardo",Graduate Degree,Skilled Manual,Europe,Kiel,Schleswig-Holstein,Germany
13215,24214,"Romero, Michele",Partial College,Manual,Europe,Paderborn,North Rhine-Westphalia,Germany
13216,24215,"Xu, Lisa",High School,Manual,Europe,Munich,Bavaria,Germany
13222,24221,"Perez, Heidi",Graduate Degree,Management,North America,Burbank,California,United States
13223,24222,"Green, Sierra",High School,Skilled Manual,North America,Lebanon,Oregon,United States
13224,24223,"Alexander, Abigail",High School,Skilled Manual,North America,Milwaukie,Oregon,United States
13225,24224,"Perry, Nicole",High School,Skilled Manual,North America,Seattle,Washington,United States
13226,24225,"Yang, Jeffery",Partial College,Skilled Manual,North America,Berkeley,California,United States
13227,24226,"Morris, Brian",Partial College,Skilled Manual,North America,Downey,California,United States
13228,24227,"Phillips, Sara",Partial College,Skilled Manual,North America,El Cajon,California,United States
13232,24231,"Cox, Makayla",Partial College,Skilled Manual,North America,San Gabriel,California,United States
13233,24232,"Johnson, Ryan",Partial College,Skilled Manual,North America,West Covina,California,United States
13234,24233,"Parker, Jada",Partial College,Skilled Manual,North America,West Covina,California,United States
13235,24234,"Martinez, Eduardo",Partial College,Skilled Manual,North America,West Covina,California,United States
13237,24236,"Nelson, Isabella",Partial College,Skilled Manual,North America,Edmonds,Washington,United States
13238,24237,"Henderson, Chloe",Partial College,Skilled Manual,North America,Kirkland,Washington,United States
13239,24238,"Richardson, Sean",Partial College,Skilled Manual,North America,Berkeley,California,United States
13240,24239,"Hernandez, Miguel",Partial College,Skilled Manual,North America,Imperial Beach,California,United States
13255,24254,"Washington, Emily",Partial College,Skilled Manual,North America,San Diego,California,United States
13260,24259,"Price, Gavin",Bachelors,Professional,North America,Bremerton,Washington,United States
13261,24260,"Perry, Blake",Partial College,Skilled Manual,North America,Sedro Woolley,Washington,United States
13262,24261,"Jones, Emma",Partial College,Skilled Manual,North America,Concord,California,United States
13263,24262,"Thomas, Daniel",Partial College,Skilled Manual,North America,La Jolla,California,United States
13264,24263,"Brooks, Brooke",Partial College,Skilled Manual,North America,La Jolla,California,United States
13265,24264,"Long, Richard",Partial College,Skilled Manual,North America,Newport Beach,California,United States
13266,24265,"McDonald, Seth",Partial College,Skilled Manual,North America,Novato,California,United States
13276,24275,"Rivera, Lucas",Partial College,Skilled Manual,North America,Palo Alto,California,United States
13286,24285,"Cox, Jesse",Partial College,Skilled Manual,North America,Burien,Washington,United States
13287,24286,"Goel, Kelvin",High School,Skilled Manual,North America,Chula Vista,California,United States
13288,24287,"Martinez, John",High School,Skilled Manual,North America,Chula Vista,California,United States
13289,24288,"Gomez, Pedro",High School,Skilled Manual,North America,Concord,California,United States
13290,24289,"Gonzalez, Robert",Partial College,Skilled Manual,North America,Grossmont,California,United States
13291,24290,"Bell, Zoe",High School,Skilled Manual,North America,Bellingham,Washington,United States
13292,24291,"Garcia, Eduardo",High School,Skilled Manual,North America,Bellingham,Washington,United States
13293,24292,"Brooks, Mackenzie",High School,Skilled Manual,North America,Glendale,California,United States
13294,24293,"Rivera, Anna",High School,Skilled Manual,North America,Lincoln Acres,California,United States
13295,24294,"Yang, Luis",High School,Skilled Manual,North America,Portland,Oregon,United States
13296,24295,"Barnes, Natalie",Partial College,Skilled Manual,North America,Palo Alto,California,United States
13297,24296,"Gonzalez, Amanda",Partial College,Professional,North America,Fremont,California,United States
13298,24297,"Cox, Victoria",Partial College,Professional,North America,Imperial Beach,California,United States
13299,24298,"Yang, Robert",Partial College,Professional,North America,Palo Alto,California,United States
13300,24299,"Gray, Andrea",Partial College,Professional,North America,Downey,California,United States
13309,24308,"Sanders, Destiny",Bachelors,Management,North America,Woodburn,Oregon,United States
13312,24311,"Patel, Geoffrey",Partial College,Professional,North America,Burien,Washington,United States
13313,24312,"Martin, Austin",Partial College,Professional,North America,Everett,Washington,United States
13314,24313,"Brooks, Taylor",Partial College,Professional,North America,Lake Oswego,Oregon,United States
13315,24314,"Howard, Bryan",Bachelors,Management,North America,Daly City,California,United States
13316,24315,"Scott, Edward",Graduate Degree,Management,North America,El Cajon,California,United States
13317,24316,"Diaz, Rachel",Graduate Degree,Management,North America,Grossmont,California,United States
13318,24317,"Thomas, Devin",Graduate Degree,Management,North America,Newport Beach,California,United States
13319,24318,"Long, Luis",Graduate Degree,Management,North America,San Diego,California,United States
13320,24319,"Clark, Benjamin",Partial High School,Skilled Manual,North America,Lynnwood,Washington,United States
13321,24320,"White, Joshua",Partial High School,Skilled Manual,North America,Beaverton,Oregon,United States
13322,24321,"Scott, Gabriel",Bachelors,Professional,North America,Renton,Washington,United States
13324,24323,"Wright, Janet",Bachelors,Skilled Manual,North America,Lincoln Acres,California,United States
13325,24324,"Reed, Jennifer",Bachelors,Skilled Manual,North America,Downey,California,United States
13326,24325,"Perry, Jason",Bachelors,Skilled Manual,North America,West Covina,California,United States
13327,24326,"Bryant, Adam",Bachelors,Skilled Manual,North America,Woodburn,Oregon,United States
13328,24327,"Rogers, Evan",Bachelors,Skilled Manual,North America,Yakima,Washington,United States
13329,24328,"Simmons, Melissa",Bachelors,Skilled Manual,North America,National City,California,United States
13386,24385,"Perez, Summer",Partial College,Professional,North America,Concord,California,United States
13388,24387,"Mitchell, Elijah",Bachelors,Management,North America,Bellflower,California,United States
13389,24388,"Campbell, Maria",Bachelors,Management,North America,Lynnwood,Washington,United States
13390,24389,"Carter, Xavier",Partial High School,Skilled Manual,North America,Salem,Oregon,United States
13391,24390,"Prasad, Carolyn",High School,Professional,North America,Bellingham,Washington,United States
13392,24391,"Washington, Marissa",High School,Professional,North America,Spring Valley,California,United States
13394,24393,"Johnson, Joseph",Graduate Degree,Management,North America,Everett,Washington,United States
13395,24394,"Raji, Drew",Bachelors,Management,North America,Camarillo,California,United States
13396,24395,"Raji, Alison",Bachelors,Management,North America,Concord,California,United States
13397,24396,"Navarro, Robyn",Bachelors,Management,North America,Concord,California,United States
13398,24397,"Raman, Henry",Bachelors,Management,North America,Coronado,California,United States
13399,24398,"Davis, Brandon",Graduate Degree,Management,North America,Newport Beach,California,United States
13401,24400,"Parker, Kaitlyn",Partial College,Professional,North America,Tacoma,Washington,United States
13402,24401,"Rana, Douglas",Bachelors,Management,North America,Bellflower,California,United States
13403,24402,"Alexander, Devin",Graduate Degree,Management,North America,Woodland Hills,California,United States
13404,24403,"Wright, Gabriel",Partial College,Professional,North America,Novato,California,United States
13407,24406,"Vazquez, Reginald",Bachelors,Management,North America,Chula Vista,California,United States
13408,24407,"Peterson, Makayla",Bachelors,Management,North America,Daly City,California,United States
13409,24408,"Diaz, Jordan",Bachelors,Management,North America,Daly City,California,United States
13410,24409,"Hernandez, Jackson",Partial College,Professional,North America,Imperial Beach,California,United States
13412,24411,"Sanchez, Johnathan",Bachelors,Management,North America,Beverly Hills,California,United States
13413,24412,"Patterson, Angelica",Partial College,Professional,North America,Coronado,California,United States
13414,24413,"Lewis, Nathan",High School,Professional,North America,Imperial Beach,California,United States
13415,24414,"Edwards, Adam",Bachelors,Management,North America,Lemon Grove,California,United States
13418,24417,"Harris, Christopher",Bachelors,Management,North America,San Diego,California,United States
13424,24423,"Harris, Alyssa",Graduate Degree,Management,North America,Los Angeles,California,United States
13425,24424,"Russell, Morgan",Graduate Degree,Management,North America,West Covina,California,United States
13427,24426,"Russell, Jordan",Partial College,Professional,North America,Beverly Hills,California,United States
13428,24427,"Fernandez, Evelyn",Partial College,Professional,North America,City Of Commerce,California,United States
13429,24428,"Price, Hailey",Partial College,Professional,North America,Coronado,California,United States
13448,24447,"Morgan, Cody",High School,Professional,North America,Bellflower,California,United States
13449,24448,"Lopez, Amanda",High School,Professional,North America,Kirkland,Washington,United States
13450,24449,"Simmons, Melanie",High School,Professional,North America,Novato,California,United States
13451,24450,"Long, Isabel",High School,Professional,North America,Sedro Woolley,Washington,United States
13452,24451,"Morgan, Bailey",High School,Professional,North America,Seattle,Washington,United States
13491,24490,"Suarez, Dwayne",High School,Skilled Manual,North America,Bremerton,Washington,United States
13493,24492,"Lopez, Devin",High School,Skilled Manual,North America,Lakewood,California,United States
13498,24497,"James, Abigail",High School,Skilled Manual,North America,Port Orchard,Washington,United States
13499,24498,"Washington, Angela",High School,Skilled Manual,North America,W. Linn,Oregon,United States
13500,24499,"Lewis, Olivia",Partial High School,Clerical,North America,Spring Valley,California,United States
13501,24500,"Johnson, Seth",High School,Skilled Manual,North America,Puyallup,Washington,United States
13508,24507,"Garcia, Madison",High School,Skilled Manual,North America,Edmonds,Washington,United States
13509,24508,"Phillips, Alex",High School,Skilled Manual,North America,Milwaukie,Oregon,United States
13510,24509,"Long, Emma",High School,Skilled Manual,North America,Spokane,Washington,United States
13511,24510,"Martinez, Christian",High School,Skilled Manual,North America,Walla Walla,Washington,United States
13512,24511,"Hall, Logan",Partial College,Skilled Manual,North America,Woodburn,Oregon,United States
13513,24512,"Jiménez, Adrienne",Partial College,Skilled Manual,North America,Burlingame,California,United States
13514,24513,"Deng, Alejandro",Partial College,Skilled Manual,North America,Colma,California,United States
13515,24514,"Phillips, Jesse",Partial College,Skilled Manual,North America,Mill Valley,California,United States
13516,24515,"Jones, Ian",Partial College,Skilled Manual,North America,San Diego,California,United States
13517,24516,"Moore, Rachel",High School,Skilled Manual,North America,Colma,California,United States
13518,24517,"Harris, Brandon",Partial College,Skilled Manual,North America,Daly City,California,United States
13519,24518,"Allen, Stephanie",Partial College,Skilled Manual,North America,Lakewood,California,United States
13520,24519,"King, Carlos",Partial College,Skilled Manual,North America,Redwood City,California,United States
13521,24520,"Wilson, Joseph",Partial College,Skilled Manual,North America,Burbank,California,United States
13522,24521,"Wood, Jordyn",Bachelors,Management,North America,Kirkland,Washington,United States
13523,24522,"Perez, Alex",Bachelors,Management,North America,Santa Monica,California,United States
13524,24523,"Coleman, Mariah",Bachelors,Management,North America,Colma,California,United States
13525,24524,"Lewis, Megan",Bachelors,Management,North America,Concord,California,United States
13527,24526,"Barnes, Julian",Bachelors,Management,North America,Lemon Grove,California,United States
13528,24527,"Coleman, Gavin",Graduate Degree,Management,North America,Santa Cruz,California,United States
13529,24528,"Hernandez, Katherine",Graduate Degree,Management,North America,Colma,California,United States
13530,24529,"Martinez, Jillian",Graduate Degree,Management,North America,Berkeley,California,United States
13531,24530,"She, Franklin",Graduate Degree,Management,North America,Burien,Washington,United States
13532,24531,"Xie, Andres",Bachelors,Management,Europe,Paderborn,North Rhine-Westphalia,Germany
13533,24532,"Perez, Phillip",Bachelors,Management,Europe,Stuttgart,Baden-Wuerttemberg,Germany
13537,24536,"Perez, Cynthia",Partial College,Professional,Europe,Kassel,Hesse,Germany
13545,24544,"Romero, Kellie",Partial College,Professional,Europe,Berlin,Berlin,Germany
13548,24547,"Gomez, Dana",Partial College,Professional,Europe,Brunswick,Lower Saxony,Germany
13549,24548,"Liu, Crystal",Bachelors,Management,Europe,Paderborn,North Rhine-Westphalia,Germany
13554,24553,"Ashe, Michele",Partial College,Professional,Europe,Hof,Bavaria,Germany
13562,24561,"Sherman, Megan",High School,Professional,Europe,Saarbrücken,Saar,Germany
13563,24562,"Rubio, Ricky",Partial College,Professional,Europe,Hamburg,Hamburg,Germany
13564,24563,"Rodriguez, Adriana",Partial College,Professional,Europe,Kassel,Hesse,Germany
13565,24564,"Andersen, Johnny",Bachelors,Management,Europe,Dresden,Saxony,Germany
13566,24565,"Navarro, Theodore",Partial College,Professional,Europe,Salzgitter,Lower Saxony,Germany
13573,24572,"Martinez, Carolyn",Partial College,Management,Europe,Bonn,North Rhine-Westphalia,Germany
13580,24579,"Alexander, Trevor",Partial High School,Professional,Europe,Bottrop,North Rhine-Westphalia,Germany
13581,24580,"Zhao, Wesley",Partial High School,Professional,Europe,Solingen,North Rhine-Westphalia,Germany
13617,24616,"Cook, Zoe",High School,Professional,North America,San Carlos,California,United States
13618,24617,"She, Kelsey",High School,Professional,North America,Burien,Washington,United States
13619,24618,"Gonzalez, Brett",High School,Professional,North America,Chula Vista,California,United States
13620,24619,"Kelly, Shelby",High School,Professional,North America,El Cajon,California,United States
13621,24620,"Morgan, Olivia",High School,Professional,North America,Fremont,California,United States
13623,24622,"Hall, Blake",Graduate Degree,Management,North America,Woodburn,Oregon,United States
13624,24623,"Torres, Beth",Graduate Degree,Management,North America,Bellingham,Washington,United States
13625,24624,"Murphy, Allison",Graduate Degree,Management,North America,Fremont,California,United States
13632,24631,"Powell, Hannah",Graduate Degree,Management,North America,Colma,California,United States
13633,24632,"James, Catherine",Bachelors,Management,North America,Walla Walla,Washington,United States
13634,24633,"Cook, Xavier",Bachelors,Management,North America,W. Linn,Oregon,United States
13635,24634,"He, Crystal",Bachelors,Management,North America,Bremerton,Washington,United States
13636,24635,"Rogers, Gabrielle",Bachelors,Management,North America,San Gabriel,California,United States
13637,24636,"Ward, Anna",Graduate Degree,Management,North America,Lake Oswego,Oregon,United States
13639,24638,"Lopez, Julia",High School,Professional,North America,Oakland,California,United States
13649,24648,"King, Amanda",Partial High School,Clerical,North America,Grossmont,California,United States
13651,24650,"Baker, Julia",Partial High School,Clerical,North America,Lincoln Acres,California,United States
13652,24651,"Alexander, Dakota",Partial High School,Clerical,North America,Olympia,Washington,United States
13653,24652,"Butler, Luke",Partial High School,Clerical,North America,Edmonds,Washington,United States
13663,24662,"Price, Arianna",Bachelors,Management,North America,Spring Valley,California,United States
13668,24667,"Diaz, Chloe",Partial College,Professional,North America,Seattle,Washington,United States
13669,24668,"Xu, Katrina",Partial College,Professional,North America,Coronado,California,United States
13670,24669,"Parker, Xavier",Bachelors,Management,North America,San Gabriel,California,United States
13671,24670,"Ross, Alexandria",Bachelors,Management,North America,Santa Monica,California,United States
13673,24672,"Cook, Jeremy",Partial College,Professional,North America,Tacoma,Washington,United States
13674,24673,"Cox, Paige",Partial College,Professional,North America,Newport Beach,California,United States
13675,24674,"Kumar, Dylan",Partial College,Professional,North America,Spring Valley,California,United States
13676,24675,"Nelson, Jackson",Partial College,Professional,North America,West Covina,California,United States
13677,24676,"Roberts, Jeremy",Partial College,Professional,North America,Seattle,Washington,United States
13691,24690,"Long, Christian",Partial High School,Manual,Europe,Bottrop,North Rhine-Westphalia,Germany
13692,24691,"Carlson, Meredith",Partial High School,Manual,Europe,Hamburg,Hamburg,Germany
13693,24692,"He, Laura",Partial High School,Manual,Europe,Hamburg,Hamburg,Germany
13695,24694,"Carlson, Theodore",High School,Manual,Europe,Berlin,Berlin,Germany
13697,24696,"Xie, Tasha",High School,Manual,Europe,Berlin,Berlin,Germany
13699,24698,"Carter, Blake",High School,Manual,Europe,Frankfurt,Hesse,Germany
13705,24704,"Schmidt, Allen",Partial High School,Manual,Europe,Offenbach am Main,Hesse,Germany
13707,24706,"Rana, Virginia",High School,Manual,Europe,Brunswick,Lower Saxony,Germany
13711,24710,"Malhotra, Brandy",Bachelors,Skilled Manual,Europe,Berlin,Berlin,Germany
13712,24711,"Hernandez, Rebekah",Partial College,Clerical,Europe,Berlin,Berlin,Germany
13717,24716,"Liu, Colin",High School,Manual,Europe,Paderborn,North Rhine-Westphalia,Germany
13718,24717,"Anand, Damien",High School,Manual,Europe,Ingolstadt,Bavaria,Germany
13719,24718,"Black, Terrence",Partial College,Clerical,Europe,Frankfurt,Hesse,Germany
13720,24719,"Zheng, Susan",Partial College,Clerical,Europe,Hamburg,Hamburg,Germany
13723,24722,"Ross, Hunter",Partial College,Clerical,Europe,Werne,North Rhine-Westphalia,Germany
13724,24723,"Pal, Shawna",Partial College,Clerical,Europe,Stuttgart,Baden-Wuerttemberg,Germany
13733,24732,"Davis, Wyatt",Bachelors,Skilled Manual,North America,Oregon City,Oregon,United States
13735,24734,"Turner, Jack",Graduate Degree,Skilled Manual,North America,Burien,Washington,United States
13736,24735,"Powell, Madison",Graduate Degree,Skilled Manual,North America,Chula Vista,California,United States
13737,24736,"Ramirez, Savannah",Partial High School,Clerical,North America,Lebanon,Oregon,United States
13738,24737,"Bailey, Angela",Partial High School,Clerical,North America,Puyallup,Washington,United States
13739,24738,"Davis, Hannah",Partial College,Clerical,North America,Glendale,California,United States
13740,24739,"Sanders, Dalton",Partial College,Clerical,North America,National City,California,United States
13741,24740,"Cooper, Shelby",Partial High School,Clerical,North America,Bellingham,Washington,United States
13742,24741,"Perry, Brittany",Partial High School,Clerical,North America,Walla Walla,Washington,United States
13743,24742,"Ramirez, Rachel",High School,Clerical,North America,El Cajon,California,United States
13744,24743,"Coleman, Chloe",High School,Skilled Manual,North America,Spokane,Washington,United States
13746,24745,"Ward, Jennifer",High School,Skilled Manual,North America,Palo Alto,California,United States
13748,24747,"Powell, Dakota",Partial High School,Clerical,North America,Beverly Hills,California,United States
13750,24749,"Guo, Marshall",Partial High School,Clerical,North America,Concord,California,United States
13751,24750,"Barnes, Destiny",Partial High School,Clerical,North America,Palo Alto,California,United States
13752,24751,"Howard, Angela",High School,Skilled Manual,North America,Everett,Washington,United States
13753,24752,"Jackson, Cameron",High School,Skilled Manual,North America,Bellingham,Washington,United States
13754,24753,"Jenkins, Eduardo",High School,Skilled Manual,North America,El Cajon,California,United States
13755,24754,"Rivera, Haley",Partial College,Clerical,North America,West Covina,California,United States
13757,24756,"Bell, Carlos",Partial College,Clerical,North America,Imperial Beach,California,United States
13759,24758,"Adams, Gabriella",Partial College,Clerical,North America,Kirkland,Washington,United States
13761,24760,"Coleman, Julian",Partial College,Clerical,North America,Woodburn,Oregon,United States
13762,24761,"Rubio, Lawrence",Partial College,Clerical,North America,Chula Vista,California,United States
13763,24762,"Xu, Warren",Graduate Degree,Skilled Manual,North America,Burien,Washington,United States
13765,24764,"Hughes, Abigail",Graduate Degree,Skilled Manual,North America,Everett,Washington,United States
13766,24765,"Alexander, Morgan",Graduate Degree,Skilled Manual,North America,Seattle,Washington,United States
13767,24766,"White, Christian",Graduate Degree,Skilled Manual,North America,Tacoma,Washington,United States
13768,24767,"Jackson, Lauren",Graduate Degree,Skilled Manual,North America,Walla Walla,Washington,United States
13769,24768,"Ross, Jordan",Graduate Degree,Skilled Manual,North America,Colma,California,United States
13770,24769,"Lal, Brendan",Graduate Degree,Skilled Manual,North America,Colma,California,United States
13771,24770,"Wright, Isaac",Graduate Degree,Skilled Manual,North America,Torrance,California,United States
13773,24772,"Russell, Greg",Graduate Degree,Skilled Manual,North America,Novato,California,United States
13775,24774,"Gonzales, Xavier",Graduate Degree,Skilled Manual,North America,Salem,Oregon,United States
13776,24775,"Alexander, Alexandra",Graduate Degree,Skilled Manual,North America,Colma,California,United States
13777,24776,"Perry, Samantha",Graduate Degree,Skilled Manual,North America,San Gabriel,California,United States
13778,24777,"Adams, Eric",Graduate Degree,Skilled Manual,North America,Redwood City,California,United States
13780,24779,"Lee, Morgan",Graduate Degree,Skilled Manual,North America,Marysville,Washington,United States
13781,24780,"Hall, Courtney",Graduate Degree,Skilled Manual,North America,Olympia,Washington,United States
13783,24782,"Morris, Nicole",Graduate Degree,Skilled Manual,North America,Beverly Hills,California,United States
13784,24783,"Raman, Barry",Graduate Degree,Skilled Manual,North America,Chula Vista,California,United States
13785,24784,"Kelly, Megan",Graduate Degree,Professional,North America,Lemon Grove,California,United States
13786,24785,"Morris, Cody",Bachelors,Skilled Manual,North America,Kirkland,Washington,United States
13788,24787,"Watson, Andrea",Bachelors,Skilled Manual,North America,Redmond,Washington,United States
13789,24788,"Bennett, Ashley",Bachelors,Skilled Manual,North America,Edmonds,Washington,United States
13790,24789,"Hu, Tamara",Bachelors,Skilled Manual,North America,Beverly Hills,California,United States
13791,24790,"Navarro, Rebekah",Bachelors,Skilled Manual,North America,Burbank,California,United States
13792,24791,"Ortega, Teresa",Bachelors,Skilled Manual,North America,Burien,Washington,United States
13793,24792,"Malhotra, Clifford",Bachelors,Skilled Manual,North America,Colma,California,United States
13794,24793,"Morgan, Cole",Bachelors,Skilled Manual,North America,Lincoln Acres,California,United States
13795,24794,"Sanchez, Cody",Bachelors,Skilled Manual,North America,W. Linn,Oregon,United States
13796,24795,"Lewis, Alexandra",Bachelors,Skilled Manual,North America,Corvallis,Oregon,United States
13797,24796,"Simmons, Jessica",Bachelors,Skilled Manual,North America,Los Angeles,California,United States
13798,24797,"Flores, Dylan",Bachelors,Skilled Manual,North America,Bremerton,Washington,United States
13799,24798,"Moreno, Lawrence",Bachelors,Skilled Manual,North America,Bellingham,Washington,United States
13800,24799,"Sanz, Byron",Bachelors,Skilled Manual,North America,Citrus Heights,California,United States
13801,24800,"Young, Eduardo",Graduate Degree,Professional,North America,Bellingham,Washington,United States
13802,24801,"Bailey, Chase",Graduate Degree,Professional,North America,Renton,Washington,United States
13803,24802,"Allen, Timothy",Graduate Degree,Professional,North America,Grossmont,California,United States
13804,24803,"Diaz, Anna",High School,Skilled Manual,North America,Lebanon,Oregon,United States
13805,24804,"Raji, Tonya",Bachelors,Skilled Manual,North America,Colma,California,United States
13807,24806,"Russell, Faith",Graduate Degree,Professional,North America,Berkeley,California,United States
13808,24807,"Moreno, Anne",Graduate Degree,Professional,North America,Chula Vista,California,United States
13809,24808,"Perez, Eric",Graduate Degree,Professional,North America,Lakewood,California,United States
13810,24809,"Moore, Alyssa",Graduate Degree,Professional,North America,Oakland,California,United States
13811,24810,"Richardson, Alyssa",Bachelors,Skilled Manual,North America,San Francisco,California,United States
13812,24811,"Ramirez, Trinity",Bachelors,Skilled Manual,North America,Glendale,California,United States
13813,24812,"Sai, Johnathan",Bachelors,Skilled Manual,North America,Chula Vista,California,United States
13814,24813,"Schmidt, Armando",Bachelors,Skilled Manual,North America,Concord,California,United States
13815,24814,"Washington, Gabriel",Graduate Degree,Professional,North America,Edmonds,Washington,United States
13816,24815,"Clark, Victoria",Graduate Degree,Professional,North America,Chula Vista,California,United States
13819,24818,"Rubio, Diane",Graduate Degree,Professional,North America,Burien,Washington,United States
13820,24819,"Shan, Jack",Graduate Degree,Professional,North America,Issaquah,Washington,United States
13821,24820,"Clark, David",Graduate Degree,Professional,North America,Marysville,Washington,United States
13822,24821,"Alexander, Melissa",Graduate Degree,Professional,North America,Yakima,Washington,United States
13823,24822,"Cook, Paige",Graduate Degree,Professional,North America,Colma,California,United States
13824,24823,"Zhao, Vincent",Graduate Degree,Professional,North America,Colma,California,United States
13827,24826,"Powell, Richard",Bachelors,Skilled Manual,North America,Bremerton,Washington,United States
13828,24827,"Martinez, Alexander",Bachelors,Skilled Manual,North America,La Jolla,California,United States
13829,24828,"Reed, Brooke",Graduate Degree,Professional,North America,Berkeley,California,United States
13830,24829,"Patterson, Ethan",Graduate Degree,Professional,North America,Glendale,California,United States
13831,24830,"Cox, Alexandra",Graduate Degree,Professional,North America,Burien,Washington,United States
13832,24831,"Diaz, Jackson",Graduate Degree,Professional,North America,West Covina,California,United States
13835,24834,"Jai, Bethany",Graduate Degree,Clerical,Europe,Dusseldorf,North Rhine-Westphalia,Germany
13838,24837,"Lewis, Wyatt",Partial College,Professional,Europe,Hamburg,Hamburg,Germany
13839,24838,"Young, Elijah",Partial College,Professional,Europe,Werne,North Rhine-Westphalia,Germany
13840,24839,"Goldberg, Tamara",High School,Professional,Europe,Berlin,Berlin,Germany
13844,24843,"Subram, Bryant",Partial College,Professional,Europe,Saarlouis,Saar,Germany
13847,24846,"Navarro, Naomi",Bachelors,Management,Europe,Bonn,North Rhine-Westphalia,Germany
13849,24848,"Zhou, Jeffery",High School,Professional,Europe,Berlin,Berlin,Germany
13851,24850,"Perez, Emmanuel",Bachelors,Management,Europe,Stuttgart,Baden-Wuerttemberg,Germany
13855,24854,"Jenkins, Emma",Partial College,Professional,Europe,Hof,Bavaria,Germany
13856,24855,"Wright, Kaylee",Partial College,Professional,Europe,Kassel,Hesse,Germany
13857,24856,"Huang, Candice",Partial College,Professional,Europe,Stuttgart,Baden-Wuerttemberg,Germany
13865,24864,"Sun, Jeffery",Partial College,Professional,Europe,Berlin,Berlin,Germany
13868,24867,"Suarez, Beth",High School,Professional,Europe,Munich,Bavaria,Germany
13874,24873,"Li, Alisha",Partial College,Management,Europe,Poing,Bavaria,Germany
13876,24875,"Zhang, Darryl",High School,Management,Europe,Berlin,Berlin,Germany
13877,24876,"Subram, Jarrod",High School,Management,Europe,Sulzbach Taunus,Saar,Germany
13880,24879,"Munoz, Desiree",Partial High School,Skilled Manual,Europe,Munster,North Rhine-Westphalia,Germany
13884,24883,"Lin, Stacey",Partial High School,Professional,Europe,Frankfurt,Hesse,Germany
13926,24925,"Perez, Erick",High School,Professional,North America,Chula Vista,California,United States
13927,24926,"Roberts, Eric",High School,Professional,North America,Downey,California,United States
13928,24927,"Harris, Kaitlyn",High School,Professional,North America,Lynnwood,Washington,United States
13929,24928,"Wright, Timothy",High School,Professional,North America,Mill Valley,California,United States
13930,24929,"Bailey, Lucas",High School,Professional,North America,Puyallup,Washington,United States
13931,24930,"Lewis, Abigail",High School,Professional,North America,Los Angeles,California,United States
13932,24931,"Miller, Brianna",High School,Professional,North America,Tacoma,Washington,United States
13933,24932,"Jones, Richard",High School,Professional,North America,Oakland,California,United States
13934,24933,"Sanchez, Regina",Graduate Degree,Management,North America,Burbank,California,United States
13935,24934,"Tang, Lindsay",Graduate Degree,Management,North America,Coronado,California,United States
13936,24935,"Hayes, James",Graduate Degree,Management,North America,Concord,California,United States
13937,24936,"Scott, Caleb",Graduate Degree,Management,North America,Oregon City,Oregon,United States
13938,24937,"Evans, Jordan",Graduate Degree,Management,North America,Burien,Washington,United States
13939,24938,"Martinez, Julia",Graduate Degree,Management,North America,Sedro Woolley,Washington,United States
13941,24940,"Martin, Fernando",Bachelors,Management,North America,Concord,California,United States
13942,24941,"Garcia, Wyatt",Bachelors,Management,North America,Portland,Oregon,United States
13943,24942,"James, Steven",Bachelors,Management,North America,Berkeley,California,United States
13944,24943,"Chander, Darrell",Bachelors,Management,North America,Burien,Washington,United States
13945,24944,"Garcia, Whitney",Bachelors,Management,North America,Berkeley,California,United States
13946,24945,"Harris, Logan",Bachelors,Management,North America,Redmond,Washington,United States
13947,24946,"Hughes, Sarah",Graduate Degree,Management,North America,Concord,California,United States
13949,24948,"Carter, Nathan",Bachelors,Management,North America,Downey,California,United States
13950,24949,"Howard, Devin",Bachelors,Management,North America,Kirkland,Washington,United States
13951,24950,"Alexander, Stephanie",Bachelors,Management,North America,Torrance,California,United States
13952,24951,"Ward, Jeremy",Bachelors,Management,North America,San Diego,California,United States
13953,24952,"Long, Amanda",Bachelors,Management,North America,Lebanon,Oregon,United States
13954,24953,"Green, Aaron",Partial High School,Clerical,North America,Seattle,Washington,United States
13955,24954,"Long, Jonathan",High School,Professional,North America,National City,California,United States
13956,24955,"Perez, Donald",Partial High School,Skilled Manual,North America,Chula Vista,California,United States
13957,24956,"Ward, Ariana",Partial High School,Skilled Manual,North America,Bellflower,California,United States
13958,24957,"Howard, Anna",Partial High School,Skilled Manual,North America,Lakewood,California,United States
13959,24958,"Xu, Tamara",High School,Professional,North America,Colma,California,United States
13960,24959,"Blanco, Kristy",Bachelors,Management,North America,Berkeley,California,United States
13962,24961,"Bennett, Alexandra",High School,Professional,North America,Walla Walla,Washington,United States
13963,24962,"Jai, Jonathan",High School,Professional,North America,Lynnwood,Washington,United States
13964,24963,"Zhao, Erica",High School,Professional,North America,Beverly Hills,California,United States
13965,24964,"Anderson, Samantha",High School,Professional,North America,Edmonds,Washington,United States
13966,24965,"Hayes, Justin",High School,Professional,North America,Spokane,Washington,United States
13967,24966,"Cooper, Jade",Bachelors,Management,North America,Olympia,Washington,United States
13969,24968,"Moore, Dalton",Partial College,Professional,North America,Portland,Oregon,United States
13970,24969,"Gonzales, Vanessa",Partial College,Professional,North America,Puyallup,Washington,United States
13971,24970,"Wright, Blake",Partial College,Professional,North America,Salem,Oregon,United States
13972,24971,"Lin, Brittney",Partial College,Professional,North America,Burlingame,California,United States
13973,24972,"Garcia, Edward",Bachelors,Management,North America,Fremont,California,United States
13974,24973,"Rivera, Arianna",Bachelors,Management,North America,Long Beach,California,United States
13975,24974,"Carter, Eduardo",Bachelors,Management,North America,Long Beach,California,United States
13979,24978,"Stewart, Kaylee",Partial College,Professional,North America,Bremerton,Washington,United States
13980,24979,"Adams, Jada",Partial College,Professional,North America,Edmonds,Washington,United States
13981,24980,"Phillips, Savannah",Partial College,Professional,North America,Lincoln Acres,California,United States
13982,24981,"Davis, Jose",Partial College,Professional,North America,Puyallup,Washington,United States
13983,24982,"King, Devin",Partial College,Professional,North America,Burbank,California,United States
13984,24983,"Griffin, Morgan",Partial College,Professional,North America,National City,California,United States
13985,24984,"Moore, William",Partial College,Professional,North America,Novato,California,United States
13986,24985,"Phillips, Jenna",Bachelors,Management,North America,Torrance,California,United States
13988,24987,"Chandra, Kristopher",Partial College,Professional,North America,Burbank,California,United States
13989,24988,"Diaz, Kayla",Partial College,Professional,North America,Santa Cruz,California,United States
13990,24989,"Peterson, Arianna",High School,Professional,North America,Oregon City,Oregon,United States
13991,24990,"Collins, Timothy",High School,Professional,North America,Santa Cruz,California,United States
13992,24991,"Bryant, Luke",Partial High School,Skilled Manual,North America,Issaquah,Washington,United States
13993,24992,"Bryant, Faith",Partial High School,Skilled Manual,North America,Chula Vista,California,United States
13994,24993,"Ortega, Marvin",Partial High School,Skilled Manual,North America,Colma,California,United States
13995,24994,"Sanders, Lauren",High School,Professional,North America,San Carlos,California,United States
13997,24996,"Miller, Dylan",Partial High School,Skilled Manual,North America,Beverly Hills,California,United States
13998,24997,"Kumar, Melvin",Partial High School,Skilled Manual,North America,Burlingame,California,United States
13999,24998,"Martinez, Olivia",Graduate Degree,Management,North America,Burlingame,California,United States
14000,24999,"Jai, Shaun",Graduate Degree,Management,North America,Chula Vista,California,United States
14001,25000,"Turner, Allison",High School,Skilled Manual,North America,Seattle,Washington,United States
14004,25003,"Russell, Tristan",Partial College,Skilled Manual,North America,Bellingham,Washington,United States
14005,25004,"Thomas, Samuel",Partial College,Skilled Manual,North America,Bremerton,Washington,United States
14006,25005,"Williams, Brianna",Partial College,Skilled Manual,North America,Lebanon,Oregon,United States
14007,25006,"Murphy, Bailey",Partial College,Skilled Manual,North America,Yakima,Washington,United States
14008,25007,"Sanders, Alyssa",Partial College,Skilled Manual,North America,Berkeley,California,United States
14009,25008,"Perry, Haley",Partial College,Skilled Manual,North America,Daly City,California,United States
14015,25014,"Reed, Juan",Partial College,Skilled Manual,North America,Lincoln Acres,California,United States
14016,25015,"Rogers, Jacqueline",Partial College,Skilled Manual,North America,Palo Alto,California,United States
14019,25018,"Robinson, Lucas",Partial College,Skilled Manual,North America,Palo Alto,California,United States
14024,25023,"Sanz, Carolyn",Bachelors,Professional,North America,Burbank,California,United States
14025,25024,"Pritchett, Brad",Bachelors,Professional,North America,Chula Vista,California,United States
14026,25025,"Bryant, Spencer",Partial College,Skilled Manual,North America,Spring Valley,California,United States
14039,25038,"Hall, Isabella",Partial College,Skilled Manual,North America,Burien,Washington,United States
14040,25039,"Clark, Alexis",High School,Skilled Manual,North America,Lake Oswego,Oregon,United States
14041,25040,"Perry, Julian",High School,Skilled Manual,North America,Salem,Oregon,United States
14042,25041,"Phillips, Hunter",High School,Skilled Manual,North America,Yakima,Washington,United States
14043,25042,"Rizaldy, Arif",High School,Skilled Manual,North America,Bellflower,California,United States
14044,25043,"Rai, Damien",High School,Skilled Manual,North America,Burlingame,California,United States
14045,25044,"Bailey, Emma",Partial College,Skilled Manual,North America,Woodland Hills,California,United States
14046,25045,"Russell, Paige",High School,Skilled Manual,North America,Bellingham,Washington,United States
14048,25047,"Long, Trevor",Partial College,Professional,North America,Palo Alto,California,United States
14050,25049,"Ye, Candice",Partial College,Professional,North America,Coronado,California,United States
14051,25050,"Chen, Darryl",Partial College,Professional,North America,Coronado,California,United States
14060,25059,"Ward, Sean",Partial College,Professional,North America,Oregon City,Oregon,United States
14061,25060,"Martinez, Noah",Bachelors,Management,North America,Coronado,California,United States
14064,25063,"Williams, Dylan",Partial High School,Skilled Manual,North America,Bellingham,Washington,United States
14065,25064,"Harris, James",Bachelors,Management,North America,Torrance,California,United States
14066,25065,"Henderson, Thomas",Partial High School,Skilled Manual,North America,Seattle,Washington,United States
14068,25067,"Butler, Melanie",Bachelors,Professional,North America,Issaquah,Washington,United States
14069,25068,"Shan, Robert",Bachelors,Skilled Manual,North America,Chula Vista,California,United States
14070,25069,"Ortega, Lori",Bachelors,Skilled Manual,North America,Burien,Washington,United States
14072,25071,"Brooks, Natalie",Bachelors,Skilled Manual,North America,Mill Valley,California,United States
14073,25072,"Murphy, Alyssa",Bachelors,Skilled Manual,North America,Salem,Oregon,United States
14077,25076,"Jenkins, Nicole",Graduate Degree,Professional,North America,Lincoln Acres,California,United States
14078,25077,"Clark, Wyatt",Graduate Degree,Professional,North America,Tacoma,Washington,United States
14079,25078,"Jenkins, James",High School,Skilled Manual,North America,Los Angeles,California,United States
14080,25079,"Perry, Riley",Bachelors,Professional,North America,Port Orchard,Washington,United States
14081,25080,"Long, Marissa",Bachelors,Professional,North America,Burlingame,California,United States
14082,25081,"Morris, Melanie",Bachelors,Professional,North America,Fremont,California,United States
14083,25082,"Martinez, William",High School,Skilled Manual,North America,Berkeley,California,United States
14084,25083,"Gao, Omar",High School,Skilled Manual,North America,Berkeley,California,United States
14085,25084,"James, Dalton",Partial College,Skilled Manual,North America,Woodburn,Oregon,United States
14086,25085,"Rogers, Lucas",Partial College,Skilled Manual,North America,La Jolla,California,United States
14087,25086,"Cox, Jasmine",Partial College,Skilled Manual,North America,Berkeley,California,United States
14088,25087,"Young, Wyatt",Partial College,Skilled Manual,North America,Burien,Washington,United States
14089,25088,"Reed, Victoria",Partial College,Skilled Manual,North America,Long Beach,California,United States
14090,25089,"Xie, Christy",Bachelors,Professional,North America,Burien,Washington,United States
14092,25091,"Zeng, Jessie",Bachelors,Professional,North America,Concord,California,United States
14093,25092,"Jackson, Emily",Partial College,Skilled Manual,North America,Long Beach,California,United States
14097,25096,"Bennett, Victoria",Partial College,Skilled Manual,North America,Bellingham,Washington,United States
14098,25097,"Gonzales, Fernando",Partial College,Skilled Manual,North America,Milwaukie,Oregon,United States
14099,25098,"Long, Logan",Partial College,Skilled Manual,North America,Corvallis,Oregon,United States
14100,25099,"Hayes, Melanie",Partial College,Skilled Manual,North America,Santa Cruz,California,United States
14103,25102,"Kelly, Stephanie",Bachelors,Professional,North America,Berkeley,California,United States
14104,25103,"Brooks, Shelby",Bachelors,Professional,North America,Concord,California,United States
14106,25105,"Nara, Warren",Graduate Degree,Professional,North America,Concord,California,United States
14145,25144,"Fernandez, Johnathan",Partial College,Clerical,Europe,Essen,North Rhine-Westphalia,Germany
14146,25145,"Yang, Clayton",Partial College,Clerical,Europe,Neunkirchen,North Rhine-Westphalia,Germany
14147,25146,"Gonzales, Carson",Partial High School,Skilled Manual,North America,W. Linn,Oregon,United States
14149,25148,"Simmons, Ryan",High School,Professional,North America,Chula Vista,California,United States
14150,25149,"Griffin, Samantha",High School,Professional,North America,Port Orchard,Washington,United States
14151,25150,"Jones, Xavier",Bachelors,Management,North America,Long Beach,California,United States
14152,25151,"Washington, Jasmine",Partial High School,Skilled Manual,North America,Imperial Beach,California,United States
14153,25152,"Sanders, Maria",High School,Professional,North America,La Jolla,California,United States
14154,25153,"Coleman, Ryan",Bachelors,Management,North America,Port Orchard,Washington,United States
14155,25154,"Serrano, Clinton",Bachelors,Management,North America,Burbank,California,United States
14156,25155,"Alonso, Theresa",Bachelors,Management,North America,Concord,California,United States
14157,25156,"Peterson, Catherine",Graduate Degree,Management,North America,Lincoln Acres,California,United States
14159,25158,"Long, Stephanie",Partial College,Professional,North America,Bremerton,Washington,United States
14160,25159,"Cooper, Katelyn",Partial College,Professional,North America,Seattle,Washington,United States
14161,25160,"Stewart, Mackenzie",Partial College,Professional,North America,Tacoma,Washington,United States
14162,25161,"Flores, Isabella",Bachelors,Management,North America,National City,California,United States
14163,25162,"Morris, Bryan",Bachelors,Management,North America,Torrance,California,United States
14164,25163,"Griffin, Natalie",Partial College,Professional,North America,Lakewood,California,United States
14165,25164,"Parker, Isaac",Partial College,Professional,North America,Burbank,California,United States
14166,25165,"Brown, Ashley",Partial College,Professional,North America,Bellflower,California,United States
14167,25166,"Jenkins, Miguel",Partial College,Professional,North America,Newport Beach,California,United States
14168,25167,"Hughes, Elijah",Partial College,Professional,North America,San Carlos,California,United States
14169,25168,"Hernandez, Micheal",Partial High School,Skilled Manual,North America,Berkeley,California,United States
14170,25169,"Peterson, Angel",Graduate Degree,Management,North America,Palo Alto,California,United States
14171,25170,"Walker, Logan",Partial College,Professional,North America,Issaquah,Washington,United States
14172,25171,"Rodriguez, Christopher",Partial College,Professional,North America,Lebanon,Oregon,United States
14173,25172,"Gray, Evan",Bachelors,Management,North America,Oakland,California,United States
14175,25174,"Smith, Monica",Partial College,Professional,North America,Billings,Montana,United States
14176,25175,"Chen, Nathan",Partial College,Professional,North America,Issaquah,Washington,United States
14177,25176,"Flores, Edward",Bachelors,Management,North America,Novato,California,United States
14179,25178,"Kelly, Jasmine",Partial College,Professional,North America,Edmonds,Washington,United States
14180,25179,"Thompson, Miguel",Partial College,Professional,North America,Edmonds,Washington,United States
14181,25180,"Simmons, Ana",High School,Professional,North America,Lynnwood,Washington,United States
14182,25181,"Torres, Jesse",High School,Professional,North America,Portland,Oregon,United States
14183,25182,"Simmons, Natalie",High School,Professional,North America,Salem,Oregon,United States
14184,25183,"Thomas, Michael",High School,Professional,North America,Seattle,Washington,United States
14185,25184,"Tang, Peter",Partial College,Professional,North America,Colma,California,United States
14186,25185,"Reed, Jade",Bachelors,Management,North America,Redwood City,California,United States
14187,25186,"Coleman, Angelica",Partial College,Professional,North America,Santa Monica,California,United States
14188,25187,"Scott, Sydney",Graduate Degree,Management,North America,Oregon City,Oregon,United States
14190,25189,"Hayes, Aidan",Graduate Degree,Management,North America,Bremerton,Washington,United States
14191,25190,"Morris, Allison",Graduate Degree,Management,North America,Woodburn,Oregon,United States
14192,25191,"Gonzales, Austin",Graduate Degree,Management,North America,Mill Valley,California,United States
14193,25192,"Gill, Janet",High School,Professional,North America,Burien,Washington,United States
14194,25193,"Howard, Stephanie",High School,Professional,North America,Lynnwood,Washington,United States
14195,25194,"Bell, Jada",Partial High School,Skilled Manual,North America,Salem,Oregon,United States
14196,25195,"Wilson, Alexandra",Partial High School,Skilled Manual,North America,Concord,California,United States
14198,25197,"Perry, Kyle",High School,Professional,North America,Woodland Hills,California,United States
14199,25198,"Ramirez, Michelle",Partial High School,Skilled Manual,North America,Novato,California,United States
14200,25199,"Griffin, Kyle",Graduate Degree,Management,North America,El Cajon,California,United States
14201,25200,"Williams, Nathan",Partial College,Professional,North America,Spokane,Washington,United States
14202,25201,"Gonzalez, Hunter",Partial College,Professional,North America,Daly City,California,United States
14203,25202,"King, Jonathan",Partial College,Professional,North America,Milwaukie,Oregon,United States
14204,25203,"Wood, Caroline",Partial College,Professional,North America,Bellflower,California,United States
14205,25204,"Barnes, Kelly",Partial College,Professional,North America,Torrance,California,United States
14206,25205,"Jones, John",High School,Professional,North America,Beverly Hills,California,United States
14207,25206,"Bryant, Ryan",High School,Professional,North America,Lakewood,California,United States
14208,25207,"Moore, Destiny",High School,Professional,North America,Redmond,Washington,United States
14209,25208,"Taylor, Daniel",High School,Professional,North America,El Cajon,California,United States
14254,25253,"Miller, Ryan",High School,Skilled Manual,North America,Issaquah,Washington,United States
14255,25254,"She, Krystal",High School,Skilled Manual,North America,Burien,Washington,United States
14256,25255,"Lal, Logan",High School,Skilled Manual,North America,San Francisco,California,United States
14258,25257,"Sanchez, Harold",High School,Skilled Manual,North America,Chula Vista,California,United States
14259,25258,"Vazquez, Micheal",High School,Skilled Manual,North America,Colma,California,United States
14260,25259,"Thomas, Ethan",High School,Skilled Manual,North America,Spokane,Washington,United States
14261,25260,"Howard, Dalton",High School,Skilled Manual,North America,Yakima,Washington,United States
14262,25261,"Phillips, Eduardo",High School,Skilled Manual,North America,Grossmont,California,United States
14265,25264,"Bryant, Wyatt",High School,Skilled Manual,North America,Bellflower,California,United States
14275,25274,"Henderson, Samantha",High School,Skilled Manual,North America,Marysville,Washington,United States
14276,25275,"Watson, Christina",High School,Skilled Manual,North America,Port Orchard,Washington,United States
14277,25276,"Richardson, Mackenzie",Partial College,Skilled Manual,North America,Yakima,Washington,United States
14278,25277,"Fernandez, Jermaine",Partial College,Skilled Manual,North America,Concord,California,United States
14279,25278,"Butler, Brianna",Partial College,Skilled Manual,North America,Downey,California,United States
14280,25279,"Barnes, Jordyn",Partial College,Skilled Manual,North America,Spring Valley,California,United States
14281,25280,"Price, Emily",Partial College,Skilled Manual,North America,Torrance,California,United States
14282,25281,"Allen, Jeremy",High School,Skilled Manual,North America,Renton,Washington,United States
14283,25282,"Perez, Gabriel",Partial College,Skilled Manual,North America,Coronado,California,United States
14284,25283,"Howard, Caitlin",Partial College,Skilled Manual,North America,Los Angeles,California,United States
14285,25284,"Mitchell, Allison",Partial College,Skilled Manual,North America,Downey,California,United States
14286,25285,"Williams, Noah",Partial College,Skilled Manual,North America,Edmonds,Washington,United States
14287,25286,"Powell, Zachary",Bachelors,Management,North America,Torrance,California,United States
14290,25289,"Bradley, Amanda",Bachelors,Management,North America,Oregon City,Oregon,United States
14291,25290,"Mitchell, Jackson",Bachelors,Management,North America,Milwaukie,Oregon,United States
14292,25291,"Griffin, Marissa",Bachelors,Management,North America,Everett,Washington,United States
14293,25292,"Adams, Eduardo",Bachelors,Management,North America,San Diego,California,United States
14294,25293,"Gonzales, Eric",Bachelors,Management,North America,Lake Oswego,Oregon,United States
14298,25297,"Shan, Devon",Partial College,Clerical,Europe,Poing,Bavaria,Germany
14301,25300,"Ashe, Jamie",Partial High School,Manual,Europe,Hanover,Lower Saxony,Germany
14303,25302,"Mehta, Manuel",High School,Manual,Europe,Stuttgart,Baden-Wuerttemberg,Germany
14304,25303,"Hernandez, Jeremiah",High School,Manual,Europe,Hamburg,Hamburg,Germany
14306,25305,"Rodriguez, Ivan",Bachelors,Skilled Manual,Europe,Frankfurt,Hesse,Germany
14307,25306,"Zeng, Glenn",Bachelors,Skilled Manual,Europe,Munich,Bavaria,Germany
14308,25307,"Hernandez, Daisy",Bachelors,Skilled Manual,Europe,Saarlouis,Saar,Germany
14310,25309,"Zhou, Karen",High School,Manual,Europe,Eilenburg,Saxony,Germany
14311,25310,"Kapoor, Janelle",Partial High School,Manual,Europe,Mühlheim am Main,Hesse,Germany
14318,25317,"Garcia, Erick",Partial High School,Manual,Europe,Offenbach am Main,Hesse,Germany
14319,25318,"Wang, Dennis",Partial High School,Manual,Europe,Saarlouis,Saar,Germany
14323,25322,"Perez, Tina",Partial College,Clerical,Europe,Berlin,Berlin,Germany
14324,25323,"Diaz, Lance",Partial College,Clerical,Europe,Hamburg,Hamburg,Germany
14330,25329,"Moreno, Jacquelyn",Partial College,Clerical,North America,Colma,California,United States
14331,25330,"Gonzales, Madison",Graduate Degree,Skilled Manual,North America,Spring Valley,California,United States
14334,25333,"Coleman, Robert",Graduate Degree,Skilled Manual,North America,Beaverton,Oregon,United States
14335,25334,"Gonzales, Marcus",Graduate Degree,Skilled Manual,North America,Edmonds,Washington,United States
14337,25336,"Cook, Chase",Partial High School,Clerical,North America,Edmonds,Washington,United States
14338,25337,"Washington, Megan",Partial High School,Clerical,North America,Milwaukie,Oregon,United States
14339,25338,"Perez, Jason",Partial High School,Clerical,North America,Oregon City,Oregon,United States
14340,25339,"Rivera, Adrian",Partial College,Clerical,North America,Imperial Beach,California,United States
14342,25341,"Cook, Kaitlyn",Partial High School,Clerical,North America,La Jolla,California,United States
14343,25342,"Hill, Seth",Partial High School,Clerical,North America,Marysville,Washington,United States
14344,25343,"Simmons, Carol",Partial High School,Clerical,North America,National City,California,United States
14345,25344,"Baker, Thomas",High School,Clerical,North America,Lynnwood,Washington,United States
14346,25345,"Powell, Olivia",Partial High School,Clerical,North America,Mill Valley,California,United States
14347,25346,"Gonzalez, Ian",Partial High School,Clerical,North America,Olympia,Washington,United States
14349,25348,"Wood, Angela",High School,Skilled Manual,North America,San Carlos,California,United States
14351,25350,"Alonso, Alberto",Partial High School,Clerical,North America,Burbank,California,United States
14352,25351,"Phillips, Jordan",Partial High School,Clerical,North America,Milwaukie,Oregon,United States
14353,25352,"Martinez, Brandon",Partial High School,Clerical,North America,Lake Oswego,Oregon,United States
14354,25353,"Stewart, Caitlin",Partial High School,Clerical,North America,Seattle,Washington,United States
14355,25354,"Hughes, Kevin",Partial High School,Clerical,North America,Woodland Hills,California,United States
14356,25355,"Smith, Richard",Partial High School,Clerical,North America,Edmonds,Washington,United States
14357,25356,"Miller, Jonathan",Partial High School,Clerical,North America,Burien,Washington,United States
14358,25357,"Foster, Marcus",Partial High School,Clerical,North America,Burlingame,California,United States
14359,25358,"Torres, Jade",Partial High School,Clerical,North America,Woodburn,Oregon,United States
14360,25359,"Young, Alex",High School,Skilled Manual,North America,Long Beach,California,United States
14361,25360,"James, Mason",High School,Skilled Manual,North America,Los Angeles,California,United States
14363,25362,"Bailey, Makayla",High School,Skilled Manual,North America,Daly City,California,United States
14365,25364,"Rogers, Isaac",High School,Skilled Manual,North America,Lynnwood,Washington,United States
14366,25365,"Perry, Gabrielle",High School,Skilled Manual,North America,Coronado,California,United States
14367,25366,"Bailey, Eduardo",Partial College,Clerical,North America,Fremont,California,United States
14369,25368,"Baker, Blake",Partial College,Clerical,North America,Seattle,Washington,United States
14370,25369,"Cox, Evan",Partial College,Clerical,North America,Glendale,California,United States
14371,25370,"Bailey, Erin",Partial College,Clerical,North America,Spokane,Washington,United States
14373,25372,"Torres, Carrie",Graduate Degree,Skilled Manual,North America,Chandler,Arizona,United States
14374,25373,"Chande, Nichole",Graduate Degree,Skilled Manual,North America,Colma,California,United States
14375,25374,"Powell, Ana",Graduate Degree,Skilled Manual,North America,Daly City,California,United States
14376,25375,"Flores, Carson",Graduate Degree,Skilled Manual,North America,Spring Valley,California,United States
14377,25376,"Griffin, Alexis",Graduate Degree,Skilled Manual,North America,Mill Valley,California,United States
14378,25377,"Anderson, Lauren",Graduate Degree,Skilled Manual,North America,Daly City,California,United States
14379,25378,"Scott, Gabriella",Graduate Degree,Skilled Manual,North America,Portland,Oregon,United States
14380,25379,"Young, Hailey",Bachelors,Skilled Manual,North America,Bellingham,Washington,United States
14381,25380,"Gonzales, Seth",Graduate Degree,Skilled Manual,North America,Tacoma,Washington,United States
14382,25381,"Li, Dylan",Graduate Degree,Professional,North America,Colma,California,United States
14383,25382,"Hughes, Richard",Graduate Degree,Professional,North America,Concord,California,United States
14384,25383,"Walker, Nathan",Bachelors,Skilled Manual,North America,Issaquah,Washington,United States
14385,25384,"Cooper, Maria",Bachelors,Skilled Manual,North America,Lemon Grove,California,United States
14386,25385,"Torres, Destiny",Bachelors,Skilled Manual,North America,Daly City,California,United States
14412,25411,"Flores, Riley",Bachelors,Professional,North America,Newport Beach,California,United States
14413,25412,"Williams, Michael",Graduate Degree,Professional,North America,Everett,Washington,United States
14414,25413,"Rivera, Zoe",Graduate Degree,Professional,North America,Olympia,Washington,United States
14415,25414,"Bailey, Grace",Graduate Degree,Professional,North America,Coronado,California,United States
14416,25415,"Evans, Aaron",Graduate Degree,Professional,North America,Daly City,California,United States
14417,25416,"Coleman, Jack",Partial High School,Clerical,North America,San Diego,California,United States
14418,25417,"Bell, Savannah",Bachelors,Skilled Manual,North America,Burlingame,California,United States
14419,25418,"Hayes, Alexia",Bachelors,Skilled Manual,North America,Imperial Beach,California,United States
14420,25419,"King, Hunter",Bachelors,Skilled Manual,North America,Bellflower,California,United States
14421,25420,"Scott, Jordan",Bachelors,Skilled Manual,North America,Sedro Woolley,Washington,United States
14422,25421,"Lewis, Marcus",Bachelors,Skilled Manual,North America,Beaverton,Oregon,United States
14423,25422,"King, Elijah",Bachelors,Skilled Manual,North America,Lincoln Acres,California,United States
14424,25423,"Zhou, Jake",Bachelors,Skilled Manual,North America,Colma,California,United States
14425,25424,"Roberts, Ian",Graduate Degree,Professional,North America,Bellingham,Washington,United States
14426,25425,"Diaz, Zachary",Graduate Degree,Professional,North America,Lemon Grove,California,United States
14427,25426,"Foster, Tristan",Graduate Degree,Professional,North America,Chula Vista,California,United States
14428,25427,"Zeng, Omar",Graduate Degree,Professional,North America,Beverly Hills,California,United States
14429,25428,"Jenkins, Victoria",Graduate Degree,Professional,North America,Spokane,Washington,United States
14430,25429,"Rana, Candace",Graduate Degree,Professional,North America,Coronado,California,United States
14431,25430,"Hall, Alyssa",Graduate Degree,Professional,North America,Santa Monica,California,United States
14432,25431,"Sanchez, Ann",Bachelors,Professional,North America,Burlingame,California,United States
14433,25432,"Gomez, Kellie",Bachelors,Professional,North America,Camarillo,California,United States
14435,25434,"Hill, Gabriel",Bachelors,Skilled Manual,North America,Concord,California,United States
14436,25435,"Turner, Jennifer",Bachelors,Skilled Manual,North America,Everett,Washington,United States
14437,25436,"Ross, Destiny",Bachelors,Skilled Manual,North America,Newport Beach,California,United States
14439,25438,"Murphy, Lauren",Bachelors,Skilled Manual,North America,Spokane,Washington,United States
14440,25439,"Arthur, Janelle",Bachelors,Skilled Manual,North America,Chula Vista,California,United States
14441,25440,"Gonzalez, Andre",Bachelors,Skilled Manual,North America,Concord,California,United States
14442,25441,"Torres, Isabella",Bachelors,Skilled Manual,North America,National City,California,United States
14444,25443,"Huang, Stacey",Graduate Degree,Clerical,Europe,Berlin,Berlin,Germany
14445,25444,"Martinez, Meagan",Graduate Degree,Clerical,Europe,Frankfurt,Hesse,Germany
14446,25445,"Cook, Grace",Graduate Degree,Clerical,Europe,Saarlouis,Saar,Germany
14450,25449,"Dominguez, Marvin",Partial High School,Manual,Europe,Kassel,Hesse,Germany
14451,25450,"Deng, Darrell",Partial College,Manual,Europe,Stuttgart,Baden-Wuerttemberg,Germany
14452,25451,"Subram, Geoffrey",Partial College,Manual,Europe,Frankfurt,Hesse,Germany
14456,25455,"Zheng, Jorge",Partial High School,Manual,Europe,Frankfurt,Hesse,Germany
14460,25459,"Vance, Ronald",High School,Manual,Europe,Munich,Bavaria,Germany
14461,25460,"Andersen, Alisha",High School,Manual,Europe,Dresden,Saxony,Germany
14463,25462,"Gray, Angel",Bachelors,Clerical,Europe,Kassel,Hesse,Germany
14469,25468,"Suarez, Krista",High School,Manual,Europe,Munich,Bavaria,Germany
14473,25472,"Malhotra, Don",Bachelors,Skilled Manual,Europe,Leipzig,Saxony,Germany
14487,25486,"Rodriguez, Edgar",Partial College,Clerical,Europe,Saarbrücken,Saar,Germany
14488,25487,"Rogers, Allison",Partial College,Clerical,Europe,Hof,Bavaria,Germany
14493,25492,"Sanchez, Gabriella",Bachelors,Skilled Manual,Europe,Werne,North Rhine-Westphalia,Germany
14498,25497,"Torres, Marcus",Bachelors,Skilled Manual,Europe,Erlangen,Bavaria,Germany
14499,25498,"Kapoor, Shane",Bachelors,Skilled Manual,Europe,Frankfurt,Hesse,Germany
14505,25504,"Sutton, Calvin",Partial College,Clerical,Europe,Bonn,North Rhine-Westphalia,Germany
14509,25508,"Cook, Melissa",Partial College,Clerical,Europe,Hamburg,Hamburg,Germany
14510,25509,"Hayes, Lucas",Partial College,Clerical,Europe,Werne,North Rhine-Westphalia,Germany
14517,25516,"Hernandez, Cheryl",Partial High School,Manual,Europe,Sulzbach Taunus,Saar,Germany
14522,25521,"Sanchez, Douglas",Partial High School,Manual,Europe,Berlin,Berlin,Germany
14523,25522,"Anand, Casey",Partial College,Clerical,Europe,Frankfurt,Hesse,Germany
14525,25524,"Anand, Shaun",Partial High School,Manual,Europe,Hanover,Lower Saxony,Germany
14526,25525,"Srini, Heidi",Partial College,Clerical,Europe,Berlin,Berlin,Germany
14527,25526,"Rubio, Armando",Partial College,Clerical,Europe,Stuttgart,Baden-Wuerttemberg,Germany
14529,25528,"Butler, Alexandria",Partial College,Clerical,Europe,Ingolstadt,Bavaria,Germany
14530,25529,"Sanders, Jared",Graduate Degree,Manual,Europe,Erlangen,Bavaria,Germany
14531,25530,"Lopez, Gerald",Graduate Degree,Manual,Europe,Munster,North Rhine-Westphalia,Germany
14534,25533,"Huang, Suzanne",Bachelors,Manual,Europe,Berlin,Berlin,Germany
14537,25536,"Sai, Rebekah",Graduate Degree,Clerical,Europe,Stuttgart,Baden-Wuerttemberg,Germany
14542,25541,"Hernandez, Gary",Bachelors,Manual,Europe,Paderborn,North Rhine-Westphalia,Germany
14544,25543,"Chen, Ramon",Partial College,Manual,Europe,Essen,North Rhine-Westphalia,Germany
14549,25548,"Yuan, Colleen",Bachelors,Clerical,Europe,Bottrop,North Rhine-Westphalia,Germany
14551,25550,"Munoz, Krista",Partial College,Manual,Europe,Dusseldorf,North Rhine-Westphalia,Germany
14552,25551,"Torres, Ross",Partial College,Manual,Europe,Erlangen,Bavaria,Germany
14553,25552,"Ward, Riley",Bachelors,Clerical,Europe,Werne,North Rhine-Westphalia,Germany
14572,25571,"Lopez, Richard",Bachelors,Clerical,Europe,Neunkirchen,North Rhine-Westphalia,Germany
14576,25575,"Campbell, Elijah",Graduate Degree,Clerical,Europe,Werne,North Rhine-Westphalia,Germany
14582,25581,"Bryant, Kayla",Partial College,Manual,Europe,Solingen,North Rhine-Westphalia,Germany
14584,25583,"Arthur, Carolyn",Partial College,Manual,Europe,Offenbach am Main,Hesse,Germany
14588,25587,"Young, Isaiah",Bachelors,Clerical,Europe,Ingolstadt,Bavaria,Germany
14590,25589,"Perez, Lydia",Bachelors,Clerical,Europe,Solingen,North Rhine-Westphalia,Germany
14591,25590,"Gill, Naomi",Partial College,Manual,Europe,Poing,Bavaria,Germany
14592,25591,"Ray, Preston",Partial College,Manual,Europe,Sulzbach Taunus,Saar,Germany
14596,25595,"Rowe, Larry",Bachelors,Clerical,Europe,Erlangen,Bavaria,Germany
14597,25596,"Moreno, Cheryl",Bachelors,Clerical,Europe,Grevenbroich,North Rhine-Westphalia,Germany
14598,25597,"She, Alan",Bachelors,Clerical,Europe,Poing,Bavaria,Germany
14602,25601,"Morgan, Grace",Bachelors,Clerical,Europe,Solingen,North Rhine-Westphalia,Germany
14603,25602,"Sara, Jermaine",Graduate Degree,Skilled Manual,Europe,Frankfurt,Hesse,Germany
14611,25610,"Zhao, Brittney",High School,Manual,Europe,Kassel,Hesse,Germany
14619,25618,"Hernandez, Albert",Bachelors,Clerical,Europe,Salzgitter,Lower Saxony,Germany
14623,25622,"Hill, Mary",Bachelors,Management,North America,Corvallis,Oregon,United States
14624,25623,"Oliver, Maria",Bachelors,Management,North America,Corvallis,Oregon,United States
14625,25624,"Scott, Mary",Bachelors,Management,North America,Renton,Washington,United States
14626,25625,"Cai, Krystal",Partial High School,Manual,Europe,Hamburg,Hamburg,Germany
14630,25629,"Serrano, Micheal",Partial High School,Manual,Europe,Erlangen,Bavaria,Germany
14634,25633,"Sutton, Tara",Bachelors,Skilled Manual,Europe,Munich,Bavaria,Germany
14636,25635,"Zhao, Warren",Bachelors,Professional,Europe,Hanover,Lower Saxony,Germany
14641,25640,"Zhao, Candice",Partial College,Clerical,Europe,Erlangen,Bavaria,Germany
14646,25645,"Shen, Tommy",Partial College,Clerical,Europe,Berlin,Berlin,Germany
14651,25650,"Srini, Jillian",Partial College,Clerical,Europe,Berlin,Berlin,Germany
14652,25651,"Yuan, Alvin",Bachelors,Skilled Manual,Europe,Hof,Bavaria,Germany
14654,25653,"Gao, Alan",High School,Manual,Europe,Frankfurt,Hesse,Germany
14659,25658,"Dominguez, Ricky",Bachelors,Skilled Manual,Europe,Berlin,Berlin,Germany
14665,25664,"Hu, Jon",Partial College,Clerical,Europe,Offenbach am Main,Hesse,Germany
14668,25667,"Gao, Jaclyn",Partial College,Clerical,Europe,Mühlheim am Main,Hesse,Germany
14672,25671,"Arun, Brett",High School,Manual,Europe,Bonn,North Rhine-Westphalia,Germany
14675,25674,"Navarro, Reginald",Partial College,Clerical,Europe,Munich,Bavaria,Germany
14679,25678,"Yang, Erica",Partial High School,Manual,Europe,Frankfurt,Hesse,Germany
14681,25680,"Subram, Manuel",Partial College,Clerical,Europe,Berlin,Berlin,Germany
14682,25681,"Serrano, Melinda",Partial College,Clerical,Europe,Bottrop,North Rhine-Westphalia,Germany
14685,25684,"Sanchez, Jermaine",Graduate Degree,Manual,Europe,Saarbrücken,Saar,Germany
14686,25685,"Liu, Barbara",Bachelors,Manual,Europe,Werne,North Rhine-Westphalia,Germany
14692,25691,"Black, Mitchell",Graduate Degree,Clerical,Europe,Hof,Bavaria,Germany
14703,25702,"Lopez, Evelyn",Partial College,Manual,Europe,Essen,North Rhine-Westphalia,Germany
14720,25719,"Diaz, Kristine",Partial College,Manual,Europe,Berlin,Berlin,Germany
14721,25720,"Garcia, Ronald",Partial College,Manual,Europe,Munich,Bavaria,Germany
14725,25724,"Fernandez, Tabitha",Graduate Degree,Clerical,Europe,Eilenburg,Saxony,Germany
14726,25725,"Lal, Chad",Graduate Degree,Clerical,Europe,Sulzbach Taunus,Saar,Germany
14730,25729,"Kapoor, Tabitha",Partial College,Manual,Europe,Darmstadt,Hesse,Germany
14731,25730,"Simmons, Isabelle",Partial College,Manual,Europe,Frankfurt,Hesse,Germany
14735,25734,"Zheng, Alvin",Graduate Degree,Clerical,Europe,Berlin,Berlin,Germany
14736,25735,"Wu, Suzanne",Graduate Degree,Clerical,Europe,Bonn,North Rhine-Westphalia,Germany
14737,25736,"Stone, Darrell",Bachelors,Clerical,Europe,Stuttgart,Baden-Wuerttemberg,Germany
14738,25737,"Liu, Marshall",Graduate Degree,Clerical,Europe,Dusseldorf,North Rhine-Westphalia,Germany
14739,25738,"Ruiz, Jacquelyn",Bachelors,Clerical,Europe,Mühlheim am Main,Hesse,Germany
14743,25742,"He, Tamara",High School,Manual,Europe,Leipzig,Saxony,Germany
14745,25744,"Griffin, Gabriel",Bachelors,Clerical,Europe,Neunkirchen,North Rhine-Westphalia,Germany
14746,25745,"Arun, Mayra",Partial College,Manual,Europe,Hamburg,Hamburg,Germany
14752,25751,"Alvarez, Gina",Graduate Degree,Skilled Manual,Europe,Frankfurt,Hesse,Germany
14755,25754,"Sharma, Calvin",High School,Manual,Europe,Paderborn,North Rhine-Westphalia,Germany
14757,25756,"Malhotra, Cassandra",Partial College,Manual,Europe,Berlin,Berlin,Germany
14759,25758,"Gutierrez, Leslie",Partial College,Manual,Europe,Hamburg,Hamburg,Germany
14763,25762,"Fernandez, Stefanie",Bachelors,Clerical,Europe,Berlin,Berlin,Germany
14764,25763,"Johnson, Hannah",Partial College,Skilled Manual,North America,Bremerton,Washington,United States
14765,25764,"Price, Alexandria",Partial College,Skilled Manual,North America,Bremerton,Washington,United States
14766,25765,"Watson, Natalie",Bachelors,Management,North America,Lebanon,Oregon,United States
14767,25766,"Kelly, Allison",Bachelors,Management,North America,Seattle,Washington,United States
14768,25767,"Hill, Bailey",Bachelors,Management,North America,Tacoma,Washington,United States
14769,25768,"Ruiz, Tyrone",High School,Professional,Europe,Berlin,Berlin,Germany
14770,25769,"Rubio, Gerald",Partial College,Professional,Europe,Frankfurt,Hesse,Germany
14772,25771,"Rivera, Gabriella",High School,Professional,Europe,Hamburg,Hamburg,Germany
14773,25772,"Kapoor, Harold",High School,Professional,Europe,Munich,Bavaria,Germany
14774,25773,"Simmons, Jack",High School,Professional,Europe,Paderborn,North Rhine-Westphalia,Germany
14780,25779,"Cai, Marshall",Partial College,Professional,Europe,Saarbrücken,Saar,Germany
14781,25780,"Gill, Dana",Partial College,Professional,Europe,Leipzig,Saxony,Germany
14789,25788,"Yuan, Nichole",Partial College,Professional,Europe,Frankfurt,Hesse,Germany
14793,25792,"Gonzales, Alyssa",Bachelors,Management,Europe,Darmstadt,Hesse,Germany
14794,25793,"Rana, Ann",Partial College,Professional,Europe,Hanover,Lower Saxony,Germany
14795,25794,"Tang, Kristin",High School,Professional,Europe,Dusseldorf,North Rhine-Westphalia,Germany
14796,25795,"Gomez, Marie",Partial College,Professional,Europe,Neunkirchen,North Rhine-Westphalia,Germany
14803,25802,"He, Clayton",Partial College,Management,Europe,Hof,Bavaria,Germany
14804,25803,"Xu, Gregory",High School,Management,Europe,Kassel,Hesse,Germany
14834,25833,"Hernandez, Sabrina",High School,Professional,North America,Beaverton,Oregon,United States
14835,25834,"Davis, Jeremy",High School,Professional,North America,Lemon Grove,California,United States
14836,25835,"Flores, Destiny",High School,Professional,North America,Santa Cruz,California,United States
14857,25856,"Sharma, Benjamin",High School,Professional,North America,Chula Vista,California,United States
14858,25857,"Perry, Abigail",Partial High School,Clerical,North America,W. Linn,Oregon,United States
14859,25858,"Gonzales, Mariah",Partial High School,Clerical,North America,Milwaukie,Oregon,United States
14860,25859,"Peterson, Mackenzie",Partial High School,Clerical,North America,Lake Oswego,Oregon,United States
14861,25860,"Thomas, Justin",Partial High School,Clerical,North America,Burbank,California,United States
14862,25861,"Cooper, Garrett",Partial High School,Skilled Manual,North America,Woodland Hills,California,United States
14863,25862,"Bell, Jared",Partial High School,Skilled Manual,North America,Coronado,California,United States
14866,25865,"Butler, Tristan",High School,Professional,North America,Kirkland,Washington,United States
14867,25866,"Perry, Tristan",High School,Professional,North America,W. Linn,Oregon,United States
14868,25867,"Carter, Carlos",Bachelors,Management,North America,Woodland Hills,California,United States
14869,25868,"Lewis, Jessica",Bachelors,Management,North America,Woodland Hills,California,United States
14870,25869,"Parker, Lucas",High School,Professional,North America,Redmond,Washington,United States
14871,25870,"Gonzales, Edward",High School,Professional,North America,Lebanon,Oregon,United States
14872,25871,"Nelson, Jason",High School,Professional,North America,Issaquah,Washington,United States
14873,25872,"Ross, Melanie",Bachelors,Management,North America,Sedro Woolley,Washington,United States
14875,25874,"Hall, Jessica",Bachelors,Management,North America,Olympia,Washington,United States
14877,25876,"King, Noah",Partial College,Professional,North America,Walla Walla,Washington,United States
14878,25877,"Price, Alyssa",Partial College,Professional,North America,Walla Walla,Washington,United States
14879,25878,"Simmons, Brianna",Bachelors,Management,North America,Los Angeles,California,United States
14880,25879,"Wood, Alyssa",Bachelors,Management,North America,Mill Valley,California,United States
14881,25880,"Kumar, Jackson",Bachelors,Management,North America,Redwood City,California,United States
14882,25881,"Clark, Jennifer",Bachelors,Management,North America,San Carlos,California,United States
14883,25882,"Roberts, Edward",Bachelors,Management,North America,San Diego,California,United States
14887,25886,"Rogers, Rachel",Partial College,Professional,North America,Marysville,Washington,United States
14888,25887,"Collins, Jack",Partial College,Professional,North America,Puyallup,Washington,United States
14889,25888,"Edwards, Morgan",Partial College,Professional,North America,Tacoma,Washington,United States
14890,25889,"Munoz, Reginald",Partial College,Professional,North America,Burbank,California,United States
14891,25890,"Brown, Chloe",Partial College,Professional,North America,Burlingame,California,United States
14892,25891,"Johnson, Brandon",Bachelors,Management,North America,Woodland Hills,California,United States
14894,25893,"Alexander, Alexia",High School,Professional,North America,Bremerton,Washington,United States
14895,25894,"Zeng, Steve",Partial College,Professional,North America,Burbank,California,United States
14896,25895,"Richardson, Jesse",Partial High School,Skilled Manual,North America,Oregon City,Oregon,United States
14897,25896,"Coleman, Marissa",High School,Professional,North America,Corvallis,Oregon,United States
14898,25897,"Bailey, Kimberly",High School,Professional,North America,San Diego,California,United States
14899,25898,"Cai, Brittney",High School,Professional,North America,Ballard,Washington,United States
14900,25899,"Rogers, Caitlin",High School,Professional,North America,Imperial Beach,California,United States
14901,25900,"Sanders, Haley",Partial High School,Skilled Manual,North America,Olympia,Washington,United States
14902,25901,"Harris, Lucas",Partial High School,Skilled Manual,North America,Long Beach,California,United States
14903,25902,"Li, Cameron",Partial High School,Skilled Manual,North America,Redmond,Washington,United States
14904,25903,"Rai, Marshall",Partial High School,Skilled Manual,North America,Bellingham,Washington,United States
14905,25904,"Collins, Ian",High School,Professional,North America,Issaquah,Washington,United States
14906,25905,"Hayes, Nathan",Partial High School,Skilled Manual,North America,Mill Valley,California,United States
14909,25908,"Long, Melissa",Partial College,Skilled Manual,North America,Long Beach,California,United States
14910,25909,"James, Chase",Partial College,Skilled Manual,North America,National City,California,United States
14911,25910,"Miller, Natalie",Partial College,Skilled Manual,North America,National City,California,United States
14915,25914,"Hughes, Seth",Partial College,Skilled Manual,North America,Seattle,Washington,United States
14916,25915,"Bryant, Paige",Partial College,Skilled Manual,North America,Seattle,Washington,United States
14917,25916,"Serrano, Naomi",Partial College,Skilled Manual,North America,Burbank,California,United States
14918,25917,"Long, Kyle",Partial College,Skilled Manual,North America,El Cajon,California,United States
14925,25924,"Robinson, Hannah",Partial College,Skilled Manual,North America,Redwood City,California,United States
14930,25929,"Gray, Alexandra",Partial College,Skilled Manual,North America,Lynnwood,Washington,United States
14931,25930,"Harris, Ethan",Partial College,Skilled Manual,North America,Lynnwood,Washington,United States
14932,25931,"Henderson, Ryan",Partial College,Skilled Manual,North America,Port Orchard,Washington,United States
14933,25932,"Rodriguez, Marcus",Partial College,Skilled Manual,North America,Portland,Oregon,United States
14934,25933,"Stewart, Dalton",Partial College,Skilled Manual,North America,Fremont,California,United States
14935,25934,"King, Luke",Partial College,Skilled Manual,North America,Lincoln Acres,California,United States
14943,25942,"Brooks, Brianna",Partial College,Skilled Manual,North America,San Diego,California,United States
14944,25943,"McDonald, Brianna",Partial College,Skilled Manual,North America,Novato,California,United States
14951,25950,"Kumar, Kyle",High School,Skilled Manual,North America,Marysville,Washington,United States
14952,25951,"Anderson, Anthony",High School,Skilled Manual,North America,Beverly Hills,California,United States
14953,25952,"Alonso, Jon",High School,Skilled Manual,North America,Colma,California,United States
14954,25953,"Butler, Hunter",High School,Skilled Manual,North America,Concord,California,United States
14955,25954,"Carter, Noah",Partial College,Skilled Manual,North America,San Gabriel,California,United States
14956,25955,"Robinson, Anna",Partial College,Skilled Manual,North America,Santa Monica,California,United States
14957,25956,"Ramirez, Charles",High School,Skilled Manual,North America,Corvallis,Oregon,United States
14958,25957,"Washington, Stephanie",Partial College,Professional,North America,Woodland Hills,California,United States
14960,25959,"Hall, Katherine",Partial College,Professional,North America,Lemon Grove,California,United States
14963,25962,"Jenkins, Jordyn",Bachelors,Management,North America,Lynnwood,Washington,United States
14964,25963,"Morris, Charles",Partial College,Professional,North America,Kirkland,Washington,United States
14965,25964,"Winston, Christopher",Partial College,Professional,North America,Lake Oswego,Oregon,United States
14966,25965,"Roberts, Andrea",Graduate Degree,Management,North America,Newport Beach,California,United States
14967,25966,"Watson, Alex",Graduate Degree,Management,North America,San Diego,California,United States
14968,25967,"Martinez, Alexis",Partial High School,Skilled Manual,North America,Mill Valley,California,United States
14969,25968,"Powell, Benjamin",Bachelors,Skilled Manual,North America,Oregon City,Oregon,United States
14970,25969,"Parker, Jason",Bachelors,Skilled Manual,North America,Glendale,California,United States
14971,25970,"James, Hailey",Bachelors,Skilled Manual,North America,Edmonds,Washington,United States
14973,25972,"Henderson, Jocelyn",Bachelors,Professional,North America,W. Linn,Oregon,United States
14974,25973,"Griffin, Mariah",Bachelors,Professional,North America,Lebanon,Oregon,United States
14975,25974,"Jai, Noah",Bachelors,Professional,North America,Glendale,California,United States
14976,25975,"Gutierrez, Ebony",Bachelors,Professional,North America,Bremerton,Washington,United States
14977,25976,"Coleman, Hunter",Bachelors,Professional,North America,El Cajon,California,United States
14978,25977,"Lopez, Jenna",Graduate Degree,Professional,North America,Woodland Hills,California,United States
14979,25978,"Perez, Morgan",Bachelors,Professional,North America,La Jolla,California,United States
14980,25979,"Edwards, Miguel",Bachelors,Professional,North America,Beaverton,Oregon,United States
14981,25980,"Jones, Julia",Bachelors,Professional,North America,Renton,Washington,United States
14983,25982,"Phillips, Rebecca",Bachelors,Professional,North America,Yakima,Washington,United States
14984,25983,"Alexander, Jack",Bachelors,Professional,North America,Oregon City,Oregon,United States
14985,25984,"Wright, Isabella",Graduate Degree,Professional,North America,Lemon Grove,California,United States
14986,25985,"Harris, Justin",Graduate Degree,Professional,North America,Novato,California,United States
14987,25986,"Bryant, Isabel",Graduate Degree,Professional,North America,Sedro Woolley,Washington,United States
14988,25987,"Kumar, Hunter",High School,Skilled Manual,North America,Bellflower,California,United States
14989,25988,"Muñoz, Victor",High School,Skilled Manual,North America,Beaverton,Oregon,United States
14991,25990,"Parker, Jenna",Bachelors,Professional,North America,Portland,Oregon,United States
14994,25993,"Chandra, Heidi",High School,Skilled Manual,North America,Bellingham,Washington,United States
14995,25994,"Garcia, Richard",High School,Skilled Manual,North America,W. Linn,Oregon,United States
14997,25996,"Murphy, Faith",Partial College,Skilled Manual,North America,West Covina,California,United States
14998,25997,"Wright, Katherine",Partial College,Skilled Manual,North America,Mill Valley,California,United States
14999,25998,"Rivera, Richard",Partial College,Skilled Manual,North America,Redmond,Washington,United States
15001,26000,"Lopez, Connor",Bachelors,Professional,North America,Santa Monica,California,United States
15002,26001,"Lee, Nicholas",Partial College,Skilled Manual,North America,Corvallis,Oregon,United States
15003,26002,"Walker, Samuel",Partial College,Skilled Manual,North America,Salem,Oregon,United States
15004,26003,"Subram, Denise",Graduate Degree,Professional,North America,Chula Vista,California,United States
15005,26004,"Washington, Arthur",Partial College,Skilled Manual,North America,Oakland,California,United States
15006,26005,"Clark, Elizabeth",Partial College,Skilled Manual,North America,Portland,Oregon,United States
15007,26006,"Peterson, Garrett",Bachelors,Professional,North America,Ballard,Washington,United States
15008,26007,"Morgan, Jesse",Bachelors,Professional,North America,Novato,California,United States
15009,26008,"Gonzales, Jennifer",Graduate Degree,Professional,North America,Downey,California,United States
15010,26009,"Foster, Luis",Graduate Degree,Professional,North America,Downey,California,United States
15011,26010,"Campbell, Morgan",Graduate Degree,Professional,North America,Bremerton,Washington,United States
15012,26011,"Yanagishima, Daisuke",Graduate Degree,Professional,North America,Burlingame,California,United States
15013,26012,"Bebbington, Mark",Partial College,Skilled Manual,North America,National City,California,United States
15015,26014,"Torres, Olivia",Bachelors,Professional,North America,Palo Alto,California,United States
15016,26015,"Chow, Gabriel",Bachelors,Professional,North America,La Jolla,California,United States
15017,26016,"King, Fernando",Bachelors,Professional,North America,Berkeley,California,United States
15018,26017,"Alonso, Derrick",Graduate Degree,Professional,North America,Burbank,California,United States
15019,26018,"Thompson, Zachary",Graduate Degree,Professional,North America,Lynnwood,Washington,United States
15039,26038,"Flores, Nicole",Partial College,Clerical,Europe,Werne,North Rhine-Westphalia,Germany
15040,26039,"Garcia, Robert",High School,Professional,North America,W. Linn,Oregon,United States
15042,26041,"Torres, Gloria",Partial College,Professional,North America,Bellingham,Washington,United States
15043,26042,"Griffin, Devin",Partial College,Professional,North America,Long Beach,California,United States
15044,26043,"Becker, Jodi",Partial High School,Skilled Manual,North America,Bremerton,Washington,United States
15045,26044,"Hughes, Gavin",Partial High School,Skilled Manual,North America,San Gabriel,California,United States
15046,26045,"Jenkins, Samuel",Partial High School,Skilled Manual,North America,Milwaukie,Oregon,United States
15047,26046,"Kumar, Kara",Partial High School,Skilled Manual,North America,Bellflower,California,United States
15048,26047,"Hall, Ashley",Partial High School,Skilled Manual,North America,Issaquah,Washington,United States
15049,26048,"Oliver, Brad",High School,Professional,North America,Concord,California,United States
15051,26050,"Ye, Clarence",High School,Professional,North America,Bremerton,Washington,United States
15053,26052,"Subram, Carolyn",Partial College,Professional,North America,Burien,Washington,United States
15054,26053,"Anderson, Austin",Bachelors,Management,North America,Edmonds,Washington,United States
15055,26054,"Lee, Dylan",Bachelors,Management,North America,Marysville,Washington,United States
15056,26055,"Foster, Ethan",Partial College,Professional,North America,Yakima,Washington,United States
15057,26056,"Zeng, Karen",Partial College,Professional,North America,Bellflower,California,United States
15058,26057,"Subram, Barry",Bachelors,Management,North America,Burbank,California,United States
15059,26058,"Stewart, Faith",Bachelors,Management,North America,Downey,California,United States
15060,26059,"Anderson, Andrew",Graduate Degree,Management,North America,Palo Alto,California,United States
15061,26060,"Edwards, Kyle",Graduate Degree,Management,North America,San Gabriel,California,United States
15062,26061,"Butler, Connor",Graduate Degree,Management,North America,Woodland Hills,California,United States
15063,26062,"Raji, Chad",Partial College,Professional,North America,Ballard,Washington,United States
15064,26063,"Lu, Wesley",Partial College,Professional,North America,Bellingham,Washington,United States
15065,26064,"Scott, Logan",Partial College,Professional,North America,Spokane,Washington,United States
15066,26065,"Powell, Chloe",Bachelors,Management,North America,Berkeley,California,United States
15067,26066,"Martinez, Elizabeth",Partial College,Professional,North America,Berkeley,California,United States
15068,26067,"Morgan, Erin",Partial College,Professional,North America,Lemon Grove,California,United States
15069,26068,"Patterson, Dylan",Partial College,Professional,North America,Olympia,Washington,United States
15071,26070,"Patterson, Elijah",Partial College,Professional,North America,Bellflower,California,United States
15072,26071,"Henderson, Brittany",Partial High School,Skilled Manual,North America,Concord,California,United States
15073,26072,"Zhang, Kelli",Partial High School,Skilled Manual,North America,Beverly Hills,California,United States
15076,26075,"Walker, Jessica",Partial College,Professional,North America,Walla Walla,Washington,United States
15079,26078,"Dominguez, Alberto",Partial College,Professional,North America,Bellingham,Washington,United States
15080,26079,"Robinson, Ryan",Partial College,Professional,North America,Bellingham,Washington,United States
15081,26080,"Roberts, Sydney",Partial College,Professional,North America,Everett,Washington,United States
15082,26081,"Green, Edward",Partial College,Professional,North America,Seattle,Washington,United States
15083,26082,"Johnson, Christian",Bachelors,Management,North America,Lemon Grove,California,United States
15084,26083,"Smith, Alyssa",Partial College,Professional,North America,San Gabriel,California,United States
15085,26084,"Jenkins, Luke",Bachelors,Management,North America,Spring Valley,California,United States
15087,26086,"Cox, Sean",Partial College,Professional,North America,Issaquah,Washington,United States
15088,26087,"Price, Ashley",High School,Professional,North America,Milwaukie,Oregon,United States
15089,26088,"Perry, Ethan",High School,Professional,North America,Seattle,Washington,United States
15090,26089,"Rai, Terry",Bachelors,Management,North America,Bellflower,California,United States
15091,26090,"Moreno, Mathew",Bachelors,Management,North America,Bellflower,California,United States
15092,26091,"Bennett, Chloe",Bachelors,Management,North America,Santa Monica,California,United States
15093,26092,"Morgan, Devin",Partial High School,Skilled Manual,North America,Bellingham,Washington,United States
15094,26093,"Washington, Nicole",High School,Professional,North America,El Cajon,California,United States
15095,26094,"Butler, Sarah",High School,Professional,North America,Oakland,California,United States
15097,26096,"Wright, Kevin",High School,Professional,North America,Burbank,California,United States
15098,26097,"Flores, Robert",Graduate Degree,Management,North America,San Francisco,California,United States
15099,26098,"Lee, Daniel",Graduate Degree,Management,North America,West Covina,California,United States
15102,26101,"Smith, Phillip",Graduate Degree,Management,North America,Bellingham,Washington,United States
15103,26102,"Wood, Ana",High School,Professional,North America,Beaverton,Oregon,United States
15104,26103,"Yang, Jack",High School,Professional,North America,Edmonds,Washington,United States
15105,26104,"Edwards, Timothy",Partial College,Professional,North America,Portland,Oregon,United States
15106,26105,"Gonzales, Morgan",Partial College,Professional,North America,Colma,California,United States
15107,26106,"King, Connor",High School,Professional,North America,Los Angeles,California,United States
15108,26107,"Thomas, Alexis",Bachelors,Management,North America,Newport Beach,California,United States
15109,26108,"Thompson, Dylan",Graduate Degree,Management,North America,San Gabriel,California,United States
15110,26109,"Rodriguez, Dalton",Partial High School,Skilled Manual,North America,San Diego,California,United States
15111,26110,"Alexander, James",High School,Professional,North America,Burien,Washington,United States
15112,26111,"Coleman, Sarah",High School,Professional,North America,Long Beach,California,United States
15113,26112,"Perry, Luke",Graduate Degree,Management,North America,Walla Walla,Washington,United States
15115,26114,"Peterson, Isaac",Graduate Degree,Management,North America,Berkeley,California,United States
15117,26116,"Martin, Ashley",Graduate Degree,Management,North America,Ballard,Washington,United States
15118,26117,"Wright, Samuel",Partial College,Professional,North America,Chula Vista,California,United States
15119,26118,"Butler, Ashley",Partial College,Professional,North America,Oakland,California,United States
15120,26119,"Gray, Danielle",Partial College,Professional,North America,Beverly Hills,California,United States
15121,26120,"Lewis, Miguel",Partial College,Professional,North America,Chula Vista,California,United States
15122,26121,"Nelson, Madeline",Partial College,Professional,North America,Novato,California,United States
15123,26122,"Gonzales, Lauren",Partial College,Professional,North America,Los Angeles,California,United States
15124,26123,"Scott, Isabella",Partial College,Professional,North America,National City,California,United States
15125,26124,"James, Riley",Partial College,Professional,North America,Concord,California,United States
15126,26125,"Roberts, Sara",Partial College,Professional,North America,Spokane,Washington,United States
15127,26126,"Bell, Alexandra",High School,Professional,North America,Los Angeles,California,United States
15128,26127,"Chander, Terry",High School,Professional,North America,Bellevue,Washington,United States
15129,26128,"Phillips, Samuel",High School,Professional,North America,Oakland,California,United States
15169,26168,"Campbell, Ian",High School,Skilled Manual,North America,Edmonds,Washington,United States
15170,26169,"White, Alexandra",High School,Skilled Manual,North America,San Carlos,California,United States
15171,26170,"Jenkins, Jeremiah",High School,Skilled Manual,North America,San Gabriel,California,United States
15172,26171,"Ruiz, Randall",High School,Skilled Manual,North America,Concord,California,United States
15173,26172,"Hernandez, Madeline",High School,Skilled Manual,North America,Beverly Hills,California,United States
15175,26174,"Adams, Isaac",High School,Skilled Manual,North America,Salem,Oregon,United States
15176,26175,"Hughes, Jose",High School,Skilled Manual,North America,Lake Oswego,Oregon,United States
15179,26178,"Price, Paige",High School,Skilled Manual,North America,Woodburn,Oregon,United States
15182,26181,"Ross, Lucas",High School,Skilled Manual,North America,Everett,Washington,United States
15184,26183,"Arthur, Allen",Partial High School,Clerical,North America,Bellflower,California,United States
15185,26184,"Lal, Louis",Partial High School,Clerical,North America,Bremerton,Washington,United States
15194,26193,"Edwards, Luis",Partial College,Skilled Manual,North America,Beverly Hills,California,United States
15195,26194,"Brown, Miguel",Partial College,Skilled Manual,North America,Downey,California,United States
15196,26195,"Rivera, Alyssa",Partial College,Skilled Manual,North America,National City,California,United States
15197,26196,"Griffin, Gavin",High School,Skilled Manual,North America,Imperial Beach,California,United States
15198,26197,"Lopez, Marcus",Partial College,Skilled Manual,North America,Burien,Washington,United States
15199,26198,"Taylor, Alyssa",Partial College,Skilled Manual,North America,Lincoln Acres,California,United States
15200,26199,"White, Matthew",Partial College,Skilled Manual,North America,Woodland Hills,California,United States
15202,26201,"Watson, Dalton",Bachelors,Management,North America,Santa Monica,California,United States
15204,26203,"Hall, Nicole",Bachelors,Management,North America,Imperial Beach,California,United States
15210,26209,"Cox, Jan",Partial High School,Manual,Europe,Solingen,North Rhine-Westphalia,Germany
15213,26212,"Martinez, Summer",Partial College,Clerical,Europe,Kassel,Hesse,Germany
15222,26221,"Chapman, Kari",High School,Manual,Europe,Erlangen,Bavaria,Germany
15224,26223,"Sai, Dominic",High School,Manual,Europe,Offenbach am Main,Hesse,Germany
15227,26226,"Andersen, Michele",Partial College,Clerical,Europe,Munich,Bavaria,Germany
15228,26227,"Gutierrez, Joe",Partial College,Clerical,Europe,Offenbach am Main,Hesse,Germany
15229,26228,"Perez, Carolyn",Partial College,Clerical,Europe,Poing,Bavaria,Germany
15230,26229,"Ye, Cara",High School,Manual,Europe,Hamburg,Hamburg,Germany
15231,26230,"Ramos, Natasha",High School,Manual,Europe,Brunswick,Lower Saxony,Germany
15234,26233,"Chande, Cristina",Graduate Degree,Skilled Manual,Europe,Bonn,North Rhine-Westphalia,Germany
15235,26234,"Perry, Antonio",Partial College,Clerical,North America,Berkeley,California,United States
15237,26236,"Evans, Isabella",Partial College,Clerical,North America,Burien,Washington,United States
15238,26237,"Martin, Grace",Partial College,Clerical,North America,Concord,California,United States
15239,26238,"Foster, Julia",Partial College,Clerical,North America,National City,California,United States
15240,26239,"Turner, Kaitlyn",Partial College,Clerical,North America,Milwaukie,Oregon,United States
15241,26240,"Evans, Katelyn",Graduate Degree,Skilled Manual,North America,Port Orchard,Washington,United States
15242,26241,"Lal, James",Graduate Degree,Skilled Manual,North America,Palo Alto,California,United States
15244,26243,"Gonzalez, Fernando",Graduate Degree,Skilled Manual,North America,Lake Oswego,Oregon,United States
15245,26244,"Hughes, Jordan",Graduate Degree,Skilled Manual,North America,Spokane,Washington,United States
15246,26245,"Murphy, Devin",Graduate Degree,Skilled Manual,North America,Beverly Hills,California,United States
15247,26246,"Bell, Jade",Graduate Degree,Skilled Manual,North America,Burlingame,California,United States
15248,26247,"Turner, Sophia",Graduate Degree,Skilled Manual,North America,Chula Vista,California,United States
15249,26248,"Lewis, Thomas",Partial High School,Clerical,North America,Lake Oswego,Oregon,United States
15250,26249,"Ross, Thomas",High School,Clerical,North America,Spokane,Washington,United States
15251,26250,"Simmons, Miguel",High School,Clerical,North America,Woodburn,Oregon,United States
15252,26251,"Huang, Cedric",High School,Clerical,North America,Beverly Hills,California,United States
15253,26252,"Garcia, Morgan",Partial College,Clerical,North America,Lincoln Acres,California,United States
15254,26253,"Wright, Dalton",Partial High School,Clerical,North America,Salem,Oregon,United States
15255,26254,"Henderson, Seth",Partial High School,Clerical,North America,Beaverton,Oregon,United States
15256,26255,"Alexander, Cameron",Partial High School,Clerical,North America,Lebanon,Oregon,United States
15257,26256,"Rana, Ronald",Partial High School,Clerical,North America,Ballard,Washington,United States
15258,26257,"Jimenez, Hector",Partial High School,Clerical,North America,Burlingame,California,United States
15259,26258,"Powell, Angelica",Partial High School,Clerical,North America,Portland,Oregon,United States
15260,26259,"Bryant, Hunter",High School,Clerical,North America,Redmond,Washington,United States
15261,26260,"Jackson, Ryan",High School,Clerical,North America,Spokane,Washington,United States
15262,26261,"Watson, Brooke",Partial High School,Clerical,North America,Woodburn,Oregon,United States
15263,26262,"Thompson, Hannah",Partial High School,Clerical,North America,Lynnwood,Washington,United States
15264,26263,"Collins, Kaitlyn",Partial High School,Clerical,North America,Portland,Oregon,United States
15265,26264,"Lal, Elijah",Partial High School,Clerical,North America,West Covina,California,United States
15266,26265,"Lopez, Tammy",Partial High School,Clerical,North America,Beaverton,Oregon,United States
15267,26266,"Gao, Brent",High School,Skilled Manual,North America,Bellingham,Washington,United States
15268,26267,"Martin, Matthew",High School,Skilled Manual,North America,Long Beach,California,United States
15269,26268,"Romero, Jonathon",Partial High School,Clerical,North America,Berkeley,California,United States
15272,26271,"Baker, Bailey",Partial High School,Clerical,North America,San Diego,California,United States
15273,26272,"Hughes, Kelly",Partial High School,Clerical,North America,Yakima,Washington,United States
15274,26273,"Suri, Chelsea",Partial High School,Clerical,North America,Burien,Washington,United States
15275,26274,"Wood, Jennifer",High School,Skilled Manual,North America,Tacoma,Washington,United States
15276,26275,"Johnson, Miguel",Partial College,Clerical,North America,Yakima,Washington,United States
15277,26276,"Huang, Heather",Partial College,Clerical,North America,Beaverton,Oregon,United States
15278,26277,"Hughes, Jacqueline",Partial College,Clerical,North America,Kirkland,Washington,United States
15279,26278,"Wu, Jon",Partial College,Clerical,North America,Ballard,Washington,United States
15281,26280,"Jenkins, Jackson",Partial College,Clerical,North America,Coronado,California,United States
15282,26281,"Alexander, Ian",Partial College,Clerical,North America,West Covina,California,United States
15283,26282,"Jai, Leonard",Graduate Degree,Skilled Manual,North America,Burien,Washington,United States
15284,26283,"Diaz, Jeremiah",Graduate Degree,Skilled Manual,North America,Woodland Hills,California,United States
15285,26284,"Ward, Garrett",Graduate Degree,Skilled Manual,North America,Everett,Washington,United States
15286,26285,"Hayes, Kayla",Graduate Degree,Skilled Manual,North America,Issaquah,Washington,United States
15287,26286,"Phillips, Evan",Graduate Degree,Skilled Manual,North America,Santa Monica,California,United States
15288,26287,"Baker, Elijah",Graduate Degree,Skilled Manual,North America,Lebanon,Oregon,United States
15289,26288,"Russell, Alexandra",Graduate Degree,Skilled Manual,North America,Burbank,California,United States
15290,26289,"Simmons, Samuel",Graduate Degree,Skilled Manual,North America,Burlingame,California,United States
15291,26290,"Chen, Noah",Graduate Degree,Skilled Manual,North America,West Covina,California,United States
15292,26291,"Walker, Blake",Graduate Degree,Skilled Manual,North America,Long Beach,California,United States
15293,26292,"Simpson, Marty",Graduate Degree,Skilled Manual,North America,Bellingham,Washington,United States
15294,26293,"Carlson, Casey",Graduate Degree,Skilled Manual,North America,Bremerton,Washington,United States
15296,26295,"Kapoor, Toni",Bachelors,Skilled Manual,North America,Bremerton,Washington,United States
15297,26296,"Simmons, Grace",Bachelors,Skilled Manual,North America,Issaquah,Washington,United States
15298,26297,"Lopez, Jeremiah",Bachelors,Skilled Manual,North America,Lebanon,Oregon,United States
15299,26298,"Peterson, Jasmine",Bachelors,Skilled Manual,North America,Marysville,Washington,United States
15300,26299,"Yong, Y.",Graduate Degree,Skilled Manual,North America,Tacoma,Washington,United States
15301,26300,"Ortega, Audrey",Graduate Degree,Skilled Manual,North America,Bellflower,California,United States
15302,26301,"Hall, Isaiah",Graduate Degree,Professional,North America,Lakewood,California,United States
15303,26302,"Jackson, James",Bachelors,Skilled Manual,North America,Daly City,California,United States
15304,26303,"Pal, Devon",Bachelors,Skilled Manual,North America,Bellflower,California,United States
15305,26304,"Lewis, Anna",Graduate Degree,Professional,North America,Bellingham,Washington,United States
15306,26305,"Rogers, Julia",Bachelors,Skilled Manual,North America,Lebanon,Oregon,United States
15307,26306,"Holt, Kyle",Bachelors,Skilled Manual,North America,Fremont,California,United States
15308,26307,"Miller, Alexander",Bachelors,Skilled Manual,North America,Colma,California,United States
15309,26308,"Kelly, Sara",Bachelors,Skilled Manual,North America,Walla Walla,Washington,United States
15310,26309,"Powell, Julian",Bachelors,Skilled Manual,North America,Downey,California,United States
15312,26311,"Rodriguez, Brenda",Graduate Degree,Professional,North America,Bellingham,Washington,United States
15313,26312,"Wood, Elizabeth",Graduate Degree,Professional,North America,Port Orchard,Washington,United States
15314,26313,"Simmons, Dalton",Graduate Degree,Professional,North America,Lemon Grove,California,United States
15315,26314,"Murphy, Angel",High School,Skilled Manual,North America,Santa Monica,California,United States
15316,26315,"Peterson, Taylor",Graduate Degree,Professional,North America,San Gabriel,California,United States
15318,26317,"Wright, Amanda",Graduate Degree,Professional,North America,Redmond,Washington,United States
15320,26319,"Martinez, Dylan",Bachelors,Skilled Manual,North America,Santa Cruz,California,United States
15321,26320,"Diaz, Brianna",Bachelors,Skilled Manual,North America,Los Angeles,California,United States
15323,26322,"Zhang, Justin",Bachelors,Professional,North America,Issaquah,Washington,United States
15324,26323,"Ruiz, Dwayne",Graduate Degree,Professional,North America,Beaverton,Oregon,United States
15325,26324,"Brooks, Faith",Graduate Degree,Professional,North America,Redmond,Washington,United States
15326,26325,"Robinson, Tyler",Graduate Degree,Professional,North America,Spokane,Washington,United States
15327,26326,"Washington, Trevor",Graduate Degree,Professional,North America,Chula Vista,California,United States
15328,26327,"Jai, Jack",Graduate Degree,Professional,North America,Downey,California,United States
15329,26328,"Anderson, Edward",Graduate Degree,Professional,North America,Redwood City,California,United States
15330,26329,"Bryant, Angelica",Bachelors,Skilled Manual,North America,Fremont,California,United States
15331,26330,"Diaz, Marcus",Bachelors,Skilled Manual,North America,Bremerton,Washington,United States
15332,26331,"Powell, Melanie",Bachelors,Skilled Manual,North America,Bremerton,Washington,United States
15333,26332,"Mitchell, Aaron",Bachelors,Skilled Manual,North America,Lebanon,Oregon,United States
15334,26333,"Alexander, Alexandria",Bachelors,Skilled Manual,North America,Portland,Oregon,United States
15335,26334,"Blanco, Ross",Bachelors,Skilled Manual,North America,Bellflower,California,United States
15336,26335,"Pal, April",Bachelors,Skilled Manual,North America,Burbank,California,United States
15337,26336,"Brown, Noah",Graduate Degree,Professional,North America,Downey,California,United States
15338,26337,"Gonzalez, Jennifer",Graduate Degree,Professional,North America,Bremerton,Washington,United States
15339,26338,"Coleman, Anna",Graduate Degree,Professional,North America,Oakland,California,United States
15340,26339,"James, Cindy",Graduate Degree,Professional,North America,Walla Walla,Washington,United States
15341,26340,"Morris, Melissa",Graduate Degree,Professional,North America,Olympia,Washington,United States
15342,26341,"Taylor, Olivia",Graduate Degree,Professional,North America,Port Orchard,Washington,United States
15343,26342,"Griffin, Eduardo",Graduate Degree,Professional,North America,National City,California,United States
15344,26343,"Washington, Mariah",Bachelors,Professional,North America,Spokane,Washington,United States
15345,26344,"Hughes, Natalie",Bachelors,Skilled Manual,North America,Los Angeles,California,United States
15346,26345,"Baker, Connor",Bachelors,Skilled Manual,North America,Newport Beach,California,United States
15347,26346,"Suri, Emmanuel",Bachelors,Skilled Manual,North America,Beverly Hills,California,United States
15348,26347,"Raji, Alvin",Bachelors,Skilled Manual,North America,Bremerton,Washington,United States
15350,26349,"Lopez, Adam",Graduate Degree,Professional,North America,Spokane,Washington,United States
15352,26351,"Moore, Emma",Graduate Degree,Professional,North America,Oakland,California,United States
15353,26352,"Fernandez, Cynthia",Graduate Degree,Clerical,Europe,Eilenburg,Saxony,Germany
15354,26353,"Malhotra, Holly",Graduate Degree,Clerical,Europe,Frankfurt,Hesse,Germany
15355,26354,"Serrano, Nelson",Graduate Degree,Clerical,Europe,Munich,Bavaria,Germany
15359,26358,"Gonzalez, Mason",High School,Manual,Europe,Paderborn,North Rhine-Westphalia,Germany
15363,26362,"Torres, Joy",High School,Manual,Europe,Neunkirchen,North Rhine-Westphalia,Germany
15364,26363,"Jimenez, Larry",Bachelors,Clerical,Europe,Eilenburg,Saxony,Germany
15367,26366,"Schmidt, Johnathan",Bachelors,Skilled Manual,Europe,Berlin,Berlin,Germany
15371,26370,"Bryant, Maria",High School,Manual,Europe,Bottrop,North Rhine-Westphalia,Germany
15377,26376,"Martinez, Anthony",Partial College,Professional,North America,National City,California,United States
15379,26378,"Raje, Colin",Bachelors,Management,Europe,Paderborn,North Rhine-Westphalia,Germany
15382,26381,"Romero, Shannon",Partial College,Professional,Europe,Frankfurt,Hesse,Germany
15383,26382,"Xu, Dale",Partial College,Professional,Europe,Frankfurt,Hesse,Germany
15386,26385,"Muñoz, Javier",High School,Professional,Europe,Eilenburg,Saxony,Germany
15393,26392,"Rai, Kelli",Graduate Degree,Management,Europe,Munich,Bavaria,Germany
15394,26393,"Raman, Donald",Bachelors,Management,Europe,Paderborn,North Rhine-Westphalia,Germany
15396,26395,"Gill, Daisy",Partial College,Professional,Europe,Poing,Bavaria,Germany
15397,26396,"Black, Terry",Bachelors,Management,Europe,Stuttgart,Baden-Wuerttemberg,Germany
15400,26399,"Gonzalez, Erick",Bachelors,Management,Europe,Saarlouis,Saar,Germany
15404,26403,"Navarro, Philip",Partial College,Professional,Europe,Leipzig,Saxony,Germany
15415,26414,"Patel, George",High School,Management,Europe,Munich,Bavaria,Germany
15416,26415,"Lal, Latoya",Partial High School,Skilled Manual,Europe,Hamburg,Hamburg,Germany
15420,26419,"Suri, Geoffrey",High School,Management,Europe,Berlin,Berlin,Germany
15421,26420,"Kapoor, Bob",Partial High School,Professional,Europe,Stuttgart,Baden-Wuerttemberg,Germany
15449,26448,"Yuan, Kara",High School,Professional,North America,Bremerton,Washington,United States
15451,26450,"Ramirez, Lauren",High School,Professional,North America,Salem,Oregon,United States
15452,26451,"Perry, Mariah",High School,Professional,North America,Spokane,Washington,United States
15453,26452,"Martinez, James",Graduate Degree,Management,North America,West Covina,California,United States
15454,26453,"Peterson, Cole",Graduate Degree,Management,North America,Oregon City,Oregon,United States
15455,26454,"Cox, Sebastian",Graduate Degree,Management,North America,Redmond,Washington,United States
15456,26455,"Carter, Samuel",Graduate Degree,Management,North America,Kirkland,Washington,United States
15458,26457,"Moore, Sydney",Graduate Degree,Management,North America,Woodburn,Oregon,United States
15459,26458,"Moore, Ryan",Graduate Degree,Management,North America,Daly City,California,United States
15460,26459,"Hayes, Angelica",Graduate Degree,Management,North America,Port Orchard,Washington,United States
15461,26460,"Cook, Gabriella",Bachelors,Management,North America,W. Linn,Oregon,United States
15463,26462,"Kelly, Lauren",Bachelors,Management,North America,Bellingham,Washington,United States
15464,26463,"Rogers, Alexa",Bachelors,Management,North America,Bellingham,Washington,United States
15465,26464,"Griffin, Alexandria",High School,Professional,North America,Olympia,Washington,United States
15466,26465,"Evans, Andrea",Bachelors,Management,North America,Lincoln Acres,California,United States
15467,26466,"Turner, Kevin",Bachelors,Management,North America,Beaverton,Oregon,United States
15468,26467,"Brooks, Nicole",Bachelors,Management,North America,Mill Valley,California,United States
15469,26468,"Brown, Alyssa",Bachelors,Management,North America,Newport Beach,California,United States
15470,26469,"Alvarez, Joy",Bachelors,Management,North America,Berkeley,California,United States
15471,26470,"Cooper, Marcus",Bachelors,Management,North America,Mill Valley,California,United States
15472,26471,"Perez, Edward",Bachelors,Management,North America,San Carlos,California,United States
15473,26472,"Hughes, David",Bachelors,Management,North America,Spring Valley,California,United States
15474,26473,"Wood, Anna",Bachelors,Management,North America,Salem,Oregon,United States
15476,26475,"Gonzalez, Isabella",High School,Professional,North America,Newport Beach,California,United States
15477,26476,"Jai, Jordan",Partial High School,Clerical,North America,Downey,California,United States
15478,26477,"Rana, Joel",High School,Professional,North America,Burlingame,California,United States
15479,26478,"Collins, Sara",High School,Professional,North America,Daly City,California,United States
15480,26479,"Cook, Katherine",High School,Professional,North America,Colma,California,United States
15481,26480,"Patterson, Jacqueline",Partial High School,Clerical,North America,Novato,California,United States
15482,26481,"Young, Luke",Partial High School,Skilled Manual,North America,La Jolla,California,United States
15484,26483,"Ward, Taylor",Partial High School,Skilled Manual,North America,Downey,California,United States
15485,26484,"Patterson, Fernando",High School,Professional,North America,Bellflower,California,United States
15486,26485,"Bryant, Jason",High School,Professional,North America,Renton,Washington,United States
15487,26486,"Cook, Andrea",High School,Professional,North America,Los Angeles,California,United States
15488,26487,"Ma, Vincent",Bachelors,Management,North America,Beaverton,Oregon,United States
15490,26489,"Collins, Jordan",Bachelors,Management,North America,Beverly Hills,California,United States
15491,26490,"Simmons, Antonio",Bachelors,Management,North America,Woodland Hills,California,United States
15492,26491,"Sanchez, Riley",Bachelors,Management,North America,Bellingham,Washington,United States
15493,26492,"Rodriguez, Ryan",Bachelors,Management,North America,Colma,California,United States
15494,26493,"Ramos, Lawrence",Bachelors,Management,North America,Bellingham,Washington,United States
15495,26494,"White, Nicholas",Partial College,Professional,North America,Coronado,California,United States
15498,26497,"Sanchez, Karen",Partial College,Professional,North America,Issaquah,Washington,United States
15499,26498,"Hayes, Ethan",Partial College,Professional,North America,Renton,Washington,United States
15500,26499,"Ruiz, Renee",Partial College,Professional,North America,Bellflower,California,United States
15501,26500,"Ruiz, Billy",Partial College,Professional,North America,Beverly Hills,California,United States
15502,26501,"Parker, Allison",Partial College,Professional,North America,Colma,California,United States
15503,26502,"Brown, Taylor",Partial College,Professional,North America,Concord,California,United States
15507,26506,"Srini, Ruth",Partial College,Professional,North America,Ballard,Washington,United States
15508,26507,"Thakur, Abhijit",Partial College,Professional,North America,Burien,Washington,United States
15509,26508,"Ross, Marcus",Partial College,Professional,North America,Issaquah,Washington,United States
15514,26513,"Moreno, Stacy",Partial College,Professional,North America,Bellingham,Washington,United States
15515,26514,"Powell, Cameron",Partial College,Professional,North America,Grossmont,California,United States
15516,26515,"Watson, Zoe",Partial College,Professional,North America,Grossmont,California,United States
15517,26516,"Perry, Jill",Partial College,Professional,North America,Imperial Beach,California,United States
15518,26517,"Griffin, Melanie",Partial College,Professional,North America,Imperial Beach,California,United States
15519,26518,"Lee, Marcus",Partial College,Professional,North America,Long Beach,California,United States
15520,26519,"Wood, Brianna",Bachelors,Management,North America,Torrance,California,United States
15521,26520,"Ramirez, Chloe",High School,Professional,North America,Edmonds,Washington,United States
15522,26521,"Taylor, Nathan",High School,Professional,North America,Puyallup,Washington,United States
15539,26538,"Black, Warren",Graduate Degree,Management,North America,Bellflower,California,United States
15540,26539,"Hayes, Faith",Graduate Degree,Management,North America,Burlingame,California,United States
15541,26540,"Sanchez, Jada",Graduate Degree,Management,North America,Colma,California,United States
15545,26544,"Ramirez, Riley",Partial College,Skilled Manual,North America,Edmonds,Washington,United States
15552,26551,"Moore, Noah",Partial College,Skilled Manual,North America,Milwaukie,Oregon,United States
15553,26552,"Turner, Judith",Partial College,Skilled Manual,North America,Olympia,Washington,United States
15554,26553,"Powell, Kayla",Partial College,Skilled Manual,North America,Redmond,Washington,United States
15555,26554,"Garcia, Michael",Partial College,Skilled Manual,North America,Burbank,California,United States
15556,26555,"Perry, Jeremy",Partial College,Skilled Manual,North America,Newport Beach,California,United States
15557,26556,"Cooper, Jeremy",Partial College,Skilled Manual,North America,Corvallis,Oregon,United States
15558,26557,"Morgan, Katelyn",Partial College,Skilled Manual,North America,Coronado,California,United States
15574,26573,"Clark, Samantha",High School,Skilled Manual,North America,Spokane,Washington,United States
15575,26574,"Allen, Jordan",High School,Skilled Manual,North America,Beverly Hills,California,United States
15576,26575,"Gonzalez, Toni",High School,Skilled Manual,North America,Burlingame,California,United States
15577,26576,"Robinson, Kaitlyn",Partial College,Skilled Manual,North America,Lemon Grove,California,United States
15578,26577,"Edwards, Cindy",Partial College,Skilled Manual,North America,Mill Valley,California,United States
15579,26578,"White, Jeremy",Partial College,Skilled Manual,North America,Mill Valley,California,United States
15580,26579,"Hayes, Hunter",High School,Skilled Manual,North America,Santa Monica,California,United States
15581,26580,"Ramirez, Paige",High School,Skilled Manual,North America,Salem,Oregon,United States
15582,26581,"Patterson, Mariah",Partial College,Skilled Manual,North America,Bellingham,Washington,United States
15584,26583,"Patterson, James",Partial College,Professional,North America,Santa Monica,California,United States
15585,26584,"Alexander, Benjamin",Partial College,Professional,North America,Walla Walla,Washington,United States
15587,26586,"Baker, Alexandra",Partial College,Professional,North America,Bremerton,Washington,United States
15594,26593,"Campbell, Eduardo",Graduate Degree,Management,North America,Imperial Beach,California,United States
15595,26594,"Wood, Melissa",Partial High School,Skilled Manual,North America,Oakland,California,United States
15596,26595,"Bailey, Alyssa",Partial High School,Skilled Manual,North America,Kirkland,Washington,United States
15597,26596,"Hayes, Antonio",Bachelors,Skilled Manual,North America,National City,California,United States
15598,26597,"Lewis, Madison",Bachelors,Skilled Manual,North America,Yakima,Washington,United States
15599,26598,"Adams, Charles",Bachelors,Skilled Manual,North America,Tacoma,Washington,United States
15600,26599,"Reed, Allison",Bachelors,Skilled Manual,North America,Woodland Hills,California,United States
15601,26600,"Gray, Michelle",Bachelors,Skilled Manual,North America,Redwood City,California,United States
15602,26601,"Gonzalez, Kyle",Bachelors,Skilled Manual,North America,Novato,California,United States
15603,26602,"Yang, Noah",Bachelors,Professional,North America,Lemon Grove,California,United States
15604,26603,"Ruiz, Sheila",Bachelors,Professional,North America,Burlingame,California,United States
15605,26604,"West, Elizabeth",Bachelors,Professional,North America,San Diego,California,United States
15606,26605,"Foster, Brandon",Bachelors,Professional,North America,Los Angeles,California,United States
15607,26606,"Harris, Hannah",Graduate Degree,Professional,North America,Puyallup,Washington,United States
15608,26607,"Powell, Natalie",Graduate Degree,Professional,North America,Berkeley,California,United States
15609,26608,"Nelson, Aaron",Graduate Degree,Professional,North America,Beverly Hills,California,United States
15610,26609,"Kelly, Abigail",Partial College,Skilled Manual,North America,Beaverton,Oregon,United States
15611,26610,"Perez, Mary",Partial College,Skilled Manual,North America,Newport Beach,California,United States
15612,26611,"Henderson, Kayla",Partial College,Skilled Manual,North America,Concord,California,United States
15613,26612,"Romero, Janet",High School,Skilled Manual,North America,Berkeley,California,United States
15614,26613,"Lal, Priscilla",High School,Skilled Manual,North America,Burlingame,California,United States
15615,26614,"Robinson, Richard",High School,Skilled Manual,North America,Seattle,Washington,United States
15617,26616,"Goel, Colin",Bachelors,Professional,North America,Beaverton,Oregon,United States
15618,26617,"Peterson, Isaiah",Partial College,Skilled Manual,North America,Santa Monica,California,United States
15619,26618,"Morris, Amanda",Partial College,Skilled Manual,North America,Santa Cruz,California,United States
15620,26619,"Hill, Thomas",Partial College,Skilled Manual,North America,Olympia,Washington,United States
15622,26621,"Wood, Sarah",Partial College,Skilled Manual,North America,Beaverton,Oregon,United States
15623,26622,"Howard, Jan",Partial College,Skilled Manual,North America,Edmonds,Washington,United States
15624,26623,"Ross, Alexandra",Partial College,Skilled Manual,North America,Issaquah,Washington,United States
15625,26624,"Russell, Elizabeth",Partial College,Skilled Manual,North America,Seattle,Washington,United States
15626,26625,"Barnes, Lauren",Graduate Degree,Professional,North America,Woodburn,Oregon,United States
15627,26626,"Taylor, Dalton",Graduate Degree,Professional,North America,Burlingame,California,United States
15628,26627,"Alexander, Jose",Graduate Degree,Professional,North America,Coronado,California,United States
15629,26628,"Lee, Lucas",High School,Skilled Manual,North America,Spokane,Washington,United States
15632,26631,"Stewart, Isaiah",Partial College,Skilled Manual,North America,Newport Beach,California,United States
15633,26632,"Moore, Isabella",Partial College,Skilled Manual,North America,Bellingham,Washington,United States
15634,26633,"Ward, Gabrielle",Partial College,Skilled Manual,North America,Los Angeles,California,United States
15635,26634,"Walker, Devin",Partial College,Skilled Manual,North America,Novato,California,United States
15636,26635,"Harris, Jasmine",Partial College,Skilled Manual,North America,Grossmont,California,United States
15637,26636,"Walker, Miguel",Bachelors,Professional,North America,Corvallis,Oregon,United States
15638,26637,"Robinson, Thomas",Bachelors,Professional,North America,El Cajon,California,United States
15639,26638,"Flores, Olivia",Graduate Degree,Professional,North America,Tacoma,Washington,United States
15640,26639,"Diaz, Riley",Graduate Degree,Professional,North America,Concord,California,United States
15642,26641,"Xie, Arturo",Graduate Degree,Professional,North America,Bellflower,California,United States
15643,26642,"Evans, Gabrielle",Partial College,Skilled Manual,North America,W. Linn,Oregon,United States
15645,26644,"Hernandez, Jenna",Bachelors,Professional,North America,Port Orchard,Washington,United States
15646,26645,"Richardson, Morgan",Bachelors,Professional,North America,Concord,California,United States
15647,26646,"Perry, Jordyn",Bachelors,Professional,North America,Oakland,California,United States
15648,26647,"Simmons, Jasmine",Bachelors,Professional,North America,Santa Cruz,California,United States
15649,26648,"Rogers, Riley",Graduate Degree,Professional,North America,Beverly Hills,California,United States
15650,26649,"Perry, Emily",Graduate Degree,Professional,North America,Concord,California,United States
15651,26650,"Collins, Kevin",Graduate Degree,Professional,North America,Lincoln Acres,California,United States
15675,26674,"Jackson, Ashley",Partial High School,Skilled Manual,North America,Chula Vista,California,United States
15676,26675,"King, Natalie",High School,Professional,North America,San Carlos,California,United States
15677,26676,"Jenkins, Emily",High School,Professional,North America,Lemon Grove,California,United States
15678,26677,"Johnson, William",Partial High School,Skilled Manual,North America,Los Angeles,California,United States
15680,26679,"Perry, Noah",Partial High School,Skilled Manual,North America,Renton,Washington,United States
15681,26680,"Powell, Melissa",Partial High School,Skilled Manual,North America,Marysville,Washington,United States
15682,26681,"Jackson, Zachary",High School,Professional,North America,Long Beach,California,United States
15685,26684,"Andersen, Dustin",Bachelors,Management,North America,Berkeley,California,United States
15686,26685,"Baker, Noah",Graduate Degree,Management,North America,Newport Beach,California,United States
15688,26687,"Xu, Marshall",Partial College,Professional,North America,Bellingham,Washington,United States
15689,26688,"Xu, Brittney",Partial College,Professional,North America,Bremerton,Washington,United States
15690,26689,"Gill, Arthur",Bachelors,Management,North America,Berkeley,California,United States
15691,26690,"Bennett, Alexia",Bachelors,Management,North America,Burbank,California,United States
15692,26691,"Suri, Tina",Bachelors,Management,North America,Burbank,California,United States
15695,26694,"Hughes, Aaron",Partial College,Professional,North America,Bellingham,Washington,United States
15696,26695,"Diaz, Jocelyn",Partial College,Professional,North America,Lincoln Acres,California,United States
15697,26696,"Suarez, Robyn",Partial High School,Skilled Manual,North America,Bellingham,Washington,United States
15698,26697,"Arun, Manuel",Partial College,Professional,North America,Beverly Hills,California,United States
15699,26698,"Rivera, Brooke",Partial College,Professional,North America,Imperial Beach,California,United States
15703,26702,"Arun, Cynthia",Partial College,Professional,North America,Bellingham,Washington,United States
15704,26703,"Miller, Wyatt",Partial College,Professional,North America,Oregon City,Oregon,United States
15705,26704,"Alvarez, Frank",Bachelors,Management,North America,Beverly Hills,California,United States
15706,26705,"Jenkins, Eric",Partial College,Professional,North America,San Gabriel,California,United States
15708,26707,"Brooks, Sydney",Bachelors,Management,North America,Beverly Hills,California,United States
15709,26708,"Washington, Katherine",Partial College,Professional,North America,Chula Vista,California,United States
15710,26709,"King, Mary",Partial High School,Skilled Manual,North America,La Jolla,California,United States
15711,26710,"Green, Jan",High School,Professional,North America,San Gabriel,California,United States
15712,26711,"Bryant, Mya",High School,Professional,North America,Burbank,California,United States
15713,26712,"Wilson, Ashley",Partial High School,Skilled Manual,North America,San Diego,California,United States
15714,26713,"Edwards, Stephanie",Partial High School,Skilled Manual,North America,Coronado,California,United States
15715,26714,"Long, Angela",Partial High School,Skilled Manual,North America,Ballard,Washington,United States
15716,26715,"Bell, Gabriella",Partial High School,Skilled Manual,North America,Oakland,California,United States
15718,26717,"Simpson, David",Partial College,Professional,North America,Beaverton,Oregon,United States
15719,26718,"Flores, Richard",Graduate Degree,Management,North America,Long Beach,California,United States
15720,26719,"Li, Tamara",Partial College,Professional,North America,Beaverton,Oregon,United States
15721,26720,"Watson, Seth",Partial College,Professional,North America,Seattle,Washington,United States
15722,26721,"Jimenez, Paula",Partial College,Professional,North America,Berkeley,California,United States
15723,26722,"McDonald, Alexandra",Partial College,Professional,North America,Downey,California,United States
15724,26723,"Kelly, Devin",Bachelors,Management,North America,Spring Valley,California,United States
15725,26724,"Edwards, Sydney",Partial High School,Skilled Manual,North America,Salem,Oregon,United States
15726,26725,"Smith, Alexis",Partial High School,Skilled Manual,North America,Puyallup,Washington,United States
15727,26726,"Rivera, Danielle",Partial High School,Skilled Manual,North America,Edmonds,Washington,United States
15728,26727,"Clark, Jose",High School,Professional,North America,Milwaukie,Oregon,United States
15729,26728,"Roberts, Elijah",Graduate Degree,Management,North America,Santa Cruz,California,United States
15730,26729,"Gray, Brian",Graduate Degree,Management,North America,Burien,Washington,United States
15732,26731,"Clark, Ethan",Partial College,Professional,North America,National City,California,United States
15733,26732,"Rienstra, Martin",Partial College,Professional,North America,San Carlos,California,United States
15734,26733,"Smith, Benjamin",Partial College,Professional,North America,Bellingham,Washington,United States
15735,26734,"Powell, Morgan",Partial College,Professional,North America,Issaquah,Washington,United States
15736,26735,"White, Grace",Partial College,Professional,North America,Kirkland,Washington,United States
15737,26736,"Xu, Lacey",High School,Professional,North America,Bellflower,California,United States
15738,26737,"Young, Katherine",Partial College,Professional,North America,Yakima,Washington,United States
15739,26738,"Simmons, Katherine",High School,Professional,North America,Palo Alto,California,United States
15776,26775,"Bryant, Riley",High School,Skilled Manual,North America,West Covina,California,United States
15777,26776,"Guo, Jenny",High School,Skilled Manual,North America,Berkeley,California,United States
15778,26777,"Clark, Andrew",High School,Skilled Manual,North America,Santa Monica,California,United States
15779,26778,"Perez, Sierra",High School,Skilled Manual,North America,Spokane,Washington,United States
15780,26779,"Henderson, Alexandra",High School,Skilled Manual,North America,Novato,California,United States
15781,26780,"Butler, Julia",High School,Skilled Manual,North America,Grossmont,California,United States
15782,26781,"Cox, Jan",High School,Skilled Manual,North America,Redmond,Washington,United States
15784,26783,"Torres, Juan",High School,Skilled Manual,North America,Walla Walla,Washington,United States
15787,26786,"Smith, Seth",Partial High School,Clerical,North America,Daly City,California,United States
15788,26787,"Moore, Austin",Partial High School,Clerical,North America,Bellingham,Washington,United States
15789,26788,"Howard, Destiny",High School,Skilled Manual,North America,Chula Vista,California,United States
15791,26790,"Cook, Chloe",Partial High School,Clerical,North America,Santa Cruz,California,United States
15792,26791,"Nath, Kelvin",Partial High School,Clerical,North America,Baytown,Texas,United States
15793,26792,"Torres, Casey",Partial High School,Clerical,North America,Berkeley,California,United States
15794,26793,"Nelson, Jesse",High School,Skilled Manual,North America,Torrance,California,United States
15810,26809,"Morgan, Julia",Bachelors,Skilled Manual,North America,Redwood City,California,United States
15812,26811,"Sanchez, Rachael",Bachelors,Skilled Manual,North America,Burbank,California,United States
15813,26812,"Hernandez, James",Bachelors,Skilled Manual,North America,Palo Alto,California,United States
15814,26813,"Diaz, Xavier",Bachelors,Skilled Manual,North America,Chula Vista,California,United States
15815,26814,"Hernandez, Alex",Graduate Degree,Professional,North America,Walla Walla,Washington,United States
15816,26815,"Cox, Erin",Graduate Degree,Professional,North America,Lebanon,Oregon,United States
15819,26818,"Coleman, Eduardo",High School,Manual,Europe,Frankfurt,Hesse,Germany
15820,26819,"Mitchell, Devin",High School,Manual,Europe,Saarlouis,Saar,Germany
15822,26821,"Guo, Tamara",Partial High School,Manual,Europe,Bottrop,North Rhine-Westphalia,Germany
15823,26822,"Gonzalez, Cindy",Partial College,Manual,Europe,Leipzig,Saxony,Germany
15824,26823,"Raman, Kaitlin",Bachelors,Clerical,Europe,Eilenburg,Saxony,Germany
15826,26825,"Jimenez, Jamie",Partial High School,Manual,Europe,Hamburg,Hamburg,Germany
15827,26826,"Romero, Kendra",Partial High School,Manual,Europe,Berlin,Berlin,Germany
15830,26829,"Evans, Morgan",Bachelors,Clerical,Europe,Bottrop,North Rhine-Westphalia,Germany
15832,26831,"Raje, Drew",Bachelors,Clerical,Europe,Saarbrücken,Saar,Germany
15833,26832,"Xie, Kate",Bachelors,Skilled Manual,Europe,Frankfurt,Hesse,Germany
15844,26843,"Gonzalez, Noah",High School,Manual,Europe,Paderborn,North Rhine-Westphalia,Germany
15846,26845,"Ortega, Theodore",High School,Manual,Europe,Saarbrücken,Saar,Germany
15848,26847,"Yang, Brent",High School,Manual,Europe,Hanover,Lower Saxony,Germany
15852,26851,"Alvarez, Diane",High School,Manual,Europe,Bottrop,North Rhine-Westphalia,Germany
15853,26852,"She, Karen",High School,Manual,Europe,Saarbrücken,Saar,Germany
15858,26857,"Anand, Willie",Partial College,Clerical,Europe,Frankfurt,Hesse,Germany
15863,26862,"Vance, Tina",Partial College,Clerical,Europe,Darmstadt,Hesse,Germany
15865,26864,"Sutton, Christine",Partial College,Clerical,Europe,Frankfurt,Hesse,Germany
15868,26867,"Romero, Danny",Bachelors,Skilled Manual,Europe,Stuttgart,Baden-Wuerttemberg,Germany
15873,26872,"Hughes, Wyatt",Partial College,Clerical,Europe,Erlangen,Bavaria,Germany
15874,26873,"Suri, Ann",Partial College,Clerical,Europe,Berlin,Berlin,Germany
15875,26874,"Zhang, Jorge",Partial College,Clerical,Europe,Frankfurt,Hesse,Germany
15876,26875,"Perez, Bobby",Partial College,Clerical,Europe,Munich,Bavaria,Germany
15879,26878,"Roberts, Madeline",High School,Manual,Europe,Hof,Bavaria,Germany
15880,26879,"Lin, Shannon",High School,Manual,Europe,Frankfurt,Hesse,Germany
15881,26880,"Xu, Heather",High School,Manual,Europe,Dresden,Saxony,Germany
15885,26884,"James, Paige",Partial College,Clerical,Europe,Hof,Bavaria,Germany
15890,26889,"Torres, Natasha",Partial High School,Manual,Europe,Frankfurt,Hesse,Germany
15895,26894,"Goel, Lindsey",Partial High School,Manual,Europe,Leipzig,Saxony,Germany
15900,26899,"Vance, Rachael",Bachelors,Manual,Europe,Werne,North Rhine-Westphalia,Germany
15913,26912,"Rodriguez, Denise",Bachelors,Clerical,Europe,Brunswick,Lower Saxony,Germany
15931,26930,"Andersen, Sharon",Graduate Degree,Clerical,Europe,Munster,North Rhine-Westphalia,Germany
15934,26933,"Sanz, Jessie",Partial College,Manual,Europe,Frankfurt,Hesse,Germany
15937,26936,"He, Jaclyn",Partial College,Manual,Europe,Dresden,Saxony,Germany
15941,26940,"Tang, Franklin",Graduate Degree,Clerical,Europe,Bonn,North Rhine-Westphalia,Germany
15947,26946,"Madan, Andre",Partial College,Manual,Europe,Berlin,Berlin,Germany
15949,26948,"Garcia, Abby",Partial College,Manual,Europe,Hanover,Lower Saxony,Germany
15952,26951,"Hu, Trisha",High School,Manual,Europe,Mühlheim am Main,Hesse,Germany
15955,26954,"Torres, Gerald",Bachelors,Clerical,Europe,Offenbach am Main,Hesse,Germany
15958,26957,"Sai, Kristina",Graduate Degree,Clerical,Europe,Berlin,Berlin,Germany
15962,26961,"Chander, Carly",High School,Manual,Europe,Leipzig,Saxony,Germany
15964,26963,"Arun, Meredith",Partial College,Manual,Europe,Hof,Bavaria,Germany
15970,26969,"Hu, Cedric",Partial High School,Manual,Europe,Paderborn,North Rhine-Westphalia,Germany
15975,26974,"Suarez, Philip",Partial High School,Manual,Europe,Stuttgart,Baden-Wuerttemberg,Germany
15978,26977,"Madan, Barry",High School,Manual,Europe,Hamburg,Hamburg,Germany
15981,26980,"Suarez, Marc",Partial High School,Manual,Europe,Grevenbroich,North Rhine-Westphalia,Germany
15982,26981,"Suarez, Audrey",Partial High School,Manual,Europe,Berlin,Berlin,Germany
15984,26983,"Vance, Adriana",Bachelors,Skilled Manual,Europe,Berlin,Berlin,Germany
15985,26984,"Prasad, Manuel",Bachelors,Skilled Manual,Europe,Eilenburg,Saxony,Germany
15986,26985,"Diaz, Jésus",Bachelors,Skilled Manual,Europe,Grevenbroich,North Rhine-Westphalia,Germany
15987,26986,"Watson, Riley",Bachelors,Skilled Manual,Europe,Ingolstadt,Bavaria,Germany
15988,26987,"Lopez, Roy",Bachelors,Skilled Manual,Europe,Munich,Bavaria,Germany
15989,26988,"Srini, Brandy",Bachelors,Skilled Manual,Europe,Sulzbach Taunus,Saar,Germany
15990,26989,"Campbell, Mason",Partial High School,Manual,Europe,Solingen,North Rhine-Westphalia,Germany
15991,26990,"Patel, Darren",Partial High School,Manual,Europe,Hof,Bavaria,Germany
15992,26991,"Ortega, Rodney",High School,Manual,Europe,Munster,North Rhine-Westphalia,Germany
15997,26996,"Oliver, Natasha",Partial College,Clerical,Europe,Bottrop,North Rhine-Westphalia,Germany
15998,26997,"Becker, Katie",Partial College,Clerical,Europe,Werne,North Rhine-Westphalia,Germany
15999,26998,"Perry, Fernando",Partial High School,Manual,Europe,Bottrop,North Rhine-Westphalia,Germany
16001,27000,"Dominguez, Brandi",Partial High School,Manual,Europe,Mühlheim am Main,Hesse,Germany
16002,27001,"Kapoor, Carla",Partial High School,Manual,Europe,Neunkirchen,North Rhine-Westphalia,Germany
16004,27003,"Jai, Roger",Partial High School,Manual,Europe,Bonn,North Rhine-Westphalia,Germany
16005,27004,"Moreno, Philip",High School,Manual,Europe,Bonn,North Rhine-Westphalia,Germany
16011,27010,"Patterson, Jordyn",Partial College,Clerical,North America,Chula Vista,California,United States
16012,27011,"Powell, Kevin",Partial College,Clerical,North America,Seattle,Washington,United States
16013,27012,"Jiménez, Anne",Partial College,Clerical,North America,Beaverton,Oregon,United States
16014,27013,"Yuan, Alisha",Partial College,Clerical,North America,Burbank,California,United States
16016,27015,"Torres, Jessica",Graduate Degree,Skilled Manual,North America,Bremerton,Washington,United States
16017,27016,"Reed, Lauren",Graduate Degree,Skilled Manual,North America,Edmonds,Washington,United States
16018,27017,"Thompson, Jonathan",Graduate Degree,Skilled Manual,North America,Port Orchard,Washington,United States
16019,27018,"Price, Blake",Graduate Degree,Skilled Manual,North America,Chula Vista,California,United States
16021,27020,"Perry, Rachel",Partial College,Clerical,North America,National City,California,United States
16022,27021,"Peterson, Victoria",Partial College,Clerical,North America,San Gabriel,California,United States
16024,27023,"Simmons, Emily",Partial High School,Clerical,North America,Corvallis,Oregon,United States
16026,27025,"Rivera, Jasmine",Partial High School,Clerical,North America,W. Linn,Oregon,United States
16030,27029,"Hughes, Elizabeth",High School,Clerical,North America,San Carlos,California,United States
16031,27030,"Gray, Jan",High School,Clerical,North America,Seattle,Washington,United States
16032,27031,"Garcia, Jessica",High School,Clerical,North America,Grossmont,California,United States
16033,27032,"Garcia, Miguel",High School,Clerical,North America,San Diego,California,United States
16034,27033,"Harrison, Ernest",Partial High School,Clerical,North America,Bellingham,Washington,United States
16035,27034,"Nara, Corey",Partial High School,Clerical,North America,Bremerton,Washington,United States
16036,27035,"Long, Ana",Partial High School,Clerical,North America,Spring Valley,California,United States
16037,27036,"Brown, Hunter",High School,Skilled Manual,North America,Ballard,Washington,United States
16038,27037,"Rodriguez, Lauren",High School,Skilled Manual,North America,Imperial Beach,California,United States
16039,27038,"Reed, Eduardo",High School,Skilled Manual,North America,Lakewood,California,United States
16040,27039,"Lewis, Jonathan",High School,Skilled Manual,North America,Torrance,California,United States
16041,27040,"Singh, Paul",Partial High School,Clerical,North America,Burbank,California,United States
16042,27041,"Smith, Edward",Partial High School,Clerical,North America,Kirkland,Washington,United States
16045,27044,"Long, Carol",High School,Skilled Manual,North America,Spring Valley,California,United States
16046,27045,"Brooks, Angel",High School,Skilled Manual,North America,Redmond,Washington,United States
16047,27046,"Howard, Allison",Partial College,Clerical,North America,Downey,California,United States
16048,27047,"Rai, Yolanda",Partial College,Clerical,North America,Beaverton,Oregon,United States
16049,27048,"Watson, Melanie",Partial College,Clerical,North America,Marysville,Washington,United States
16051,27050,"Turner, Chloe",Partial College,Clerical,North America,Lake Oswego,Oregon,United States
16052,27051,"Brown, Charles",Partial College,Clerical,North America,Redwood City,California,United States
16053,27052,"Bailey, Jada",Partial College,Clerical,North America,Seattle,Washington,United States
16055,27054,"Sharma, Shawn",Partial College,Clerical,North America,Bellflower,California,United States
16056,27055,"Sanchez, Isabella",Partial College,Clerical,North America,Colma,California,United States
16057,27056,"James, Mackenzie",Partial College,Clerical,North America,Los Angeles,California,United States
16058,27057,"Morris, Brooke",Graduate Degree,Skilled Manual,North America,Yakima,Washington,United States
16059,27058,"Butler, Nathan",Graduate Degree,Skilled Manual,North America,Renton,Washington,United States
16060,27059,"Perry, Hunter",Graduate Degree,Skilled Manual,North America,Berkeley,California,United States
16064,27063,"Flores, Taylor",Graduate Degree,Skilled Manual,North America,Bremerton,Washington,United States
16065,27064,"Chande, Barbara",Graduate Degree,Skilled Manual,North America,Burien,Washington,United States
16066,27065,"Wright, Jordan",Graduate Degree,Skilled Manual,North America,Fremont,California,United States
16067,27066,"Murphy, Cole",Graduate Degree,Skilled Manual,North America,National City,California,United States
16068,27067,"Rodriguez, Jennifer",Graduate Degree,Skilled Manual,North America,Spring Valley,California,United States
16071,27070,"Davis, Nathan",Graduate Degree,Skilled Manual,North America,Everett,Washington,United States
16073,27072,"Baker, Alex",Graduate Degree,Skilled Manual,North America,Port Orchard,Washington,United States
16074,27073,"Sanders, Sydney",Graduate Degree,Skilled Manual,North America,Corvallis,Oregon,United States
16075,27074,"Sanchez, Kristi",Graduate Degree,Skilled Manual,North America,Ballard,Washington,United States
16077,27076,"Russell, Dakota",Graduate Degree,Skilled Manual,North America,Grossmont,California,United States
16078,27077,"Henderson, Robert",Graduate Degree,Skilled Manual,North America,Burlingame,California,United States
16079,27078,"Scott, Chloe",Bachelors,Skilled Manual,North America,San Gabriel,California,United States
16080,27079,"Lewis, Natalie",Bachelors,Skilled Manual,North America,Santa Monica,California,United States
16081,27080,"Campbell, Nathan",Bachelors,Skilled Manual,North America,Concord,California,United States
16082,27081,"Ross, Jason",Bachelors,Skilled Manual,North America,Chula Vista,California,United States
16084,27083,"Perry, Kevin",Bachelors,Skilled Manual,North America,Marysville,Washington,United States
16087,27086,"Howard, Lauren",Bachelors,Skilled Manual,North America,Walla Walla,Washington,United States
16088,27087,"Clark, Justin",Bachelors,Skilled Manual,North America,San Diego,California,United States
16089,27088,"Patterson, Tristan",Graduate Degree,Professional,North America,Salem,Oregon,United States
16090,27089,"Garcia, Janelle",Bachelors,Skilled Manual,North America,Bremerton,Washington,United States
16091,27090,"Brown, Elizabeth",Graduate Degree,Professional,North America,Lincoln Acres,California,United States
16092,27091,"Martin, Miguel",Graduate Degree,Professional,North America,Everett,Washington,United States
16093,27092,"Ross, Marissa",Graduate Degree,Professional,North America,Chula Vista,California,United States
16094,27093,"Martin, Alexandra",Graduate Degree,Professional,North America,Daly City,California,United States
16095,27094,"Kelly, Sean",Graduate Degree,Professional,North America,Oakland,California,United States
16096,27095,"Flores, Spencer",Graduate Degree,Professional,North America,Torrance,California,United States
16097,27096,"Watson, Chase",Bachelors,Skilled Manual,North America,Marysville,Washington,United States
16098,27097,"Gonzales, Kaitlyn",Bachelors,Skilled Manual,North America,Kirkland,Washington,United States
16099,27098,"Wilson, Sarah",Bachelors,Skilled Manual,North America,Ballard,Washington,United States
16104,27103,"Brooks, Chloe",Graduate Degree,Professional,North America,Port Orchard,Washington,United States
16105,27104,"Zhu, Randy",Graduate Degree,Professional,North America,Bellflower,California,United States
16106,27105,"Perez, Sean",Graduate Degree,Professional,North America,Burlingame,California,United States
16107,27106,"Allen, Jennifer",Graduate Degree,Professional,North America,Los Angeles,California,United States
16108,27107,"Stewart, Alexa",Graduate Degree,Professional,North America,Los Angeles,California,United States
16114,27113,"Diaz, Ashley",Graduate Degree,Professional,North America,Issaquah,Washington,United States
16115,27114,"Thompson, Alexander",Graduate Degree,Professional,North America,Colma,California,United States
16116,27115,"Navarro, Kristi",Graduate Degree,Professional,North America,Beaverton,Oregon,United States
16117,27116,"Gonzalez, Regina",Graduate Degree,Professional,North America,Bellingham,Washington,United States
16118,27117,"Prasad, Jermaine",Graduate Degree,Professional,North America,Bellingham,Washington,United States
16120,27119,"Gonzalez, Mayra",Bachelors,Clerical,Europe,Hanover,Lower Saxony,Germany
16121,27120,"Kumar, Clarence",Bachelors,Clerical,Europe,Munich,Bavaria,Germany
16128,27127,"Black, Misty",Graduate Degree,Clerical,Europe,Paderborn,North Rhine-Westphalia,Germany
16130,27129,"Tang, Mindy",Graduate Degree,Skilled Manual,Europe,Frankfurt,Hesse,Germany
16137,27136,"Coleman, Isabella",High School,Manual,Europe,Solingen,North Rhine-Westphalia,Germany
16140,27139,"Liu, Jon",Partial College,Manual,Europe,Berlin,Berlin,Germany
16155,27154,"Arun, Holly",Partial College,Clerical,Europe,Ingolstadt,Bavaria,Germany
16158,27157,"Xu, Raul",Partial High School,Manual,Europe,Munster,North Rhine-Westphalia,Germany
16161,27160,"Vazquez, Brandi",High School,Manual,Europe,Dresden,Saxony,Germany
16162,27161,"Gill, Reginald",High School,Manual,Europe,Berlin,Berlin,Germany
16170,27169,"Xu, Louis",High School,Manual,Europe,Neunkirchen,North Rhine-Westphalia,Germany
16173,27172,"Navarro, Jessie",Partial High School,Manual,Europe,Dusseldorf,North Rhine-Westphalia,Germany
16174,27173,"Ye, Suzanne",Partial High School,Manual,Europe,Essen,North Rhine-Westphalia,Germany
16175,27174,"Bennett, Fernando",Partial College,Clerical,Europe,Paderborn,North Rhine-Westphalia,Germany
16177,27176,"Martin, Erik",Partial High School,Manual,Europe,Stuttgart,Baden-Wuerttemberg,Germany
16179,27178,"Mehta, Terrance",Partial High School,Manual,Europe,Bonn,North Rhine-Westphalia,Germany
16181,27180,"Diaz, Joe",High School,Manual,Europe,Grevenbroich,North Rhine-Westphalia,Germany
16184,27183,"Garcia, Geoffrey",Partial College,Clerical,Europe,Hof,Bavaria,Germany
16185,27184,"Subram, Donald",Partial College,Clerical,Europe,Poing,Bavaria,Germany
16188,27187,"Diaz, Lucas",Partial College,Clerical,Europe,Werne,North Rhine-Westphalia,Germany
16189,27188,"She, Claudia",Partial College,Clerical,Europe,Munster,North Rhine-Westphalia,Germany
16190,27189,"Diaz, Elizabeth",Partial College,Clerical,North America,National City,California,United States
16191,27190,"Reed, Shelby",Partial College,Clerical,North America,Burbank,California,United States
16193,27192,"Gonzales, Angelica",Partial College,Clerical,North America,Long Beach,California,United States
16194,27193,"Miller, Daniel",Graduate Degree,Skilled Manual,North America,Lincoln Acres,California,United States
16195,27194,"Cooper, Chase",Graduate Degree,Skilled Manual,North America,Lake Oswego,Oregon,United States
16196,27195,"Perez, Robert",Graduate Degree,Skilled Manual,North America,San Francisco,California,United States
16198,27197,"Bell, Isaiah",Graduate Degree,Skilled Manual,North America,Bremerton,Washington,United States
16199,27198,"Flores, Jocelyn",Graduate Degree,Skilled Manual,North America,Burien,Washington,United States
16200,27199,"Wright, Jesse",Graduate Degree,Skilled Manual,North America,Everett,Washington,United States
16201,27200,"Thompson, Anna",Graduate Degree,Skilled Manual,North America,Lebanon,Oregon,United States
16202,27201,"Taylor, Jose",Graduate Degree,Skilled Manual,North America,Marysville,Washington,United States
16203,27202,"Hall, James",Graduate Degree,Skilled Manual,North America,Sedro Woolley,Washington,United States
16204,27203,"Sanchez, Jennifer",Partial High School,Clerical,North America,Portland,Oregon,United States
16205,27204,"Hall, Devin",High School,Clerical,North America,Chula Vista,California,United States
16206,27205,"Murphy, Erin",High School,Clerical,North America,Coronado,California,United States
16207,27206,"Mitchell, Marcus",Partial College,Clerical,North America,San Francisco,California,United States
16208,27207,"Morris, Taylor",Partial High School,Clerical,North America,Bellingham,Washington,United States
16210,27209,"Rodriguez, Erick",Partial High School,Clerical,North America,Burlingame,California,United States
16211,27210,"Flores, Hunter",Partial High School,Clerical,North America,Burbank,California,United States
16212,27211,"Roberts, Isaiah",High School,Clerical,North America,Milwaukie,Oregon,United States
16213,27212,"Roberts, Sophia",High School,Clerical,North America,Long Beach,California,United States
16214,27213,"Lewis, Julia",Partial High School,Clerical,North America,Spokane,Washington,United States
16215,27214,"Zimmerman, Bianca",Partial High School,Clerical,North America,Beverly Hills,California,United States
16217,27216,"Diaz, Ana",High School,Skilled Manual,North America,San Gabriel,California,United States
16218,27217,"Walker, Julia",Partial High School,Clerical,North America,Renton,Washington,United States
16219,27218,"Allen, Bailey",Partial High School,Clerical,North America,Santa Monica,California,United States
16220,27219,"Yang, Benjamin",Partial High School,Clerical,North America,Lemon Grove,California,United States
16221,27220,"Long, Jackson",Partial High School,Clerical,North America,Torrance,California,United States
16222,27221,"Jones, Matthew",Partial High School,Clerical,North America,Tacoma,Washington,United States
16223,27222,"Sai, Virginia",Partial High School,Clerical,North America,Chula Vista,California,United States
16224,27223,"Wright, Jeremy",Partial High School,Clerical,North America,Walla Walla,Washington,United States
16225,27224,"Griffin, Jessica",Partial High School,Clerical,North America,W. Linn,Oregon,United States
16226,27225,"Murphy, Isaac",High School,Skilled Manual,North America,Santa Cruz,California,United States
16227,27226,"Wang, Christian",High School,Skilled Manual,North America,Lake Oswego,Oregon,United States
16228,27227,"Bryant, Emily",High School,Skilled Manual,North America,El Cajon,California,United States
16229,27228,"Young, Amanda",Partial College,Clerical,North America,Issaquah,Washington,United States
16230,27229,"Zhang, Zachary",Partial College,Clerical,North America,San Francisco,California,United States
16232,27231,"Ramos, Tyrone",Partial College,Clerical,North America,Colma,California,United States
16233,27232,"Thirunavukkarasu, Ram",Partial College,Clerical,North America,Puyallup,Washington,United States
16234,27233,"Ward, Seth",Partial College,Clerical,North America,Spring Valley,California,United States
16235,27234,"Jenkins, Gabriel",Partial College,Clerical,North America,Sedro Woolley,Washington,United States
16236,27235,"Li, Robert",Partial College,Clerical,North America,Renton,Washington,United States
16237,27236,"Alexander, Nicole",Partial College,Clerical,North America,Olympia,Washington,United States
16238,27237,"Ramirez, Jasmine",Partial College,Clerical,North America,Fremont,California,United States
16239,27238,"Hernandez, Jesse",Partial College,Clerical,North America,Concord,California,United States
16240,27239,"Simmons, Noah",Partial College,Clerical,North America,Grossmont,California,United States
16241,27240,"Cooper, Dalton",Partial College,Clerical,North America,Yakima,Washington,United States
16242,27241,"Butler, Oscar",Graduate Degree,Skilled Manual,North America,West Covina,California,United States
16245,27244,"Kelly, Arianna",Graduate Degree,Skilled Manual,North America,Woodburn,Oregon,United States
16246,27245,"Jones, Lauren",Graduate Degree,Skilled Manual,North America,La Jolla,California,United States
16247,27246,"Hall, Aaron",Graduate Degree,Skilled Manual,North America,Lemon Grove,California,United States
16248,27247,"Hughes, Blake",Graduate Degree,Skilled Manual,North America,Lemon Grove,California,United States
16249,27248,"Taylor, Kayla",Graduate Degree,Skilled Manual,North America,Puyallup,Washington,United States
16250,27249,"Cox, Emma",Graduate Degree,Skilled Manual,North America,Santa Monica,California,United States
16251,27250,"Vance, Virginia",Graduate Degree,Skilled Manual,North America,Burien,Washington,United States
16252,27251,"Flores, Jessica",Graduate Degree,Skilled Manual,North America,Grossmont,California,United States
16255,27254,"Jimenez, Theodore",Bachelors,Skilled Manual,North America,Bremerton,Washington,United States
16256,27255,"Rivera, Xavier",Bachelors,Skilled Manual,North America,Lake Oswego,Oregon,United States
16257,27256,"Lopez, Caleb",Graduate Degree,Skilled Manual,North America,Port Orchard,Washington,United States
16258,27257,"Sara, Rebekah",Graduate Degree,Skilled Manual,North America,Chula Vista,California,United States
16259,27258,"Flores, Christian",Graduate Degree,Professional,North America,Concord,California,United States
16261,27260,"Ma, Candice",Bachelors,Skilled Manual,North America,Burbank,California,United States
16262,27261,"Chande, Omar",Bachelors,Skilled Manual,North America,Burien,Washington,United States
16263,27262,"Hill, Courtney",Bachelors,Skilled Manual,North America,Redmond,Washington,United States
16264,27263,"Kumar, Aaron",Graduate Degree,Professional,North America,San Diego,California,United States
16265,27264,"Clark, Jacob",Bachelors,Skilled Manual,North America,Renton,Washington,United States
16267,27266,"Gonzales, Riley",Bachelors,Skilled Manual,North America,San Gabriel,California,United States
16269,27268,"Serrano, Latasha",Bachelors,Skilled Manual,North America,Chula Vista,California,United States
16270,27269,"Lee, Victoria",Graduate Degree,Professional,North America,Walla Walla,Washington,United States
16272,27271,"Reed, Anna",Graduate Degree,Professional,North America,Edmonds,Washington,United States
16273,27272,"Chen, Elijah",Graduate Degree,Professional,North America,Milwaukie,Oregon,United States
16274,27273,"Miller, Marcus",Graduate Degree,Professional,North America,Lakewood,California,United States
16275,27274,"Morris, Marcus",Graduate Degree,Professional,North America,Lincoln Acres,California,United States
16276,27275,"Powell, Aidan",Graduate Degree,Professional,North America,Spring Valley,California,United States
16277,27276,"Alexander, Faith",Graduate Degree,Professional,North America,Berkeley,California,United States
16278,27277,"Wood, Jeremy",Graduate Degree,Professional,North America,El Cajon,California,United States
16279,27278,"Cook, Brian",High School,Skilled Manual,North America,Novato,California,United States
16280,27279,"Brooks, Katelyn",Bachelors,Skilled Manual,North America,Issaquah,Washington,United States
16281,27280,"Gutierrez, Naomi",Bachelors,Skilled Manual,North America,Burbank,California,United States
16282,27281,"Nath, Jenny",Bachelors,Skilled Manual,North America,Clearwater,Florida,United States
16285,27284,"Bailey, Danielle",Bachelors,Professional,North America,Seattle,Washington,United States
16287,27286,"Pal, Shawn",Graduate Degree,Professional,North America,Chicago,Illinois,United States
16288,27287,"Perez, Samuel",Graduate Degree,Professional,North America,Los Angeles,California,United States
16289,27288,"Richardson, Destiny",Graduate Degree,Professional,North America,Newport Beach,California,United States
16290,27289,"Long, Anna",Bachelors,Skilled Manual,North America,National City,California,United States
16291,27290,"Evans, Marcus",Bachelors,Skilled Manual,North America,Puyallup,Washington,United States
16292,27291,"Mehta, Bobby",Bachelors,Skilled Manual,North America,Burien,Washington,United States
16293,27292,"Evans, Julia",Graduate Degree,Professional,North America,Oregon City,Oregon,United States
16294,27293,"Jackson, Kaitlyn",Graduate Degree,Professional,North America,Glendale,California,United States
16295,27294,"Bradley, Ana",Graduate Degree,Professional,North America,San Carlos,California,United States
16296,27295,"Taylor, Wyatt",Graduate Degree,Professional,North America,Lynnwood,Washington,United States
16297,27296,"Ready, Rodrigo",Graduate Degree,Professional,North America,El Cajon,California,United States
16302,27301,"Zhou, Clarence",Partial College,Professional,North America,Burlingame,California,United States
16308,27307,"Prasad, Andre",High School,Professional,Europe,Paderborn,North Rhine-Westphalia,Germany
16310,27309,"Deng, Tony",Partial College,Professional,Europe,Mühlheim am Main,Hesse,Germany
16311,27310,"Hill, Isabella",Partial College,Professional,Europe,Ingolstadt,Bavaria,Germany
16313,27312,"Sun, Sandra",Bachelors,Management,Europe,Offenbach am Main,Hesse,Germany
16315,27314,"Arthur, Jarrod",Bachelors,Management,Europe,Berlin,Berlin,Germany
16316,27315,"Mitchell, James",Graduate Degree,Management,Europe,Saarlouis,Saar,Germany
16317,27316,"Malhotra, Jarrod",Bachelors,Management,Europe,Solingen,North Rhine-Westphalia,Germany
16321,27320,"Green, Jose",High School,Professional,Europe,Solingen,North Rhine-Westphalia,Germany
16322,27321,"Zhang, Dylan",Partial College,Professional,Europe,Saarlouis,Saar,Germany
16326,27325,"Liang, Todd",Partial College,Professional,Europe,Hanover,Lower Saxony,Germany
16328,27327,"Nicholls, Melody",Partial College,Management,Europe,Saarlouis,Saar,Germany
16331,27330,"Nara, Brendan",Partial College,Management,Europe,Hamburg,Hamburg,Germany
16334,27333,"Luo, Kathryn",Partial College,Management,Europe,Stuttgart,Baden-Wuerttemberg,Germany
16337,27336,"Suri, George",High School,Management,Europe,Werne,North Rhine-Westphalia,Germany
16373,27372,"Sai, Andre",High School,Professional,North America,Bradenton,Florida,United States
16374,27373,"Rivera, Eduardo",High School,Professional,North America,Woodburn,Oregon,United States
16375,27374,"Phillips, Robert",High School,Professional,North America,Bremerton,Washington,United States
16376,27375,"Wilson, Nicole",High School,Professional,North America,Puyallup,Washington,United States
16377,27376,"Gonzalez, Courtney",High School,Professional,North America,Marysville,Washington,United States
16380,27379,"Ross, Isabel",High School,Professional,North America,Imperial Beach,California,United States
16382,27381,"Sanz, Miguel",High School,Professional,North America,Burbank,California,United States
16383,27382,"Chapman, Kaitlin",Graduate Degree,Management,North America,Colma,California,United States
16384,27383,"Hernandez, Jay",Graduate Degree,Management,North America,Concord,California,United States
16386,27385,"Ramos, Jonathon",Graduate Degree,Management,North America,Burbank,California,United States
16387,27386,"Garcia, James",Graduate Degree,Management,North America,Burlingame,California,United States
16388,27387,"Washington, Noah",Graduate Degree,Management,North America,Oregon City,Oregon,United States
16389,27388,"Cox, Xavier",Bachelors,Management,North America,Spokane,Washington,United States
16390,27389,"Henderson, Lucas",Bachelors,Management,North America,Woodland Hills,California,United States
16391,27390,"Zeng, Leah",Graduate Degree,Management,North America,Burien,Washington,United States
16392,27391,"Young, Logan",Bachelors,Management,North America,Kirkland,Washington,United States
16393,27392,"Romero, Felicia",Bachelors,Management,North America,Bellflower,California,United States
16395,27394,"Alexander, Kyle",Bachelors,Management,North America,Lebanon,Oregon,United States
16396,27395,"Lu, Jenny",Bachelors,Management,North America,Beaverton,Oregon,United States
16397,27396,"Cook, Adrian",Bachelors,Management,North America,Edmonds,Washington,United States
16398,27397,"James, Alex",Bachelors,Management,North America,Glendale,California,United States
16399,27398,"Lee, Alexis",Bachelors,Management,North America,Torrance,California,United States
16400,27399,"Parker, Thomas",Bachelors,Management,North America,Coronado,California,United States
16406,27405,"Shan, Jackson",High School,Professional,North America,San Gabriel,California,United States
16408,27407,"Griffin, Faith",Bachelors,Management,North America,Portland,Oregon,United States
16409,27408,"Sanchez, Tabitha",Bachelors,Management,North America,Concord,California,United States
16410,27409,"Smith, Preston",High School,Professional,North America,Colma,California,United States
16411,27410,"Patterson, Brianna",High School,Professional,North America,San Carlos,California,United States
16412,27411,"Bendixen, Mason",High School,Professional,North America,Corvallis,Oregon,United States
16413,27412,"Price, Miguel",Bachelors,Management,North America,Imperial Beach,California,United States
16417,27416,"Morris, Jeremiah",Partial College,Professional,North America,Sedro Woolley,Washington,United States
16418,27417,"She, Edwin",Bachelors,Management,North America,Coronado,California,United States
16419,27418,"Coleman, Mya",Partial College,Professional,North America,Woodland Hills,California,United States
16422,27421,"Chander, Mindy",Partial College,Professional,North America,Braintree,Massachusetts,United States
16423,27422,"Gonzalez, Evan",Partial College,Professional,North America,Woodburn,Oregon,United States
16424,27423,"Butler, Dakota",Partial College,Professional,North America,Coronado,California,United States
16425,27424,"Mitchell, Luis",Partial College,Professional,North America,La Jolla,California,United States
16426,27425,"Morris, Steven",Partial College,Professional,North America,Los Angeles,California,United States
16427,27426,"Stewart, Evan",Partial College,Professional,North America,National City,California,United States
16428,27427,"Young, Mason",Partial College,Professional,North America,Santa Monica,California,United States
16431,27430,"Young, Stephanie",Partial College,Professional,North America,Bremerton,Washington,United States
16432,27431,"Jenkins, Ethan",Partial College,Professional,North America,Oregon City,Oregon,United States
16433,27432,"Ruiz, Craig",Partial College,Professional,North America,Chula Vista,California,United States
16434,27433,"Garcia, Barry",Partial College,Professional,North America,Colma,California,United States
16435,27434,"Patterson, David",Partial College,Professional,North America,Lincoln Acres,California,United States
16439,27438,"Shan, Alejandro",Partial College,Professional,North America,Bellflower,California,United States
16440,27439,"Ramirez, Chase",High School,Professional,North America,Glendale,California,United States
16441,27440,"Howard, Trinity",Partial High School,Skilled Manual,North America,Olympia,Washington,United States
16443,27442,"Raman, Janelle",High School,Professional,North America,Colma,California,United States
16444,27443,"Jackson, Jessica",Partial High School,Skilled Manual,North America,Novato,California,United States
16445,27444,"Martinez, Kayla",Graduate Degree,Professional,North America,Walla Walla,Washington,United States
16446,27445,"Tang, Shaun",Graduate Degree,Professional,North America,Colma,California,United States
16447,27446,"Jones, Tyler",Graduate Degree,Professional,North America,Santa Monica,California,United States
16448,27447,"Hayes, Miranda",Graduate Degree,Professional,North America,Woodland Hills,California,United States
16449,27448,"Romero, Marc",Bachelors,Professional,North America,Chandler,Arizona,United States
16450,27449,"Cox, Bryan",Bachelors,Management,North America,San Carlos,California,United States
16451,27450,"Ross, Abigail",Bachelors,Management,North America,Walla Walla,Washington,United States
16453,27452,"Watson, Evan",Bachelors,Management,North America,Woodland Hills,California,United States
16454,27453,"Henderson, Carson",Bachelors,Management,North America,Coronado,California,United States
16456,27455,"Jenkins, Brianna",Bachelors,Management,North America,Lebanon,Oregon,United States
16457,27456,"Hughes, Jackson",Bachelors,Management,North America,Marysville,Washington,United States
16458,27457,"Walker, Elizabeth",Bachelors,Management,North America,Oregon City,Oregon,United States
16459,27458,"Liang, Roger",Bachelors,Management,North America,Berkeley,California,United States
16460,27459,"Kumar, Kevin",Graduate Degree,Management,North America,Burbank,California,United States
16461,27460,"Goel, Grant",Graduate Degree,Management,North America,Chula Vista,California,United States
16466,27465,"Garcia, Seth",Partial College,Skilled Manual,North America,Woodburn,Oregon,United States
16467,27466,"Murphy, Abigail",Partial College,Skilled Manual,North America,Yakima,Washington,United States
16479,27478,"Alvarez, Sheila",Partial College,Skilled Manual,North America,Chula Vista,California,United States
16480,27479,"Sanders, Kaitlyn",Partial College,Skilled Manual,North America,Glendale,California,United States
16481,27480,"Parker, Chloe",Partial College,Skilled Manual,North America,Lincoln Acres,California,United States
16482,27481,"Gonzales, Oscar",Partial College,Skilled Manual,North America,San Gabriel,California,United States
16504,27503,"Shen, Warren",Partial College,Skilled Manual,North America,Chicago,Illinois,United States
16505,27504,"Lopez, Rebecca",High School,Skilled Manual,North America,Lake Oswego,Oregon,United States
16506,27505,"Skelly, Bonnie",High School,Skilled Manual,North America,Burlingame,California,United States
16507,27506,"Srini, Carla",High School,Skilled Manual,North America,Burlingame,California,United States
16508,27507,"Li, Valerie",High School,Skilled Manual,North America,Colma,California,United States
16509,27508,"Edwards, James",Partial College,Skilled Manual,North America,Berkeley,California,United States
16510,27509,"Johnson, Zachary",Partial College,Professional,North America,Yakima,Washington,United States
16511,27510,"Bailey, Cole",Partial College,Professional,North America,Burlingame,California,United States
16522,27521,"Foster, Gabriel",Bachelors,Management,North America,Chula Vista,California,United States
16524,27523,"Martin, Kayla",High School,Professional,North America,Bellingham,Washington,United States
16527,27526,"Ma, Ramon",Partial College,Professional,North America,Beverly Hills,California,United States
16528,27527,"Sanchez, Tina",Bachelors,Management,North America,Concord,California,United States
16529,27528,"Stewart, Jade",Graduate Degree,Management,North America,Los Angeles,California,United States
16530,27529,"White, Rachel",Graduate Degree,Management,North America,San Carlos,California,United States
16531,27530,"Ross, Maria",Partial High School,Skilled Manual,North America,Spring Valley,California,United States
16532,27531,"Bailey, Abigail",Bachelors,Professional,North America,Renton,Washington,United States
16533,27532,"Flores, Kaitlyn",Bachelors,Skilled Manual,North America,Lynnwood,Washington,United States
16534,27533,"Perez, Allison",Bachelors,Skilled Manual,North America,Bellflower,California,United States
16535,27534,"Chapman, Candace",Bachelors,Skilled Manual,North America,Burlingame,California,United States
16536,27535,"Cook, Ian",Bachelors,Skilled Manual,North America,San Francisco,California,United States
16538,27537,"Bryant, Amanda",Bachelors,Professional,North America,Oakland,California,United States
16539,27538,"Jackson, José",Bachelors,Professional,North America,Beaverton,Oregon,United States
16540,27539,"Winston, Samuel",Bachelors,Professional,North America,Colma,California,United States
16541,27540,"Butler, Jacqueline",Bachelors,Professional,North America,Glendale,California,United States
16542,27541,"Martin, Samantha",Bachelors,Professional,North America,Novato,California,United States
16543,27542,"Rivera, Jessica",Bachelors,Professional,North America,Everett,Washington,United States
16544,27543,"Griffin, Katherine",Bachelors,Professional,North America,Oakland,California,United States
16545,27544,"Hayes, Marissa",Partial College,Skilled Manual,North America,Berkeley,California,United States
16547,27546,"Ross, Jackson",High School,Skilled Manual,North America,Lakewood,California,United States
16548,27547,"Hill, Kevin",High School,Skilled Manual,North America,Torrance,California,United States
16549,27548,"Green, Mason",Partial College,Skilled Manual,North America,Ballard,Washington,United States
16550,27549,"Johnson, Hunter",Partial College,Skilled Manual,North America,Walla Walla,Washington,United States
16552,27551,"Long, Antonio",Partial College,Skilled Manual,North America,Corvallis,Oregon,United States
16553,27552,"Guo, Shannon",Graduate Degree,Professional,North America,Coronado,California,United States
16554,27553,"Sanders, Julia",Graduate Degree,Professional,North America,San Carlos,California,United States
16555,27554,"West, Jordyn",Partial College,Skilled Manual,North America,La Jolla,California,United States
16556,27555,"Alexander, Isabella",Partial College,Skilled Manual,North America,Torrance,California,United States
16557,27556,"Cox, Amanda",Partial College,Skilled Manual,North America,W. Linn,Oregon,United States
16559,27558,"Kumar, Caleb",Partial College,Skilled Manual,North America,Sedro Woolley,Washington,United States
16560,27559,"Rodriguez, Emily",Partial College,Skilled Manual,North America,Spokane,Washington,United States
16562,27561,"Brooks, Kimberly",Bachelors,Professional,North America,West Covina,California,United States
16564,27563,"Bennett, Devin",Bachelors,Professional,North America,W. Linn,Oregon,United States
16565,27564,"Lal, Kevin",Bachelors,Professional,North America,Burbank,California,United States
16566,27565,"Wood, Kayla",Bachelors,Professional,North America,Downey,California,United States
16567,27566,"Long, Tristan",Bachelors,Professional,North America,Torrance,California,United States
16568,27567,"Foster, Miranda",Bachelors,Professional,North America,Sedro Woolley,Washington,United States
16569,27568,"Evans, Miguel",Graduate Degree,Professional,North America,Milwaukie,Oregon,United States
16570,27569,"Wood, Jocelyn",Graduate Degree,Professional,North America,Woodland Hills,California,United States
16571,27570,"Navarro, Natasha",Graduate Degree,Professional,North America,Burien,Washington,United States
16572,27571,"Gao, Shannon",Graduate Degree,Professional,North America,Colma,California,United States
16573,27572,"Carter, Isaiah",Partial College,Skilled Manual,North America,El Cajon,California,United States
16574,27573,"Lal, Hunter",Partial College,Skilled Manual,North America,Torrance,California,United States
16575,27574,"Hill, Madeline",Partial College,Skilled Manual,North America,Santa Monica,California,United States
16576,27575,"Wilson, Emma",Bachelors,Professional,North America,Burbank,California,United States
16577,27576,"Gonzales, Caroline",Bachelors,Professional,North America,Milwaukie,Oregon,United States
16578,27577,"Cook, Patrick",Bachelors,Professional,North America,Port Orchard,Washington,United States
16579,27578,"Carter, Courtney",Bachelors,Professional,North America,Lakewood,California,United States
16580,27579,"Suarez, Bruce",Graduate Degree,Professional,North America,Chula Vista,California,United States
16601,27600,"Sanchez, Destiny",Partial High School,Skilled Manual,North America,Spring Valley,California,United States
16602,27601,"Rogers, Sydney",Partial High School,Skilled Manual,North America,Burbank,California,United States
16604,27603,"Barnes, Mya",Partial High School,Skilled Manual,North America,Novato,California,United States
16605,27604,"Brooks, Richard",High School,Professional,North America,Port Orchard,Washington,United States
16606,27605,"Martinez, Miguel",High School,Professional,North America,Sedro Woolley,Washington,United States
16607,27606,"Edwards, Courtney",Partial College,Professional,North America,Milwaukie,Oregon,United States
16609,27608,"Hernandez, Hector",Partial High School,Skilled Manual,North America,Bellingham,Washington,United States
16610,27609,"Alonso, Audrey",Partial High School,Skilled Manual,North America,Beverly Hills,California,United States
16611,27610,"Washington, Jeremy",Partial High School,Skilled Manual,North America,Spring Valley,California,United States
16612,27611,"Edwards, Jack",High School,Professional,North America,El Cajon,California,United States
16613,27612,"Hill, Lucas",High School,Professional,North America,Berkeley,California,United States
16615,27614,"Ye, Warren",High School,Professional,North America,Bellingham,Washington,United States
16616,27615,"Henderson, Maria",Bachelors,Management,North America,La Jolla,California,United States
16617,27616,"Brown, Emma",Bachelors,Management,North America,Lemon Grove,California,United States
16618,27617,"Phillips, Morgan",Partial College,Professional,North America,Olympia,Washington,United States
16619,27618,"Diaz, Melanie",Partial College,Professional,North America,Spokane,Washington,United States
16620,27619,"Lee, Joseph",Partial College,Professional,North America,Chula Vista,California,United States
16621,27620,"Hughes, Nicole",Graduate Degree,Management,North America,Colma,California,United States
16622,27621,"Brown, Edward",Graduate Degree,Management,North America,Santa Monica,California,United States
16623,27622,"Wilson, Lucas",Partial College,Professional,North America,Bremerton,Washington,United States
16624,27623,"Jackson, Christian",Partial College,Professional,North America,Lincoln Acres,California,United States
16625,27624,"Russell, Connor",Partial College,Professional,North America,San Gabriel,California,United States
16626,27625,"Hughes, Alexandria",Partial College,Professional,North America,Lake Oswego,Oregon,United States
16627,27626,"Hayes, Connor",Bachelors,Management,North America,Downey,California,United States
16628,27627,"Yang, Jason",Graduate Degree,Management,North America,Long Beach,California,United States
16630,27629,"Bryant, Jose",Partial College,Professional,North America,Port Orchard,Washington,United States
16631,27630,"Coleman, Xavier",Bachelors,Management,North America,Chula Vista,California,United States
16632,27631,"Phillips, Gabriella",Bachelors,Management,North America,Oakland,California,United States
16636,27635,"Perry, Grace",Partial College,Professional,North America,Burien,Washington,United States
16637,27636,"Murphy, Paige",Partial College,Professional,North America,Issaquah,Washington,United States
16638,27637,"Cook, Gabrielle",Partial College,Professional,North America,Lebanon,Oregon,United States
16639,27638,"Brooks, Marcus",Partial College,Professional,North America,Marysville,Washington,United States
16640,27639,"Price, Emma",Partial College,Professional,North America,Walla Walla,Washington,United States
16641,27640,"Thomas, Lauren",Partial College,Professional,North America,Concord,California,United States
16642,27641,"Alexander, Miranda",Partial College,Professional,North America,El Cajon,California,United States
16643,27642,"Johnson, Kayla",High School,Professional,North America,La Jolla,California,United States
16645,27644,"Sanchez, Alexandria",Partial College,Professional,North America,Issaquah,Washington,United States
16646,27645,"Anand, Colin",High School,Professional,North America,Coronado,California,United States
16647,27646,"Li, Jackson",Bachelors,Management,North America,Imperial Beach,California,United States
16648,27647,"Moore, Daniel",Partial College,Professional,North America,San Gabriel,California,United States
16649,27648,"Rogers, Chase",Partial High School,Skilled Manual,North America,Walla Walla,Washington,United States
16650,27649,"Bailey, Evan",High School,Professional,North America,Seattle,Washington,United States
16651,27650,"Griffin, Richard",High School,Professional,North America,Lake Oswego,Oregon,United States
16652,27651,"Murphy, Jeremy",High School,Professional,North America,Concord,California,United States
16653,27652,"Foster, Miguel",Partial High School,Skilled Manual,North America,Woodburn,Oregon,United States
16655,27654,"Diaz, Carrie",Graduate Degree,Management,North America,Berkeley,California,United States
16656,27655,"Alvarez, Melinda",Bachelors,Management,North America,Coronado,California,United States
16658,27657,"Chandra, Frederick",Graduate Degree,Management,North America,Chicago,Illinois,United States
16659,27658,"Gray, Cole",Graduate Degree,Management,North America,Corvallis,Oregon,United States
16660,27659,"Lopez, Jesse",Graduate Degree,Management,North America,Seattle,Washington,United States
16661,27660,"Carlson, Gerald",Graduate Degree,Management,North America,Concord,California,United States
16662,27661,"Martinez, Christopher",Graduate Degree,Management,North America,National City,California,United States
16663,27662,"Zheng, Bianca",Partial College,Professional,North America,Burbank,California,United States
16664,27663,"Collins, Aaron",Graduate Degree,Management,North America,Santa Cruz,California,United States
16665,27664,"Roberts, Luis",Bachelors,Management,North America,West Covina,California,United States
16666,27665,"Patterson, Miguel",Partial High School,Skilled Manual,North America,Daly City,California,United States
16667,27666,"Garcia, Alyssa",Partial High School,Skilled Manual,North America,Fremont,California,United States
16668,27667,"Sanchez, Jessica",High School,Professional,North America,Daly City,California,United States
16669,27668,"Gonzalez, Kevin",Graduate Degree,Management,North America,Kirkland,Washington,United States
16670,27669,"Allen, Katelyn",Graduate Degree,Management,North America,Coronado,California,United States
16671,27670,"Long, Kayla",Graduate Degree,Management,North America,Novato,California,United States
16672,27671,"Martinez, Jeremiah",Graduate Degree,Management,North America,Ballard,Washington,United States
16674,27673,"Young, Jennifer",Graduate Degree,Management,North America,Bremerton,Washington,United States
16675,27674,"Rivera, Gabrielle",Partial College,Professional,North America,Lincoln Acres,California,United States
16676,27675,"Bell, Arianna",Partial College,Professional,North America,Salem,Oregon,United States
16677,27676,"Flores, Trevor",Partial College,Professional,North America,Redwood City,California,United States
16678,27677,"Powell, Marissa",Partial College,Professional,North America,Burien,Washington,United States
16679,27678,"Carter, Angel",Partial College,Professional,North America,Lake Oswego,Oregon,United States
16680,27679,"Walker, Kayla",Partial College,Professional,North America,Puyallup,Washington,United States
16681,27680,"Foster, Benjamin",Partial College,Professional,North America,Chula Vista,California,United States
16682,27681,"Jackson, Olivia",Partial College,Professional,North America,Chula Vista,California,United States
16683,27682,"Kelly, Jennifer",Partial College,Professional,North America,Mill Valley,California,United States
16684,27683,"Reed, Alexandra",High School,Professional,North America,Beaverton,Oregon,United States
16685,27684,"Coleman, Emma",Partial College,Professional,North America,Edmonds,Washington,United States
16727,27726,"Hall, Sophia",High School,Skilled Manual,North America,Lemon Grove,California,United States
16728,27727,"Hill, Chloe",High School,Skilled Manual,North America,San Diego,California,United States
16730,27729,"Phillips, Sophia",Partial High School,Clerical,North America,Lynnwood,Washington,United States
16731,27730,"Cox, Isabella",Partial High School,Clerical,North America,Ballard,Washington,United States
16733,27732,"White, Katherine",High School,Skilled Manual,North America,Walla Walla,Washington,United States
16736,27735,"Sanders, Shelby",High School,Skilled Manual,North America,Everett,Washington,United States
16737,27736,"Young, Mackenzie",High School,Skilled Manual,North America,Woodburn,Oregon,United States
16738,27737,"Taylor, Brandon",High School,Skilled Manual,North America,Redwood City,California,United States
16741,27740,"Nath, Jodi",High School,Skilled Manual,North America,Burien,Washington,United States
16742,27741,"Foster, Gabrielle",High School,Skilled Manual,North America,Burien,Washington,United States
16743,27742,"Jones, Devin",High School,Skilled Manual,North America,Lebanon,Oregon,United States
16748,27747,"Henderson, Edward",High School,Skilled Manual,North America,Edmonds,Washington,United States
16749,27748,"Patterson, Luis",High School,Skilled Manual,North America,Milwaukie,Oregon,United States
16750,27749,"Brown, Alexis",Partial College,Skilled Manual,North America,Burbank,California,United States
16751,27750,"Phillips, Carlos",Partial College,Skilled Manual,North America,Burlingame,California,United States
16752,27751,"Cooper, Zoe",Partial College,Skilled Manual,North America,Fremont,California,United States
16754,27753,"Morgan, Steven",High School,Skilled Manual,North America,W. Linn,Oregon,United States
16755,27754,"Gonzalez, Marcus",Partial College,Skilled Manual,North America,La Jolla,California,United States
16756,27755,"Jenkins, Alyssa",Partial College,Skilled Manual,North America,Woodland Hills,California,United States
16762,27761,"Madan, Monica",Graduate Degree,Clerical,Europe,Berlin,Berlin,Germany
16766,27765,"Tang, Jerry",Partial College,Manual,Europe,Frankfurt,Hesse,Germany
16767,27766,"Vance, Joel",Partial College,Manual,Europe,Dresden,Saxony,Germany
16768,27767,"Arun, Brandy",Partial College,Manual,Europe,Solingen,North Rhine-Westphalia,Germany
16771,27770,"Zhao, Autumn",Bachelors,Clerical,Europe,Erlangen,Bavaria,Germany
16775,27774,"Munoz, Marc",High School,Manual,Europe,Stuttgart,Baden-Wuerttemberg,Germany
16776,27775,"Shen, Nina",Bachelors,Clerical,Europe,Erlangen,Bavaria,Germany
16778,27777,"Martin, Jarred",Bachelors,Skilled Manual,Europe,Munich,Bavaria,Germany
16788,27787,"Ramos, Gerald",Bachelors,Skilled Manual,Europe,Hanover,Lower Saxony,Germany
16792,27791,"Deng, Shawna",High School,Manual,Europe,Munich,Bavaria,Germany
16793,27792,"Alonso, Jacquelyn",High School,Manual,Europe,Kassel,Hesse,Germany
16798,27797,"Deng, Melvin",Bachelors,Professional,Europe,Dusseldorf,North Rhine-Westphalia,Germany
16799,27798,"Bryant, Brandon",Bachelors,Professional,Europe,Neunkirchen,North Rhine-Westphalia,Germany
16802,27801,"Cooper, Kaitlyn",Partial College,Clerical,Europe,Frankfurt,Hesse,Germany
16810,27809,"Sanchez, Arianna",Bachelors,Skilled Manual,Europe,Werne,North Rhine-Westphalia,Germany
16812,27811,"Vazquez, Darren",Bachelors,Skilled Manual,Europe,Kassel,Hesse,Germany
16814,27813,"Vance, Roy",High School,Manual,Europe,Frankfurt,Hesse,Germany
16815,27814,"Shan, Katrina",Partial College,Clerical,Europe,Munster,North Rhine-Westphalia,Germany
16824,27823,"Gao, Joan",Bachelors,Skilled Manual,Europe,Hamburg,Hamburg,Germany
16826,27825,"Zimmerman, Christy",Partial College,Clerical,Europe,Bottrop,North Rhine-Westphalia,Germany
16827,27826,"Xu, Nicolas",Partial College,Clerical,Europe,Munich,Bavaria,Germany
16831,27830,"Hall, Caleb",High School,Manual,Europe,Paderborn,North Rhine-Westphalia,Germany
16832,27831,"Vazquez, Clinton",Partial High School,Manual,Europe,Bonn,North Rhine-Westphalia,Germany
16833,27832,"Powell, Margaret",Partial College,Clerical,Europe,Erlangen,Bavaria,Germany
16839,27838,"Sai, Janelle",Partial High School,Manual,Europe,Stuttgart,Baden-Wuerttemberg,Germany
16844,27843,"Navarro, Gerald",Graduate Degree,Clerical,Europe,Grevenbroich,North Rhine-Westphalia,Germany
16856,27855,"Ye, Lisa",Partial College,Manual,Europe,Ingolstadt,Bavaria,Germany
16859,27858,"Skjønaa, Anders",Partial College,Manual,Europe,Bonn,North Rhine-Westphalia,Germany
16860,27859,"Carlson, Danny",Partial College,Manual,Europe,Salzgitter,Lower Saxony,Germany
16883,27882,"Hu, Franklin",Graduate Degree,Clerical,Europe,Erlangen,Bavaria,Germany
16884,27883,"Hernandez, Marc",Graduate Degree,Clerical,Europe,Grevenbroich,North Rhine-Westphalia,Germany
16885,27884,"Alonso, Jill",Graduate Degree,Clerical,Europe,Hamburg,Hamburg,Germany
16898,27897,"Munoz, Robin",Bachelors,Clerical,Europe,Brunswick,Lower Saxony,Germany
16901,27900,"Prasad, Toni",Bachelors,Clerical,Europe,Poing,Bavaria,Germany
16903,27902,"Alonso, Carolyn",Graduate Degree,Clerical,Europe,Hamburg,Hamburg,Germany
16909,27908,"Sanchez, Adriana",Partial College,Manual,Europe,Berlin,Berlin,Germany
16912,27911,"Moore, Robert",High School,Skilled Manual,North America,Lynnwood,Washington,United States
16913,27912,"Ramirez, Caitlin",High School,Skilled Manual,North America,Redmond,Washington,United States
16914,27913,"Zheng, Brittney",Partial College,Skilled Manual,North America,Beverly Hills,California,United States
16915,27914,"Foster, Jasmine",Partial College,Skilled Manual,North America,Coronado,California,United States
16916,27915,"Green, Jordan",Partial College,Skilled Manual,North America,Imperial Beach,California,United States
16917,27916,"Carter, Aaron",Partial College,Skilled Manual,North America,Woodland Hills,California,United States
16918,27917,"Sanders, Andrea",Partial College,Skilled Manual,North America,Long Beach,California,United States
16919,27918,"Ross, Samantha",Partial College,Skilled Manual,North America,Burlingame,California,United States
16920,27919,"Lal, Ryan",Partial College,Skilled Manual,North America,Issaquah,Washington,United States
16921,27920,"Howard, Mary",Partial College,Skilled Manual,North America,Woodland Hills,California,United States
16923,27922,"King, Isabella",Partial College,Professional,North America,Bremerton,Washington,United States
16924,27923,"Arun, Douglas",Bachelors,Management,Europe,Sulzbach Taunus,Saar,Germany
16925,27924,"He, Jeffery",Partial College,Professional,Europe,Kiel,Schleswig-Holstein,Germany
16931,27930,"Sharma, Clarence",Partial College,Professional,Europe,Berlin,Berlin,Germany
16932,27931,"Patel, Tabitha",Partial College,Professional,Europe,Berlin,Berlin,Germany
16933,27932,"Diaz, Leslie",Partial College,Professional,Europe,Essen,North Rhine-Westphalia,Germany
16938,27937,"Alvarez, Kristine",Partial College,Professional,Europe,Hamburg,Hamburg,Germany
16942,27941,"Chen, Margaret",Partial College,Professional,Europe,Grevenbroich,North Rhine-Westphalia,Germany
16944,27943,"Alvarez, Sabrina",Partial High School,Professional,Europe,Ingolstadt,Bavaria,Germany
16945,27944,"Bell, Dalton",Partial High School,Professional,Europe,Kassel,Hesse,Germany
16948,27947,"Andersen, Alison",Partial College,Professional,Europe,Munich,Bavaria,Germany
16949,27948,"Sloan, Cathy",Bachelors,Management,Europe,Munich,Bavaria,Germany
16953,27952,"Perez, Roy",High School,Professional,Europe,Essen,North Rhine-Westphalia,Germany
16960,27959,"Ramos, Armando",Partial College,Management,Europe,Leipzig,Saxony,Germany
16961,27960,"Alonso, Randall",Partial College,Management,Europe,Paderborn,North Rhine-Westphalia,Germany
16964,27963,"Dominguez, Kendra",Partial College,Management,Europe,Hamburg,Hamburg,Germany
16989,27988,"Ross, Dylan",High School,Professional,North America,Fremont,California,United States
16990,27989,"Thomas, Joseph",High School,Professional,North America,Newport Beach,California,United States
16991,27990,"Thompson, Katherine",High School,Professional,North America,Novato,California,United States
16992,27991,"Rivera, Natalie",High School,Professional,North America,Oregon City,Oregon,United States
16993,27992,"Taylor, Dylan",High School,Professional,North America,Salem,Oregon,United States
16994,27993,"Miller, Hunter",High School,Professional,North America,Santa Cruz,California,United States
16995,27994,"Rai, Jodi",High School,Professional,North America,Beaverton,Oregon,United States
16996,27995,"Stewart, Carlos",High School,Professional,North America,Berkeley,California,United States
16997,27996,"Alexander, Angela",Graduate Degree,Management,North America,Mill Valley,California,United States
16998,27997,"Malhotra, Lydia",Graduate Degree,Management,North America,Burlingame,California,United States
17000,27999,"Shan, Nathan",Graduate Degree,Management,North America,Portland,Oregon,United States
17002,28001,"Rodriguez, Sydney",Graduate Degree,Management,North America,Burlingame,California,United States
17003,28002,"Kumar, Christy",Graduate Degree,Management,North America,Bremerton,Washington,United States
17004,28003,"Sanchez, Julia",Graduate Degree,Management,North America,Lynnwood,Washington,United States
17005,28004,"Edwards, Andrea",Bachelors,Management,North America,Marysville,Washington,United States
17006,28005,"Young, Amber",Graduate Degree,Management,North America,Berkeley,California,United States
17007,28006,"Torres, Seth",Bachelors,Management,North America,Long Beach,California,United States
17008,28007,"Ye, Clayton",Bachelors,Management,North America,Beverly Hills,California,United States
17009,28008,"Baker, Jada",Bachelors,Management,North America,Salem,Oregon,United States
17010,28009,"Washington, Arianna",Bachelors,Management,North America,La Jolla,California,United States
17011,28010,"Long, Justin",Bachelors,Management,North America,Oregon City,Oregon,United States
17012,28011,"Lan, Andrew",Bachelors,Management,North America,Milwaukie,Oregon,United States
17013,28012,"Stewart, Ian",Bachelors,Management,North America,Lake Oswego,Oregon,United States
17015,28014,"Robinson, Rachel",Partial High School,Clerical,North America,Beverly Hills,California,United States
17016,28015,"Chen, Christian",High School,Professional,North America,Kirkland,Washington,United States
17017,28016,"Sanders, Cody",Partial High School,Clerical,North America,Newport Beach,California,United States
17018,28017,"Martin, Christopher",Partial High School,Clerical,North America,Bremerton,Washington,United States
17019,28018,"Foster, Rachel",Partial High School,Skilled Manual,North America,Redwood City,California,United States
17020,28019,"Ramirez, Melissa",High School,Professional,North America,Edmonds,Washington,United States
17021,28020,"Griffin, Lucas",High School,Professional,North America,Everett,Washington,United States
17023,28022,"Lopez, Jason",High School,Professional,North America,Downey,California,United States
17024,28023,"James, Andrea",High School,Professional,North America,Corvallis,Oregon,United States
17025,28024,"Perry, Miguel",Bachelors,Management,North America,Burlingame,California,United States
17027,28026,"Ross, Paige",High School,Professional,North America,Palo Alto,California,United States
17029,28028,"Allen, Elijah",High School,Professional,North America,Marysville,Washington,United States
17030,28029,"Price, Seth",High School,Professional,North America,Burbank,California,United States
17031,28030,"Gonzalez, Jason",Bachelors,Management,North America,Beaverton,Oregon,United States
17032,28031,"Navarro, Kari",Bachelors,Management,North America,Chula Vista,California,United States
17033,28032,"Coleman, Grace",Bachelors,Management,North America,Glendale,California,United States
17034,28033,"Jenkins, Gavin",Bachelors,Management,North America,Burlingame,California,United States
17038,28037,"Gonzales, Jeremiah",Partial College,Professional,North America,Woodburn,Oregon,United States
17039,28038,"Gomez, Philip",Partial College,Professional,North America,Bellflower,California,United States
17040,28039,"Lee, Xavier",Bachelors,Management,North America,Palo Alto,California,United States
17041,28040,"Mitchell, Jack",Partial College,Professional,North America,Everett,Washington,United States
17042,28041,"Wright, Rebecca",Partial College,Professional,North America,Olympia,Washington,United States
17043,28042,"Brown, Joseph",Bachelors,Management,North America,Concord,California,United States
17044,28043,"Young, Gabrielle",Bachelors,Management,North America,Concord,California,United States
17045,28044,"Navarro, Jimmy",Bachelors,Management,North America,Concord,California,United States
17048,28047,"Sanchez, Jay",Partial College,Professional,North America,Beaverton,Oregon,United States
17049,28048,"Powell, Samuel",Partial College,Professional,North America,Lemon Grove,California,United States
17050,28049,"Washington, Xavier",Partial College,Professional,North America,Oakland,California,United States
17051,28050,"Evans, Isaiah",Bachelors,Management,North America,Santa Monica,California,United States
17053,28052,"Li, Franklin",High School,Professional,North America,Bremerton,Washington,United States
17054,28053,"Howard, Jared",Partial College,Professional,North America,Beverly Hills,California,United States
17055,28054,"Cox, Carol",Partial College,Professional,North America,Redwood City,California,United States
17056,28055,"Peterson, Brooke",High School,Professional,North America,Port Orchard,Washington,United States
17057,28056,"Gray, Alex",Partial High School,Skilled Manual,North America,Walla Walla,Washington,United States
17058,28057,"Anderson, Rachel",Partial High School,Skilled Manual,North America,Seattle,Washington,United States
17059,28058,"Alvarez, Jaime",Partial High School,Skilled Manual,North America,Burlingame,California,United States
17060,28059,"Shen, Bradley",Partial High School,Skilled Manual,North America,Bellflower,California,United States
17061,28060,"Rodriguez, Blake",Graduate Degree,Professional,North America,Salem,Oregon,United States
17062,28061,"Lopez, Kyle",Graduate Degree,Professional,North America,Burlingame,California,United States
17063,28062,"Roberts, Xavier",Graduate Degree,Professional,North America,Santa Monica,California,United States
17064,28063,"Turner, Gabrielle",Graduate Degree,Professional,North America,Santa Cruz,California,United States
17065,28064,"Nath, Tamara",Graduate Degree,Professional,North America,Beaverton,Oregon,United States
17066,28065,"Gill, Carrie",Graduate Degree,Professional,North America,Beverly Hills,California,United States
17067,28066,"Taylor, Justin",Graduate Degree,Professional,North America,Downey,California,United States
17068,28067,"Bennett, Olivia",Graduate Degree,Professional,North America,Lemon Grove,California,United States
17069,28068,"Wood, Amanda",Graduate Degree,Professional,North America,Newport Beach,California,United States
17071,28070,"Morris, Ian",Bachelors,Management,North America,Daly City,California,United States
17072,28071,"Ross, Trevor",Bachelors,Management,North America,Berkeley,California,United States
17076,28075,"Jones, Edward",Graduate Degree,Management,North America,Spokane,Washington,United States
17077,28076,"Williams, Logan",Graduate Degree,Management,North America,Redwood City,California,United States
17078,28077,"Williams, Sarah",Bachelors,Management,North America,San Gabriel,California,United States
17079,28078,"Young, Jack",Bachelors,Management,North America,Lake Oswego,Oregon,United States
17082,28081,"Watson, Paige",Bachelors,Management,North America,Portland,Oregon,United States
17083,28082,"Peterson, Nathaniel",Bachelors,Management,North America,Puyallup,Washington,United States
17084,28083,"Foster, Kaitlyn",Graduate Degree,Management,North America,Bellflower,California,United States
17085,28084,"McDonald, Cameron",Graduate Degree,Management,North America,Berkeley,California,United States
17086,28085,"Evans, Jeremiah",High School,Skilled Manual,North America,Marysville,Washington,United States
17087,28086,"Anand, Bridget",Partial College,Skilled Manual,North America,Bellflower,California,United States
17088,28087,"Simmons, Maria",Partial College,Skilled Manual,North America,Bellflower,California,United States
17089,28088,"Lal, Marshall",Partial College,Skilled Manual,North America,Bellflower,California,United States
17090,28089,"Campbell, Xavier",Partial College,Skilled Manual,North America,Chula Vista,California,United States
17091,28090,"Walker, Edward",Partial College,Skilled Manual,North America,Fremont,California,United States
17094,28093,"Kumar, Brad",Partial College,Skilled Manual,North America,Bellingham,Washington,United States
17095,28094,"Peterson, Melanie",Partial College,Skilled Manual,North America,Lake Oswego,Oregon,United States
17096,28095,"Bryant, Natalie",Partial College,Skilled Manual,North America,Sedro Woolley,Washington,United States
17097,28096,"Stewart, Alexandra",Partial College,Skilled Manual,North America,Berkeley,California,United States
17098,28097,"Barnes, Jennifer",Partial College,Skilled Manual,North America,Chula Vista,California,United States
17100,28099,"Turner, Jesse",Partial College,Skilled Manual,North America,Woodland Hills,California,United States
17101,28100,"Gray, Kimberly",Partial College,Skilled Manual,North America,Woodland Hills,California,United States
17105,28104,"Williams, Hannah",Partial College,Skilled Manual,North America,Coronado,California,United States
17106,28105,"Garcia, Hannah",Partial College,Skilled Manual,North America,Downey,California,United States
17107,28106,"Williams, Chloe",Partial College,Skilled Manual,North America,Grossmont,California,United States
17113,28112,"Evans, Savannah",Partial College,Skilled Manual,North America,Downey,California,United States
17123,28122,"King, Gabriel",High School,Skilled Manual,North America,Redmond,Washington,United States
17124,28123,"Ortega, Daisy",High School,Skilled Manual,North America,Berkeley,California,United States
17125,28124,"Kelly, Mackenzie",High School,Skilled Manual,North America,Daly City,California,United States
17126,28125,"Jackson, Dalton",Partial College,Skilled Manual,North America,Fremont,California,United States
17127,28126,"Johnson, Anna",Partial College,Skilled Manual,North America,Glendale,California,United States
17128,28127,"Price, Fernando",Partial College,Skilled Manual,North America,Santa Cruz,California,United States
17129,28128,"Lee, Jeremiah",High School,Skilled Manual,North America,El Cajon,California,United States
17132,28131,"Zhu, Todd",Partial College,Professional,North America,Burbank,California,United States
17143,28142,"Lin, Willie",High School,Professional,North America,Ballard,Washington,United States
17144,28143,"Gonzalez, Samuel",Partial College,Professional,North America,Spokane,Washington,United States
17145,28144,"Phillips, Noah",Partial College,Professional,North America,Yakima,Washington,United States
17146,28145,"Jones, Brandon",Partial College,Professional,North America,Burbank,California,United States
17147,28146,"Washington, Gavin",Graduate Degree,Management,North America,Mill Valley,California,United States
17148,28147,"Black, Omar",Bachelors,Skilled Manual,North America,Bellflower,California,United States
17149,28148,"Zhao, Jon",Bachelors,Skilled Manual,North America,Bremerton,Washington,United States
17150,28149,"Miller, William",Bachelors,Skilled Manual,North America,Lakewood,California,United States
17151,28150,"Chen, Connor",Bachelors,Skilled Manual,North America,Lincoln Acres,California,United States
17152,28151,"Walker, Katherine",Bachelors,Professional,North America,Downey,California,United States
17153,28152,"Rivera, Ian",Bachelors,Professional,North America,San Carlos,California,United States
17155,28154,"Patterson, Katherine",Bachelors,Professional,North America,Long Beach,California,United States
17156,28155,"Watson, Taylor",Bachelors,Professional,North America,Newport Beach,California,United States
17157,28156,"Hall, Gabrielle",Bachelors,Professional,North America,Santa Cruz,California,United States
17159,28158,"Luo, Clarence",Bachelors,Professional,North America,Berkeley,California,United States
17160,28159,"Yang, Tamara",Bachelors,Professional,North America,Berkeley,California,United States
17163,28162,"Ward, Bruce",Partial College,Skilled Manual,North America,Grossmont,California,United States
17164,28163,"Washington, Rachel",Partial College,Skilled Manual,North America,Woodburn,Oregon,United States
17165,28164,"Coleman, Gabrielle",Partial College,Skilled Manual,North America,Lakewood,California,United States
17167,28166,"Coleman, Cassidy",High School,Skilled Manual,North America,Coronado,California,United States
17168,28167,"Hughes, Samuel",Partial College,Skilled Manual,North America,Los Angeles,California,United States
17169,28168,"Ward, Jacqueline",Partial College,Skilled Manual,North America,Long Beach,California,United States
17171,28170,"Johnson, Isabella",Partial College,Skilled Manual,North America,Glendale,California,United States
17172,28171,"Henderson, Aidan",Partial College,Skilled Manual,North America,Burien,Washington,United States
17173,28172,"Moore, Charles",Partial College,Skilled Manual,North America,Burbank,California,United States
17175,28174,"Subram, Marco",High School,Skilled Manual,North America,Beaverton,Oregon,United States
17176,28175,"Subram, Clifford",High School,Skilled Manual,North America,Beaverton,Oregon,United States
17180,28179,"Alvarez, Billy",Partial College,Skilled Manual,North America,Beaverton,Oregon,United States
17181,28180,"Chander, Jerry",Partial College,Skilled Manual,North America,Bellingham,Washington,United States
17182,28181,"Rodriguez, Katherine",Partial College,Skilled Manual,North America,Lebanon,Oregon,United States
17183,28182,"Turner, Fernando",Partial College,Skilled Manual,North America,Woodland Hills,California,United States
17184,28183,"Howard, Nicole",Partial College,Skilled Manual,North America,Burbank,California,United States
17185,28184,"Russell, Madison",Partial College,Skilled Manual,North America,Newport Beach,California,United States
17186,28185,"Alexander, Eric",Partial College,Skilled Manual,North America,Burbank,California,United States
17187,28186,"Wagner, Jenny",Partial College,Skilled Manual,North America,Beaverton,Oregon,United States
17188,28187,"Chen, Aaron",Bachelors,Professional,North America,Los Angeles,California,United States
17189,28188,"Price, Kayla",Bachelors,Professional,North America,Lake Oswego,Oregon,United States
17191,28190,"Cook, Kimberly",Graduate Degree,Professional,North America,Redwood City,California,United States
17192,28191,"Long, Mya",Graduate Degree,Professional,North America,Burien,Washington,United States
17193,28192,"Sanchez, Abigail",Graduate Degree,Professional,North America,Yakima,Washington,United States
17194,28193,"Davis, Taylor",Graduate Degree,Professional,North America,Lemon Grove,California,United States
17195,28194,"Garcia, Lydia",Graduate Degree,Professional,North America,Beaverton,Oregon,United States
17197,28196,"Cox, Timothy",Partial College,Skilled Manual,North America,Salem,Oregon,United States
17200,28199,"Jones, Alyssa",Bachelors,Professional,North America,San Francisco,California,United States
17201,28200,"Henderson, Morgan",Bachelors,Professional,North America,Santa Monica,California,United States
17222,28221,"Rodriguez, Isabella",High School,Professional,North America,San Gabriel,California,United States
17223,28222,"Lewis, Eduardo",High School,Professional,North America,W. Linn,Oregon,United States
17224,28223,"Davis, Jessica",High School,Professional,North America,Downey,California,United States
17225,28224,"Henderson, Spencer",Partial College,Professional,North America,Newport Beach,California,United States
17226,28225,"Ross, Robert",Partial College,Professional,North America,San Diego,California,United States
17227,28226,"Ramirez, Sebastian",Partial High School,Skilled Manual,North America,Edmonds,Washington,United States
17228,28227,"Wang, Caleb",Partial High School,Skilled Manual,North America,Port Orchard,Washington,United States
17229,28228,"Reed, Gloria",Partial High School,Skilled Manual,North America,Puyallup,Washington,United States
17230,28229,"Wilson, Samantha",Partial High School,Skilled Manual,North America,Torrance,California,United States
17231,28230,"Morgan, Stephanie",Partial High School,Skilled Manual,North America,Woodland Hills,California,United States
17232,28231,"Powell, James",Partial High School,Skilled Manual,North America,Salem,Oregon,United States
17233,28232,"Russell, Gavin",Partial College,Professional,North America,Beaverton,Oregon,United States
17234,28233,"Richardson, Patrick",Partial College,Professional,North America,Walla Walla,Washington,United States
17235,28234,"Nelson, Jack",Partial College,Professional,North America,Bellflower,California,United States
17236,28235,"Rogers, Cole",Bachelors,Management,North America,Coronado,California,United States
17237,28236,"Diaz, Isabel",Bachelors,Management,North America,Daly City,California,United States
17238,28237,"Foster, Hailey",Bachelors,Management,North America,Downey,California,United States
17239,28238,"Flores, Dalton",Bachelors,Management,North America,Fremont,California,United States
17241,28240,"Clark, Eduardo",Partial College,Professional,North America,Puyallup,Washington,United States
17242,28241,"King, Charles",Partial College,Professional,North America,Renton,Washington,United States
17243,28242,"Butler, Madison",Partial College,Professional,North America,Chula Vista,California,United States
17244,28243,"Cook, Marcus",Bachelors,Management,North America,Lemon Grove,California,United States
17245,28244,"Davis, Samantha",Bachelors,Management,North America,Torrance,California,United States
17247,28246,"Gray, Alexa",Partial College,Professional,North America,Corvallis,Oregon,United States
17248,28247,"Adams, Jonathan",Partial College,Professional,North America,Lake Oswego,Oregon,United States
17250,28249,"Carter, Julia",Partial College,Professional,North America,Milwaukie,Oregon,United States
17251,28250,"Dominguez, Tyrone",Partial College,Professional,North America,Bellflower,California,United States
17252,28251,"Rubio, Joe",Partial College,Professional,North America,Beverly Hills,California,United States
17253,28252,"Murphy, Sydney",Bachelors,Management,North America,Newport Beach,California,United States
17254,28253,"Green, Jeremiah",Bachelors,Management,North America,West Covina,California,United States
17256,28255,"Clark, Robert",Partial College,Professional,North America,Ballard,Washington,United States
17257,28256,"Beck, Colin",Partial College,Professional,North America,Beaverton,Oregon,United States
17258,28257,"Martin, Zachary",Partial College,Professional,North America,Yakima,Washington,United States
17259,28258,"Bryant, Destiny",Bachelors,Management,North America,San Francisco,California,United States
17260,28259,"Mitchell, Samuel",Bachelors,Management,North America,Santa Monica,California,United States
17263,28262,"Diaz, Destiny",Partial College,Professional,North America,Everett,Washington,United States
17264,28263,"Lee, Jonathan",Partial College,Professional,North America,Everett,Washington,United States
17265,28264,"Diaz, Nicole",Partial College,Professional,North America,Kirkland,Washington,United States
17266,28265,"Travers, Shirleen",High School,Professional,North America,Salem,Oregon,United States
17267,28266,"Flores, Wyatt",High School,Professional,North America,Salem,Oregon,United States
17268,28267,"Young, Jordan",Partial College,Professional,North America,Burlingame,California,United States
17269,28268,"Campbell, Jordan",High School,Professional,North America,Concord,California,United States
17270,28269,"Green, Alexandra",Bachelors,Management,North America,Glendale,California,United States
17271,28270,"Long, Samuel",High School,Professional,North America,Walla Walla,Washington,United States
17272,28271,"Gonzalez, Sean",High School,Professional,North America,Beverly Hills,California,United States
17274,28273,"Mitchell, Madeline",High School,Professional,North America,Redwood City,California,United States
17275,28274,"Rodriguez, William",Partial High School,Skilled Manual,North America,Burien,Washington,United States
17276,28275,"Howard, Ian",Partial High School,Skilled Manual,North America,Burlingame,California,United States
17277,28276,"Deng, Christy",Partial College,Professional,North America,Bellingham,Washington,United States
17278,28277,"Deng, Katrina",Partial College,Professional,North America,Bellingham,Washington,United States
17279,28278,"Becker, Jaime",Graduate Degree,Management,North America,Bremerton,Washington,United States
17280,28279,"Simmons, Spencer",Graduate Degree,Management,North America,Bremerton,Washington,United States
17281,28280,"Powell, Tristan",Graduate Degree,Management,North America,Oregon City,Oregon,United States
17282,28281,"Cox, Juan",Graduate Degree,Management,North America,Colma,California,United States
17283,28282,"Foster, Cindy",Graduate Degree,Management,North America,Salem,Oregon,United States
17286,28285,"King, Savannah",Partial College,Professional,North America,Oregon City,Oregon,United States
17287,28286,"Alexander, Destiny",Partial College,Professional,North America,Redmond,Washington,United States
17288,28287,"Bennett, Lauren",Partial College,Professional,North America,Concord,California,United States
17289,28288,"Srini, Marco",Partial College,Professional,North America,Concord,California,United States
17290,28289,"Gonzales, Jack",Partial College,Professional,North America,Redwood City,California,United States
17292,28291,"Miller, David",Partial High School,Skilled Manual,North America,Bremerton,Washington,United States
17294,28293,"Cox, Shelby",Partial High School,Skilled Manual,North America,Santa Monica,California,United States
17295,28294,"Jenkins, Alexis",Partial High School,Skilled Manual,North America,Long Beach,California,United States
17296,28295,"Collins, Wyatt",Partial High School,Skilled Manual,North America,Lebanon,Oregon,United States
17297,28296,"Butler, Thomas",Graduate Degree,Management,North America,Berkeley,California,United States
17298,28297,"Edwards, Gabrielle",Graduate Degree,Management,North America,Milwaukie,Oregon,United States
17299,28298,"Edwards, Maria",Graduate Degree,Management,North America,Lemon Grove,California,United States
17300,28299,"Shan, Jonathan",Partial College,Professional,North America,Grossmont,California,United States
17301,28300,"Bennett, Abigail",High School,Professional,North America,Spokane,Washington,United States
17302,28301,"Long, Jasmine",High School,Professional,North America,Coronado,California,United States
17331,28330,"Bailey, Charles",High School,Skilled Manual,North America,Olympia,Washington,United States
17332,28331,"Beck, Colleen",High School,Skilled Manual,North America,Burbank,California,United States
17334,28333,"Jimenez, Jaime",High School,Skilled Manual,North America,Berkeley,California,United States
17335,28334,"Tanara, Marco",High School,Skilled Manual,North America,Bremerton,Washington,United States
17336,28335,"Srini, Rebekah",High School,Skilled Manual,North America,Concord,California,United States
17337,28336,"Martin, Edward",High School,Skilled Manual,North America,Marysville,Washington,United States
17338,28337,"Bennett, Melissa",High School,Skilled Manual,North America,Oregon City,Oregon,United States
17340,28339,"Edwards, Sean",High School,Skilled Manual,North America,Walla Walla,Washington,United States
17341,28340,"Butler, Lucas",High School,Skilled Manual,North America,Santa Cruz,California,United States
17344,28343,"Morgan, Shelby",Partial High School,Clerical,North America,Redmond,Washington,United States
17345,28344,"Zhu, Alvin",Partial High School,Clerical,North America,Beverly Hills,California,United States
17346,28345,"Serrano, Diana",High School,Skilled Manual,North America,Concord,California,United States
17348,28347,"Anand, Latoya",High School,Skilled Manual,North America,Bellingham,Washington,United States
17356,28355,"James, Carlos",Bachelors,Professional,North America,Woodland Hills,California,United States
17357,28356,"Gonzalez, Blake",Bachelors,Skilled Manual,North America,La Jolla,California,United States
17359,28358,"Powell, Austin",Bachelors,Skilled Manual,North America,Burlingame,California,United States
17361,28360,"Adams, Isaiah",Bachelors,Skilled Manual,North America,Newport Beach,California,United States
17362,28361,"Wilson, Kayla",Graduate Degree,Professional,North America,Kirkland,Washington,United States
17363,28362,"Sanchez, Kaylee",Graduate Degree,Professional,North America,Novato,California,United States
17370,28369,"Moreno, Carolyn",High School,Manual,Europe,Berlin,Berlin,Germany
17375,28374,"Vance, Ruben",Partial High School,Manual,Europe,Hamburg,Hamburg,Germany
17377,28376,"Chen, Eugene",Bachelors,Clerical,Europe,Saarlouis,Saar,Germany
17382,28381,"Tang, Cedric",High School,Manual,Europe,Berlin,Berlin,Germany
17383,28382,"Ortega, Roberto",High School,Manual,Europe,Kiel,Schleswig-Holstein,Germany
17384,28383,"Zhou, Lacey",High School,Manual,Europe,Hamburg,Hamburg,Germany
17389,28388,"Rowe, Sheila",Partial High School,Manual,Europe,Stuttgart,Baden-Wuerttemberg,Germany
17397,28396,"Munoz, Rebekah",Bachelors,Professional,Europe,Hamburg,Hamburg,Germany
17401,28400,"Anand, Cedric",Partial College,Clerical,Europe,Berlin,Berlin,Germany
17405,28404,"Raman, Whitney",Partial College,Clerical,Europe,Brunswick,Lower Saxony,Germany
17406,28405,"Malhotra, Erick",Bachelors,Skilled Manual,Europe,Grevenbroich,North Rhine-Westphalia,Germany
17410,28409,"Rai, Bonnie",High School,Manual,Europe,Berlin,Berlin,Germany
17422,28421,"Gonzalez, Monica",Partial College,Clerical,Europe,Hof,Bavaria,Germany
17424,28423,"Ortega, Victor",Partial College,Clerical,Europe,Dusseldorf,North Rhine-Westphalia,Germany
17431,28430,"Suarez, Armando",Partial High School,Manual,Europe,Munster,North Rhine-Westphalia,Germany
17433,28432,"Carlson, Bruce",High School,Manual,Europe,Hamburg,Hamburg,Germany
17435,28434,"Lauer, Brian",Partial College,Clerical,Europe,Essen,North Rhine-Westphalia,Germany
17436,28435,"Liu, Edwin",Partial College,Clerical,Europe,Poing,Bavaria,Germany
17446,28445,"She, Shaun",Partial College,Clerical,Europe,Bonn,North Rhine-Westphalia,Germany
17451,28450,"Martin, Nelson",Bachelors,Manual,Europe,Paderborn,North Rhine-Westphalia,Germany
17454,28453,"Lin, Valerie",Bachelors,Manual,Europe,Bottrop,North Rhine-Westphalia,Germany
17455,28454,"Simpson, Shawna",Bachelors,Manual,Europe,Erlangen,Bavaria,Germany
17456,28455,"Sara, Raymond",Bachelors,Manual,Europe,Darmstadt,Hesse,Germany
17462,28461,"Dominguez, Joe",Partial College,Manual,Europe,Dresden,Saxony,Germany
17466,28465,"Serrano, Wendy",Bachelors,Clerical,Europe,Bonn,North Rhine-Westphalia,Germany
17468,28467,"Tang, Tasha",Partial College,Manual,Europe,Hamburg,Hamburg,Germany
17473,28472,"Ramos, Kellie",Bachelors,Clerical,Europe,Darmstadt,Hesse,Germany
17490,28489,"Zhu, Jeffery",Partial College,Manual,Europe,Saarbrücken,Saar,Germany
17491,28490,"Ramos, Krista",Partial College,Manual,Europe,Ingolstadt,Bavaria,Germany
17494,28493,"Wilson, Morgan",Graduate Degree,Clerical,Europe,Hamburg,Hamburg,Germany
17495,28494,"Martinez, Ross",Graduate Degree,Clerical,Europe,Ingolstadt,Bavaria,Germany
17498,28497,"Yang, Alvin",Partial College,Manual,Europe,Saarbrücken,Saar,Germany
17500,28499,"Srini, Lydia",Partial College,Manual,Europe,Berlin,Berlin,Germany
17501,28500,"Gonzalez, Jermaine",Partial College,Manual,Europe,Berlin,Berlin,Germany
17502,28501,"Perez, Gerald",Partial College,Manual,Europe,Bonn,North Rhine-Westphalia,Germany
17503,28502,"Jordan, Dominique",Partial College,Manual,Europe,Dresden,Saxony,Germany
17506,28505,"Xie, Barbara",Graduate Degree,Clerical,Europe,Grevenbroich,North Rhine-Westphalia,Germany
17508,28507,"Suri, Deanna",Bachelors,Clerical,Europe,Hanover,Lower Saxony,Germany
17510,28509,"Diaz, Audrey",Bachelors,Clerical,Europe,Dresden,Saxony,Germany
17514,28513,"Fernandez, Molly",Partial College,Manual,Europe,Frankfurt,Hesse,Germany
17519,28518,"Sanchez, Tammy",Bachelors,Clerical,Europe,Frankfurt,Hesse,Germany
17522,28521,"Tang, Bradley",Graduate Degree,Clerical,Europe,Dusseldorf,North Rhine-Westphalia,Germany
17523,28522,"Ma, Rosa",Graduate Degree,Skilled Manual,Europe,Sulzbach Taunus,Saar,Germany
17529,28528,"Chande, Tasha",Partial College,Manual,Europe,Dusseldorf,North Rhine-Westphalia,Germany
17532,28531,"Reed, Jared",Bachelors,Clerical,Europe,Saarlouis,Saar,Germany
17539,28538,"Sanz, Jerome",Partial High School,Manual,Europe,Frankfurt,Hesse,Germany
17544,28543,"Ye, Roger",Partial College,Clerical,Europe,Munich,Bavaria,Germany
17545,28544,"Shan, Nicolas",Partial College,Clerical,Europe,Salzgitter,Lower Saxony,Germany
17549,28548,"Ortega, Krista",Partial High School,Manual,Europe,Hamburg,Hamburg,Germany
17555,28554,"Sanders, Natalie",Bachelors,Skilled Manual,Europe,Bottrop,North Rhine-Westphalia,Germany
17556,28555,"Serrano, Monique",Bachelors,Skilled Manual,Europe,Paderborn,North Rhine-Westphalia,Germany
17557,28556,"Gonzales, Isabel",Bachelors,Skilled Manual,Europe,Solingen,North Rhine-Westphalia,Germany
17559,28558,"Stone, Dawn",Partial High School,Manual,Europe,Solingen,North Rhine-Westphalia,Germany
17564,28563,"Cai, Dennis",Partial College,Clerical,Europe,Berlin,Berlin,Germany
17565,28564,"Deng, Alisha",Partial College,Clerical,Europe,Frankfurt,Hesse,Germany
17566,28565,"Allen, James",Partial High School,Manual,Europe,Darmstadt,Hesse,Germany
17567,28566,"Sun, Colin",Partial High School,Manual,Europe,Hanover,Lower Saxony,Germany
17569,28568,"Alonso, Daisy",Partial College,Clerical,Europe,Saarlouis,Saar,Germany
17572,28571,"Torres, Anna",Partial College,Clerical,North America,Coronado,California,United States
17573,28572,"Ye, Jeffery",Partial College,Clerical,North America,Bellingham,Washington,United States
17574,28573,"Gill, Tyrone",Partial College,Clerical,North America,Burien,Washington,United States
17577,28576,"Uppal, Sunil",Graduate Degree,Skilled Manual,North America,Everett,Washington,United States
17578,28577,"Harris, Austin",Graduate Degree,Skilled Manual,North America,Issaquah,Washington,United States
17579,28578,"Rogers, Zoe",Graduate Degree,Skilled Manual,North America,Lynnwood,Washington,United States
17580,28579,"Ross, Grace",Graduate Degree,Skilled Manual,North America,Oregon City,Oregon,United States
17581,28580,"Liu, Aimee",Graduate Degree,Skilled Manual,North America,Bellflower,California,United States
17583,28582,"Hall, Olivia",Partial High School,Clerical,North America,Portland,Oregon,United States
17584,28583,"Long, Ryan",High School,Clerical,North America,Walla Walla,Washington,United States
17585,28584,"Smith, Rolando",High School,Clerical,North America,Berkeley,California,United States
17586,28585,"Russell, Julian",High School,Clerical,North America,Burbank,California,United States
17587,28586,"Diaz, Gabriel",Partial College,Clerical,North America,Lemon Grove,California,United States
17588,28587,"Harris, Xavier",Partial College,Clerical,North America,Mill Valley,California,United States
17589,28588,"Griffin, Emma",Partial College,Clerical,North America,Torrance,California,United States
17591,28590,"Jai, Gabriel",Partial High School,Clerical,North America,Oregon City,Oregon,United States
17592,28591,"Collins, Mary",Partial High School,Clerical,North America,Fremont,California,United States
17593,28592,"Johnson, Alyssa",Partial High School,Clerical,North America,San Gabriel,California,United States
17594,28593,"Peterson, Faith",Partial High School,Clerical,North America,Newport Beach,California,United States
17595,28594,"Cooper, Sydney",Partial High School,Clerical,North America,W. Linn,Oregon,United States
17596,28595,"James, Xavier",Partial High School,Clerical,North America,Lemon Grove,California,United States
17597,28596,"Butler, Haley",Partial High School,Clerical,North America,Redwood City,California,United States
17598,28597,"Harris, Brianna",Partial High School,Clerical,North America,Novato,California,United States
17599,28598,"Russell, Wyatt",High School,Clerical,North America,San Diego,California,United States
17600,28599,"Perry, Stephanie",High School,Clerical,North America,Spokane,Washington,United States
17602,28601,"Gonzales, Christian",High School,Clerical,North America,Oakland,California,United States
17604,28603,"Bell, Brian",Partial High School,Clerical,North America,San Carlos,California,United States
17605,28604,"James, Allison",Partial High School,Clerical,North America,Beaverton,Oregon,United States
17606,28605,"Coleman, Caleb",Partial High School,Clerical,North America,Glendale,California,United States
17607,28606,"Wilson, Joshua",Partial High School,Clerical,North America,Oakland,California,United States
17608,28607,"Sharma, Hunter",Partial High School,Clerical,North America,Lynnwood,Washington,United States
17610,28609,"Harris, Jose",High School,Skilled Manual,North America,Burien,Washington,United States
17611,28610,"Bailey, Jacqueline",High School,Skilled Manual,North America,Lebanon,Oregon,United States
17612,28611,"Alexander, Christian",High School,Skilled Manual,North America,Salem,Oregon,United States
17613,28612,"Roberts, Gabriel",High School,Skilled Manual,North America,Burbank,California,United States
17614,28613,"Campbell, James",High School,Skilled Manual,North America,Everett,Washington,United States
17615,28614,"Jenkins, Luis",Partial High School,Clerical,North America,Spokane,Washington,United States
17616,28615,"Flores, Jonathan",Partial High School,Clerical,North America,Lebanon,Oregon,United States
17617,28616,"Harris, Sarah",High School,Skilled Manual,North America,San Gabriel,California,United States
17618,28617,"Davis, Noah",High School,Skilled Manual,North America,Everett,Washington,United States
17619,28618,"Bailey, Katelyn",High School,Skilled Manual,North America,Seattle,Washington,United States
17620,28619,"Bailey, Brianna",High School,Skilled Manual,North America,National City,California,United States
17622,28621,"Liu, Kristen",Partial College,Clerical,North America,Barstow,California,United States
17623,28622,"Cooper, Julia",Partial College,Clerical,North America,Grossmont,California,United States
17624,28623,"Turner, Marcus",Partial College,Clerical,North America,Santa Cruz,California,United States
17626,28625,"Griffin, Logan",Partial College,Clerical,North America,Sedro Woolley,Washington,United States
17628,28627,"Collins, Edward",Partial College,Clerical,North America,Torrance,California,United States
17629,28628,"Phillips, Courtney",Partial College,Clerical,North America,Bremerton,Washington,United States
17630,28629,"Madan, Cynthia",Partial College,Clerical,North America,Bellflower,California,United States
17633,28632,"Nath, Kathryn",Graduate Degree,Skilled Manual,North America,Beaverton,Oregon,United States
17634,28633,"Howard, Christina",Graduate Degree,Skilled Manual,North America,Redmond,Washington,United States
17635,28634,"Mitchell, Nathan",Graduate Degree,Skilled Manual,North America,Salem,Oregon,United States
17636,28635,"Gonzalez, Levi",Graduate Degree,Skilled Manual,North America,Bellflower,California,United States
17637,28636,"Bryant, Victoria",Graduate Degree,Skilled Manual,North America,Fremont,California,United States
17638,28637,"Lee, Brandon",Graduate Degree,Skilled Manual,North America,Imperial Beach,California,United States
17639,28638,"Thompson, Alexandra",Graduate Degree,Skilled Manual,North America,La Jolla,California,United States
17640,28639,"Morgan, Jacqueline",Graduate Degree,Skilled Manual,North America,Lincoln Acres,California,United States
17642,28641,"Butler, Brittany",Graduate Degree,Skilled Manual,North America,Portland,Oregon,United States
17643,28642,"Ward, Lauren",Graduate Degree,Skilled Manual,North America,Colma,California,United States
17644,28643,"Gray, Xavier",Graduate Degree,Skilled Manual,North America,Spring Valley,California,United States
17645,28644,"Chow, Martha",Graduate Degree,Skilled Manual,North America,Burien,Washington,United States
17646,28645,"Fernandez, Martin",Graduate Degree,Skilled Manual,North America,Burlingame,California,United States
17650,28649,"Martinez, Nathan",Graduate Degree,Skilled Manual,North America,Burlingame,California,United States
17652,28651,"Brown, Lauren",Bachelors,Skilled Manual,North America,Berkeley,California,United States
17654,28653,"Williams, Grace",Bachelors,Skilled Manual,North America,Beverly Hills,California,United States
17655,28654,"Nelson, Miguel",Graduate Degree,Professional,North America,Salem,Oregon,United States
17656,28655,"Smith, Devin",Bachelors,Skilled Manual,North America,Tacoma,Washington,United States
17658,28657,"Hayes, Ryan",Bachelors,Skilled Manual,North America,Milwaukie,Oregon,United States
17659,28658,"Bailey, Jasmine",Bachelors,Skilled Manual,North America,Lakewood,California,United States
17661,28660,"Anderson, Justin",Graduate Degree,Professional,North America,Beaverton,Oregon,United States
17662,28661,"Ward, Dalton",Graduate Degree,Professional,North America,Lynnwood,Washington,United States
17663,28662,"Murphy, Isaiah",Graduate Degree,Professional,North America,La Jolla,California,United States
17665,28664,"Sharma, Ashlee",Bachelors,Skilled Manual,North America,Beaverton,Oregon,United States
17666,28665,"Anand, Donna",Bachelors,Skilled Manual,North America,Bellingham,Washington,United States
17667,28666,"Zhu, Kelvin",Bachelors,Skilled Manual,North America,Bremerton,Washington,United States
17668,28667,"Williams, Devin",Bachelors,Skilled Manual,North America,Corvallis,Oregon,United States
17671,28670,"Gonzales, Julia",Graduate Degree,Professional,North America,Marysville,Washington,United States
17672,28671,"Russell, Gabrielle",Graduate Degree,Professional,North America,Puyallup,Washington,United States
17673,28672,"Johnson, Blake",Graduate Degree,Professional,North America,Los Angeles,California,United States
17674,28673,"Reed, Arianna",Graduate Degree,Professional,North America,Mill Valley,California,United States
17675,28674,"Yang, Nathan",Graduate Degree,Professional,North America,Santa Monica,California,United States
17676,28675,"Mitchell, Angel",Bachelors,Skilled Manual,North America,West Covina,California,United States
17677,28676,"Bailey, Alex",Bachelors,Skilled Manual,North America,Burbank,California,United States
17678,28677,"Tang, Damien",Bachelors,Skilled Manual,North America,Bellingham,Washington,United States
17679,28678,"Adams, Ben",Bachelors,Skilled Manual,North America,Bremerton,Washington,United States
17680,28679,"Bryant, Julian",Graduate Degree,Professional,North America,Salem,Oregon,United States
17681,28680,"Brown, Hannah",Graduate Degree,Professional,North America,Milwaukie,Oregon,United States
17682,28681,"Johnson, Victoria",Graduate Degree,Professional,North America,Marysville,Washington,United States
17683,28682,"Perry, Cassidy",Graduate Degree,Professional,North America,Coronado,California,United States
17685,28684,"Saunders, Kristi",High School,Manual,Europe,Munich,Bavaria,Germany
17687,28686,"Jai, Sheena",High School,Manual,Europe,Salzgitter,Lower Saxony,Germany
17688,28687,"Gutierrez, Javier",High School,Manual,Europe,Frankfurt,Hesse,Germany
17689,28688,"Ye, Margaret",Bachelors,Clerical,Europe,Munster,North Rhine-Westphalia,Germany
17692,28691,"Andersen, Alejandro",Bachelors,Clerical,Europe,Paderborn,North Rhine-Westphalia,Germany
17699,28698,"Madan, Kristina",Partial College,Manual,Europe,Leipzig,Saxony,Germany
17700,28699,"Lu, Leah",Bachelors,Clerical,Europe,Poing,Bavaria,Germany
17701,28700,"Garcia, Summer",Graduate Degree,Clerical,Europe,Offenbach am Main,Hesse,Germany
17702,28701,"Gill, Felicia",Graduate Degree,Clerical,Europe,Munich,Bavaria,Germany
17703,28702,"Martin, Danny",Graduate Degree,Skilled Manual,Europe,Dusseldorf,North Rhine-Westphalia,Germany
17706,28705,"Powell, Ashley",Partial College,Manual,Europe,Darmstadt,Hesse,Germany
17707,28706,"Ashe, Reginald",Partial College,Manual,Europe,Berlin,Berlin,Germany
17711,28710,"Vazquez, Tyrone",High School,Manual,Europe,Bonn,North Rhine-Westphalia,Germany
17727,28726,"Liang, Kelli",Partial High School,Manual,Europe,Kiel,Schleswig-Holstein,Germany
17742,28741,"Dominguez, Bruce",Bachelors,Skilled Manual,Europe,Werne,North Rhine-Westphalia,Germany
17745,28744,"Xu, Jenny",High School,Manual,Europe,Berlin,Berlin,Germany
17753,28752,"Subram, Andre",Partial College,Clerical,Europe,Berlin,Berlin,Germany
17755,28754,"Nara, Chad",Partial High School,Manual,Europe,Berlin,Berlin,Germany
17761,28760,"Hall, Lucas",Partial College,Clerical,North America,Corvallis,Oregon,United States
17762,28761,"Campbell, Robert",Partial College,Clerical,North America,Downey,California,United States
17763,28762,"Henderson, Aaron",Partial College,Clerical,North America,Oregon City,Oregon,United States
17764,28763,"Pal, Mohamed",Partial College,Clerical,North America,Burlingame,California,United States
17765,28764,"Rubio, Frank",Partial College,Clerical,North America,Colma,California,United States
17766,28765,"Gonzales, Abigail",Graduate Degree,Skilled Manual,North America,San Carlos,California,United States
17769,28768,"Rodriguez, Emmanuel",Graduate Degree,Skilled Manual,North America,Burien,Washington,United States
17770,28769,"Foster, Brianna",Graduate Degree,Skilled Manual,North America,Everett,Washington,United States
17771,28770,"James, Sebastian",Graduate Degree,Skilled Manual,North America,W. Linn,Oregon,United States
17773,28772,"Hughes, Eric",High School,Clerical,North America,W. Linn,Oregon,United States
17774,28773,"Malhotra, Gerald",High School,Clerical,North America,Beverly Hills,California,United States
17775,28774,"Rowe, Latasha",High School,Clerical,North America,Concord,California,United States
17776,28775,"Anderson, Morgan",Partial College,Clerical,North America,Lemon Grove,California,United States
17777,28776,"Morris, Abigail",Partial High School,Clerical,North America,West Covina,California,United States
17778,28777,"Wood, Brittany",Partial High School,Clerical,North America,Yakima,Washington,United States
17781,28780,"Griffin, Melissa",Partial High School,Clerical,North America,Seattle,Washington,United States
17782,28781,"Collins, Alex",Partial High School,Clerical,North America,San Carlos,California,United States
17783,28782,"Howard, Cody",High School,Skilled Manual,North America,Coronado,California,United States
17784,28783,"Rivera, Makayla",Partial High School,Clerical,North America,Lebanon,Oregon,United States
17785,28784,"Gomez, Briana",Partial High School,Clerical,North America,Chula Vista,California,United States
17786,28785,"Foster, Jose",Partial High School,Clerical,North America,Grossmont,California,United States
17787,28786,"Prasad, Erick",Partial High School,Clerical,North America,Burien,Washington,United States
17788,28787,"Wood, Gabrielle",Partial High School,Clerical,North America,Bremerton,Washington,United States
17789,28788,"Martinez, Dominique",High School,Skilled Manual,North America,Colma,California,United States
17790,28789,"Zhang, Elijah",High School,Skilled Manual,North America,Coronado,California,United States
17791,28790,"Howard, Seth",High School,Skilled Manual,North America,Lake Oswego,Oregon,United States
17792,28791,"Johnston, Richard",Partial College,Clerical,North America,Spokane,Washington,United States
17793,28792,"Stone, Henry",Partial College,Clerical,North America,Burien,Washington,United States
17794,28793,"Jackson, Alexander",Partial College,Clerical,North America,Puyallup,Washington,United States
17795,28794,"Cooper, Juan",Partial College,Clerical,North America,W. Linn,Oregon,United States
17796,28795,"Allen, Jesse",Partial College,Clerical,North America,Newport Beach,California,United States
17797,28796,"Coleman, Cameron",Partial College,Clerical,North America,Beverly Hills,California,United States
17798,28797,"Wood, Alexandra",Partial College,Clerical,North America,Oakland,California,United States
17800,28799,"Nelson, Amber",Partial College,Clerical,North America,Glendale,California,United States
17801,28800,"Sanchez, Mason",Partial College,Clerical,North America,Burlingame,California,United States
17802,28801,"Hall, Katelyn",Graduate Degree,Skilled Manual,North America,Everett,Washington,United States
17804,28803,"Edwards, Gabriella",Graduate Degree,Skilled Manual,North America,Kirkland,Washington,United States
17805,28804,"Allen, Wyatt",Graduate Degree,Skilled Manual,North America,Burbank,California,United States
17806,28805,"Bennett, Marissa",Graduate Degree,Skilled Manual,North America,Mill Valley,California,United States
17807,28806,"Hernandez, Randall",Graduate Degree,Skilled Manual,North America,Cedar City,Utah,United States
17816,28815,"James, Lauren",Graduate Degree,Skilled Manual,North America,Torrance,California,United States
17817,28816,"Cox, Jessica",Graduate Degree,Skilled Manual,North America,Corvallis,Oregon,United States
17821,28820,"Alvarez, Naomi",Bachelors,Skilled Manual,North America,Bellingham,Washington,United States
17822,28821,"Jackson, Blake",Bachelors,Skilled Manual,North America,Issaquah,Washington,United States
17823,28822,"Alexander, Amanda",Bachelors,Skilled Manual,North America,Issaquah,Washington,United States
17824,28823,"Brown, Xavier",Graduate Degree,Skilled Manual,North America,Olympia,Washington,United States
17825,28824,"Gonzales, Brandon",Graduate Degree,Skilled Manual,North America,Redmond,Washington,United States
17826,28825,"Hernandez, Caleb",Graduate Degree,Skilled Manual,North America,Renton,Washington,United States
17827,28826,"Sharma, Jack",Graduate Degree,Skilled Manual,North America,Woodburn,Oregon,United States
17828,28827,"Robinson, Joshua",Graduate Degree,Professional,North America,Coronado,California,United States
17829,28828,"Murphy, Andrea",Graduate Degree,Professional,North America,Santa Monica,California,United States
17830,28829,"Bryant, Robert",Bachelors,Skilled Manual,North America,Berkeley,California,United States
17831,28830,"Smith, Matthew",Bachelors,Skilled Manual,North America,Port Orchard,Washington,United States
17832,28831,"Harris, Elizabeth",Bachelors,Skilled Manual,North America,Imperial Beach,California,United States
17834,28833,"Harris, Abigail",Bachelors,Skilled Manual,North America,Edmonds,Washington,United States
17836,28835,"Phillips, Elijah",Bachelors,Skilled Manual,North America,Coronado,California,United States
17839,28838,"Ross, Jasmine",Graduate Degree,Professional,North America,Bremerton,Washington,United States
17840,28839,"Parker, Connor",Graduate Degree,Professional,North America,W. Linn,Oregon,United States
17841,28840,"Harrison, Valerie",Graduate Degree,Professional,North America,Burbank,California,United States
17842,28841,"Gonzales, Samuel",Graduate Degree,Professional,North America,Colma,California,United States
17843,28842,"Bailey, Nicole",Graduate Degree,Professional,North America,Long Beach,California,United States
17857,28856,"Wang, Luke",Bachelors,Skilled Manual,North America,Spokane,Washington,United States
17858,28857,"Johnson, Matthew",Bachelors,Skilled Manual,North America,Downey,California,United States
17859,28858,"Hughes, Aidan",Bachelors,Skilled Manual,North America,Mill Valley,California,United States
17860,28859,"Cai, Micah",Bachelors,Skilled Manual,North America,Bountiful,Utah,United States
17861,28860,"Anderson, Ian",Graduate Degree,Professional,North America,Novato,California,United States
17862,28861,"Walker, Alexandra",High School,Skilled Manual,North America,Redmond,Washington,United States
17863,28862,"Ramirez, Catherine",High School,Skilled Manual,North America,Tacoma,Washington,United States
17864,28863,"Bell, Allison",Partial College,Skilled Manual,North America,Woodburn,Oregon,United States
17865,28864,"Murphy, Natalie",Partial College,Skilled Manual,North America,Redwood City,California,United States
17866,28865,"Reed, Alex",Partial College,Skilled Manual,North America,Concord,California,United States
17867,28866,"Adams, Aaron",Partial College,Skilled Manual,North America,Downey,California,United States
17868,28867,"Martinez, Natalie",Partial College,Skilled Manual,North America,Los Angeles,California,United States
17869,28868,"Chen, Jason",Partial College,Skilled Manual,North America,Newport Beach,California,United States
17870,28869,"Howard, Isabella",Partial College,Skilled Manual,North America,Port Orchard,Washington,United States
17871,28870,"Watson, Brian",Partial College,Skilled Manual,North America,Lynnwood,Washington,United States
17872,28871,"West, Jasmine",Partial College,Skilled Manual,North America,Issaquah,Washington,United States
17874,28873,"Deng, Roger",Partial College,Professional,North America,Berkeley,California,United States
17875,28874,"Brooks, Alexa",Partial College,Professional,North America,Redmond,Washington,United States
17877,28876,"Garcia, Austin",Partial College,Professional,Europe,Hamburg,Hamburg,Germany
17888,28887,"Serrano, Casey",Partial High School,Professional,Europe,Hamburg,Hamburg,Germany
17890,28889,"Beck, Alison",Bachelors,Management,Europe,Berlin,Berlin,Germany
17891,28890,"Ma, Jaclyn",Partial College,Professional,Europe,Munster,North Rhine-Westphalia,Germany
17896,28895,"Luo, Mitchell",Bachelors,Management,Europe,Munich,Bavaria,Germany
17901,28900,"Price, Jasmine",Bachelors,Management,Europe,Hamburg,Hamburg,Germany
17902,28901,"Hee, Martha",Bachelors,Management,Europe,Munich,Bavaria,Germany
17903,28902,"She, Suzanne",Bachelors,Management,Europe,Offenbach am Main,Hesse,Germany
17921,28920,"Alvarez, Renée",High School,Management,Europe,Stuttgart,Baden-Wuerttemberg,Germany
17966,28965,"Morris, Trinity",High School,Professional,North America,Portland,Oregon,United States
17967,28966,"Li, Martha",High School,Professional,North America,Concord,California,United States
17968,28967,"Morris, Jessica",High School,Professional,North America,Bellflower,California,United States
17969,28968,"Morgan, Marcus",High School,Professional,North America,Redwood City,California,United States
17970,28969,"Flores, Eduardo",High School,Professional,North America,Walla Walla,Washington,United States
17971,28970,"Peterson, Danielle",Graduate Degree,Management,North America,Oregon City,Oregon,United States
17972,28971,"Shan, Jason",Graduate Degree,Management,North America,Issaquah,Washington,United States
17973,28972,"Bennett, Taylor",Graduate Degree,Management,North America,Bremerton,Washington,United States
17974,28973,"Cooper, Bryan",Graduate Degree,Management,North America,Mill Valley,California,United States
17975,28974,"Hayes, Kelly",Graduate Degree,Management,North America,National City,California,United States
17976,28975,"Gill, Walter",High School,Professional,North America,Burlingame,California,United States
17978,28977,"Nelson, Carlos",Bachelors,Management,North America,Palo Alto,California,United States
17979,28978,"Watson, Alexandria",Bachelors,Management,North America,Beverly Hills,California,United States
17980,28979,"Williams, Matthew",Bachelors,Management,North America,Salem,Oregon,United States
17981,28980,"Watson, Alyssa",Bachelors,Management,North America,Kirkland,Washington,United States
17982,28981,"Jai, Luke",Graduate Degree,Management,North America,Redwood City,California,United States
17983,28982,"Watson, Sydney",Bachelors,Management,North America,Lincoln Acres,California,United States
17984,28983,"Lopez, Sean",Bachelors,Management,North America,Bellflower,California,United States
17985,28984,"Cox, Katherine",Bachelors,Management,North America,Olympia,Washington,United States
17986,28985,"Taylor, Andrew",Bachelors,Management,North America,West Covina,California,United States
17988,28987,"Harris, Jessica",Bachelors,Management,North America,Woodland Hills,California,United States
17989,28988,"Perez, Harold",Partial High School,Clerical,North America,Colma,California,United States
17990,28989,"Cox, Angela",Partial High School,Clerical,North America,Milwaukie,Oregon,United States
17991,28990,"Raman, Ann",Partial High School,Clerical,North America,Concord,California,United States
17992,28991,"Ward, Timothy",High School,Professional,North America,Beaverton,Oregon,United States
17994,28993,"Perry, Destiny",Partial High School,Clerical,North America,Milwaukie,Oregon,United States
17995,28994,"Hayes, Noah",High School,Professional,North America,Lakewood,California,United States
17996,28995,"Wright, Alexandra",High School,Professional,North America,Edmonds,Washington,United States
17998,28997,"Carlson, Hector",High School,Professional,North America,Chula Vista,California,United States
17999,28998,"Rodriguez, Kristina",High School,Professional,North America,Concord,California,United States
18000,28999,"Martinez, Edward",Bachelors,Management,North America,La Jolla,California,United States
18001,29000,"Baker, Nathan",Bachelors,Management,North America,Port Orchard,Washington,United States
18003,29002,"Walker, Hannah",Partial College,Professional,North America,Kirkland,Washington,United States
18004,29003,"Perez, Veronica",Partial College,Professional,North America,Chula Vista,California,United States
18005,29004,"Thomas, Andrew",Bachelors,Management,North America,Santa Monica,California,United States
18007,29006,"Kumar, Christian",Partial College,Professional,North America,Corvallis,Oregon,United States
18008,29007,"Perry, Elijah",Partial College,Professional,North America,W. Linn,Oregon,United States
18009,29008,"Luo, Andres",Bachelors,Management,North America,Burbank,California,United States
18010,29009,"Arun, Stanley",Bachelors,Management,North America,Burlingame,California,United States
18011,29010,"Long, Jennifer",Bachelors,Management,North America,Colma,California,United States
18012,29011,"Roberts, Allison",Partial College,Professional,North America,San Francisco,California,United States
18015,29014,"Powell, Ryan",Partial College,Professional,North America,Edmonds,Washington,United States
18016,29015,"Murphy, Trinity",Partial College,Professional,North America,Issaquah,Washington,United States
18017,29016,"Perez, Jackson",Partial College,Professional,North America,Marysville,Washington,United States
18018,29017,"Long, Gabriel",High School,Professional,North America,Woodburn,Oregon,United States
18019,29018,"Luo, Drew",Partial College,Professional,North America,Burbank,California,United States
18020,29019,"Morris, Isaiah",Partial College,Professional,North America,Lakewood,California,United States
18021,29020,"Young, Jackson",Bachelors,Management,North America,Spring Valley,California,United States
18023,29022,"Diaz, Sydney",High School,Professional,North America,Oregon City,Oregon,United States
18024,29023,"Campbell, Dalton",Partial College,Professional,North America,Renton,Washington,United States
18025,29024,"Blanco, Deanna",Partial College,Professional,North America,Burbank,California,United States
18026,29025,"Hayes, Miguel",Partial College,Professional,North America,Glendale,California,United States
18027,29026,"Mitchell, Sydney",Partial High School,Skilled Manual,North America,Glendale,California,United States
18029,29028,"Parker, Samuel",Partial High School,Skilled Manual,North America,Burlingame,California,United States
18030,29029,"Bennett, Marcus",Partial High School,Skilled Manual,North America,Corvallis,Oregon,United States
18031,29030,"Adams, Jeremy",Partial High School,Skilled Manual,North America,Santa Monica,California,United States
18032,29031,"Chen, Brandon",Partial High School,Skilled Manual,North America,Bremerton,Washington,United States
18033,29032,"Ramirez, Taylor",Partial High School,Skilled Manual,North America,Mill Valley,California,United States
18034,29033,"Cooper, Natalie",High School,Professional,North America,Glendale,California,United States
18035,29034,"Patterson, Jonathan",High School,Professional,North America,Edmonds,Washington,United States
18036,29035,"Scott, Elijah",Partial High School,Skilled Manual,North America,Woodland Hills,California,United States
18037,29036,"Baker, Rebecca",Partial High School,Skilled Manual,North America,Ballard,Washington,United States
18039,29038,"Hughes, Vanessa",Graduate Degree,Professional,North America,Lakewood,California,United States
18040,29039,"Hayes, Xavier",Graduate Degree,Professional,North America,Spokane,Washington,United States
18041,29040,"Liu, Colleen",Graduate Degree,Professional,North America,Berkeley,California,United States
18045,29044,"Wilson, Olivia",Bachelors,Management,North America,Portland,Oregon,United States
18046,29045,"Jones, Anna",Graduate Degree,Management,North America,Mill Valley,California,United States
18047,29046,"Richardson, Gabriella",Bachelors,Management,North America,Yakima,Washington,United States
18049,29048,"Harris, William",Bachelors,Management,North America,Berkeley,California,United States
18050,29049,"Simmons, Kelly",High School,Skilled Manual,North America,Portland,Oregon,United States
18051,29050,"Russell, Jack",Partial College,Skilled Manual,North America,Bellflower,California,United States
18052,29051,"She, Michele",Partial College,Skilled Manual,North America,Burlingame,California,United States
18053,29052,"Peterson, Ian",Partial College,Skilled Manual,North America,La Jolla,California,United States
18057,29056,"Griffin, Angelica",Partial College,Skilled Manual,North America,West Covina,California,United States
18058,29057,"Andersen, Latoya",Partial College,Skilled Manual,North America,Bellflower,California,United States
18059,29058,"Reed, Olivia",Partial College,Skilled Manual,North America,Coronado,California,United States
18060,29059,"Perry, Jocelyn",Partial College,Skilled Manual,North America,Downey,California,United States
18061,29060,"Washington, David",Partial College,Skilled Manual,North America,La Jolla,California,United States
18071,29070,"Simmons, Arianna",Partial College,Skilled Manual,North America,Lakewood,California,United States
18074,29073,"Barnes, Melanie",Bachelors,Professional,North America,Bellingham,Washington,United States
18075,29074,"Long, Joan",Partial College,Skilled Manual,North America,Puyallup,Washington,United States
18076,29075,"Wright, Jack",Partial College,Skilled Manual,North America,Salem,Oregon,United States
18077,29076,"Miller, Megan",Partial College,Skilled Manual,North America,Fremont,California,United States
18078,29077,"Henderson, Blake",Partial College,Skilled Manual,North America,Santa Monica,California,United States
18079,29078,"Sanders, Victoria",Partial College,Skilled Manual,North America,Santa Monica,California,United States
18080,29079,"Rogers, Brian",Partial College,Skilled Manual,North America,Lincoln Acres,California,United States
18090,29089,"Henderson, Noah",Bachelors,Professional,North America,Burbank,California,United States
18106,29105,"Ma, Martha",High School,Skilled Manual,North America,Burbank,California,United States
18107,29106,"Beck, Calvin",High School,Skilled Manual,North America,Burlingame,California,United States
18108,29107,"Luo, Tonya",High School,Skilled Manual,North America,Concord,California,United States
18109,29108,"Evans, Seth",Partial College,Skilled Manual,North America,El Cajon,California,United States
18110,29109,"Miller, Elizabeth",High School,Skilled Manual,North America,San Francisco,California,United States
18111,29110,"Smith, Sydney",Partial College,Skilled Manual,North America,Los Angeles,California,United States
18112,29111,"Anand, Dale",Partial College,Professional,North America,Burbank,California,United States
18113,29112,"Powell, Edward",Partial College,Professional,North America,Bellflower,California,United States
18126,29125,"Reed, Andrea",Partial College,Professional,North America,Yakima,Washington,United States
18127,29126,"Cox, Chloe",Partial College,Professional,North America,Burbank,California,United States
18128,29127,"Murphy, Bryan",Bachelors,Management,North America,Colma,California,United States
18129,29128,"Reed, Alyssa",Graduate Degree,Management,North America,Grossmont,California,United States
18130,29129,"Watson, Timothy",Graduate Degree,Management,North America,San Gabriel,California,United States
18132,29131,"Coleman, Brandon",Bachelors,Professional,North America,Glendale,California,United States
18133,29132,"Cook, Brianna",Bachelors,Professional,North America,Daly City,California,United States
18134,29133,"King, Sydney",Bachelors,Skilled Manual,North America,Oregon City,Oregon,United States
18135,29134,"Dominguez, Pedro",Bachelors,Skilled Manual,North America,Burien,Washington,United States
18137,29136,"Bryant, Caroline",Bachelors,Skilled Manual,North America,Bellflower,California,United States
18139,29138,"Wood, Eduardo",Bachelors,Professional,North America,Woodland Hills,California,United States
18140,29139,"Coleman, Riley",Graduate Degree,Professional,North America,Torrance,California,United States
18141,29140,"Ward, Richard",Graduate Degree,Professional,North America,Port Orchard,Washington,United States
18142,29141,"Wang, Suzanne",Bachelors,Professional,North America,Berkeley,California,United States
18143,29142,"Smith, Ashley",Bachelors,Professional,North America,Burlingame,California,United States
18144,29143,"Jenkins, Grace",Bachelors,Professional,North America,Lakewood,California,United States
18145,29144,"Zhang, Brandon",Partial College,Skilled Manual,North America,Redmond,Washington,United States
18146,29145,"Gray, Shelby",Partial College,Skilled Manual,North America,Olympia,Washington,United States
18147,29146,"Henderson, Ian",Partial College,Skilled Manual,North America,Edmonds,Washington,United States
18148,29147,"Roberts, Mary",High School,Skilled Manual,North America,Marysville,Washington,United States
18149,29148,"Murphy, Gabriella",High School,Skilled Manual,North America,Mill Valley,California,United States
18151,29150,"Griffin, Wyatt",Partial College,Skilled Manual,North America,Lake Oswego,Oregon,United States
18152,29151,"Long, Caroline",Partial College,Skilled Manual,North America,Chula Vista,California,United States
18154,29153,"Arun, Pedro",Bachelors,Professional,North America,Beverly Hills,California,United States
18156,29155,"Kelly, Gabriella",Partial College,Skilled Manual,North America,Puyallup,Washington,United States
18157,29156,"Barnes, Ashley",Graduate Degree,Professional,North America,San Francisco,California,United States
18158,29157,"Powell, Seth",Graduate Degree,Professional,North America,Santa Cruz,California,United States
18159,29158,"Edwards, Ian",Partial College,Skilled Manual,North America,Burien,Washington,United States
18161,29160,"Baker, Logan",Bachelors,Professional,North America,Marysville,Washington,United States
18162,29161,"Martinez, Thomas",Bachelors,Professional,North America,Oakland,California,United States
18163,29162,"Murphy, Xavier",Bachelors,Professional,North America,Salem,Oregon,United States
18164,29163,"Murphy, Mason",Bachelors,Professional,North America,Portland,Oregon,United States
18165,29164,"James, Jennifer",Bachelors,Professional,North America,Oregon City,Oregon,United States
18167,29166,"Hernandez, Jaime",Graduate Degree,Professional,North America,Berkeley,California,United States
18168,29167,"Shen, Dawn",Graduate Degree,Professional,North America,Bremerton,Washington,United States
18169,29168,"Romero, Derrick",Graduate Degree,Professional,North America,Chula Vista,California,United States
18170,29169,"Bailey, Victoria",Bachelors,Professional,North America,Bremerton,Washington,United States
18171,29170,"Adams, Alexandra",Bachelors,Professional,North America,Burlingame,California,United States
18172,29171,"Alvarez, Jay",Graduate Degree,Professional,North America,Burien,Washington,United States
18173,29172,"Carson, Arturo",Bachelors,Professional,North America,Concord,California,United States
18174,29173,"Bradley, Richard",Bachelors,Professional,North America,Yakima,Washington,United States
18175,29174,"Parker, Richard",Graduate Degree,Professional,North America,Puyallup,Washington,United States
18176,29175,"Rivera, Sean",Graduate Degree,Professional,North America,Burien,Washington,United States
18178,29177,"Martin, Frank",Graduate Degree,Management,North America,Chula Vista,California,United States
18199,29198,"Ramirez, Faith",Partial High School,Skilled Manual,North America,West Covina,California,United States
18200,29199,"Wilson, James",Partial High School,Skilled Manual,North America,Fremont,California,United States
18201,29200,"Collins, Jackson",High School,Professional,North America,Beaverton,Oregon,United States
18202,29201,"Jai, Kara",Partial College,Professional,North America,Berkeley,California,United States
18203,29202,"Kumar, Jerry",Partial College,Professional,North America,Burien,Washington,United States
18204,29203,"Hu, Laura",Partial College,Professional,North America,Chula Vista,California,United States
18205,29204,"Sharma, Austin",Partial College,Professional,North America,Walla Walla,Washington,United States
18206,29205,"Long, David",Partial High School,Skilled Manual,North America,West Covina,California,United States
18207,29206,"Anderson, Nicholas",Partial High School,Skilled Manual,North America,Grossmont,California,United States
18208,29207,"James, Katelyn",High School,Professional,North America,Tacoma,Washington,United States
18209,29208,"Lopez, Amber",High School,Professional,North America,Bellingham,Washington,United States
18211,29210,"Peterson, Devin",Bachelors,Management,North America,Everett,Washington,United States
18212,29211,"Ross, Stephanie",Bachelors,Management,North America,Lynnwood,Washington,United States
18213,29212,"Gonzales, Jocelyn",Bachelors,Management,North America,Marysville,Washington,United States
18216,29215,"Barnes, Abigail",Partial College,Professional,North America,Corvallis,Oregon,United States
18217,29216,"Wood, Antonio",Partial College,Professional,North America,Lebanon,Oregon,United States
18218,29217,"Wilson, Alexis",Partial College,Professional,North America,Tacoma,Washington,United States
18219,29218,"Moore, Brandon",Partial College,Professional,North America,W. Linn,Oregon,United States
18220,29219,"Arun, Darren",Graduate Degree,Management,North America,Chula Vista,California,United States
18221,29220,"Ramos, Melinda",Graduate Degree,Management,North America,Colma,California,United States
18222,29221,"Bennett, Kelly",Bachelors,Management,North America,Oakland,California,United States
18223,29222,"Perez, Evan",Bachelors,Management,North America,Torrance,California,United States
18224,29223,"Phillips, Angel",Partial College,Professional,North America,Bremerton,Washington,United States
18225,29224,"Bailey, Kaylee",Partial College,Professional,North America,Concord,California,United States
18226,29225,"Lee, Matthew",Partial College,Professional,North America,Port Orchard,Washington,United States
18227,29226,"Lee, Katherine",Graduate Degree,Management,North America,Redmond,Washington,United States
18228,29227,"Patel, Levi",Graduate Degree,Management,North America,Chula Vista,California,United States
18229,29228,"Campbell, Courtney",Graduate Degree,Management,North America,Newport Beach,California,United States
18233,29232,"Simmons, Samantha",Partial College,Professional,North America,Milwaukie,Oregon,United States
18234,29233,"Sanders, Caitlin",Partial College,Professional,North America,Olympia,Washington,United States
18235,29234,"Lopez, Kevin",Bachelors,Management,North America,Daly City,California,United States
18236,29235,"Rogers, Isaiah",Partial College,Professional,North America,El Cajon,California,United States
18237,29236,"Young, Eric",Partial College,Professional,North America,El Cajon,California,United States
18238,29237,"Jenkins, Jennifer",Partial College,Professional,North America,Lakewood,California,United States
18239,29238,"Powell, Xavier",Partial College,Professional,North America,Torrance,California,United States
18240,29239,"Miller, Samantha",Partial College,Professional,North America,Torrance,California,United States
18242,29241,"Evans, Sophia",Partial College,Professional,North America,Bellingham,Washington,United States
18243,29242,"Thomas, Blake",Partial College,Professional,North America,Yakima,Washington,United States
18244,29243,"Torres, Jared",Bachelors,Management,North America,Bellflower,California,United States
18245,29244,"Ross, Eric",Bachelors,Management,North America,Chula Vista,California,United States
18246,29245,"Roberts, Angel",Bachelors,Management,North America,Palo Alto,California,United States
18247,29246,"Williams, Thomas",Bachelors,Management,North America,San Diego,California,United States
18249,29248,"Martin, Jonathan",High School,Professional,North America,Redmond,Washington,United States
18250,29249,"Long, Austin",High School,Professional,North America,Sedro Woolley,Washington,United States
18251,29250,"Williams, Anthony",Partial College,Professional,North America,Yakima,Washington,United States
18252,29251,"Zhou, Mandy",Bachelors,Management,North America,Beverly Hills,California,United States
18253,29252,"Parker, Alex",Bachelors,Management,North America,Palo Alto,California,United States
18254,29253,"Green, Savannah",Bachelors,Management,North America,San Francisco,California,United States
18255,29254,"Sanchez, Erin",High School,Professional,North America,Edmonds,Washington,United States
18256,29255,"Washington, Kyle",Partial College,Professional,North America,Torrance,California,United States
18258,29257,"Russell, Jeremiah",High School,Professional,North America,Oakland,California,United States
18259,29258,"James, Makayla",High School,Professional,North America,Yakima,Washington,United States
18261,29260,"Carlson, Ricky",Graduate Degree,Management,North America,Colma,California,United States
18262,29261,"Turner, Robert",Graduate Degree,Management,North America,San Gabriel,California,United States
18263,29262,"Raje, Cassie",Graduate Degree,Management,North America,Beaverton,Oregon,United States
18264,29263,"Li, Nathan",Graduate Degree,Management,North America,Beverly Hills,California,United States
18265,29264,"Brooks, Riley",Bachelors,Management,North America,Coronado,California,United States
18266,29265,"Diaz, Marissa",Bachelors,Management,North America,Daly City,California,United States
18269,29268,"Thomas, Marcus",High School,Professional,North America,Edmonds,Washington,United States
18270,29269,"Griffin, Vanessa",High School,Professional,North America,Lebanon,Oregon,United States
18271,29270,"Allen, Carlos",Partial College,Professional,North America,Spokane,Washington,United States
18272,29271,"Henderson, Antonio",Partial College,Professional,North America,W. Linn,Oregon,United States
18273,29272,"King, Alex",Partial College,Professional,North America,Bellflower,California,United States
18274,29273,"Lopez, Timothy",Partial College,Professional,North America,Bellflower,California,United States
18275,29274,"Green, Miguel",High School,Professional,North America,Lemon Grove,California,United States
18276,29275,"Thomas, Taylor",Graduate Degree,Management,North America,Spring Valley,California,United States
18277,29276,"Flores, Sydney",Graduate Degree,Management,North America,Puyallup,Washington,United States
18279,29278,"Scott, Janet",Graduate Degree,Management,North America,Long Beach,California,United States
18280,29279,"Turner, Hailey",Graduate Degree,Management,North America,Lemon Grove,California,United States
18281,29280,"Cook, Erin",Partial College,Professional,North America,Walla Walla,Washington,United States
18284,29283,"Smith, Jeff",High School,Professional,North America,Concord,California,United States
18285,29284,"Hughes, Riley",High School,Professional,North America,Ballard,Washington,United States
18286,29285,"Adams, Thomas",High School,Professional,North America,Beverly Hills,California,United States
18323,29322,"Alexander, Gavin",High School,Skilled Manual,North America,Milwaukie,Oregon,United States
18325,29324,"Williams, Kayla",High School,Skilled Manual,North America,Ballard,Washington,United States
18326,29325,"Thomas, Cameron",High School,Skilled Manual,North America,Bremerton,Washington,United States
18327,29326,"Diaz, Victoria",High School,Skilled Manual,North America,Concord,California,United States
18328,29327,"Chandra, Allen",High School,Skilled Manual,North America,Bremerton,Washington,United States
18329,29328,"Alexander, Jason",High School,Skilled Manual,North America,Glendale,California,United States
18330,29329,"Campbell, Lucas",High School,Skilled Manual,North America,Portland,Oregon,United States
18331,29330,"Ward, Alexa",High School,Skilled Manual,North America,W. Linn,Oregon,United States
18335,29334,"Howard, Paige",Partial High School,Clerical,North America,Walla Walla,Washington,United States
18336,29335,"Bryant, Justin",Partial High School,Clerical,North America,Seattle,Washington,United States
18349,29348,"Bryant, Miguel",Bachelors,Skilled Manual,North America,Seattle,Washington,United States
18350,29349,"Bryant, Gabrielle",Bachelors,Skilled Manual,North America,Salem,Oregon,United States
18351,29350,"Thompson, Julia",Bachelors,Skilled Manual,North America,West Covina,California,United States
18353,29352,"Gonzalez, Lydia",Bachelors,Skilled Manual,North America,Beverly Hills,California,United States
18354,29353,"Gomez, Orlando",Bachelors,Skilled Manual,North America,Burien,Washington,United States
18355,29354,"Edwards, Isaiah",Graduate Degree,Professional,North America,Marysville,Washington,United States
18356,29355,"Fernandez, Virginia",Graduate Degree,Clerical,Europe,Berlin,Berlin,Germany
18357,29356,"Diaz, Casey",Graduate Degree,Clerical,Europe,Frankfurt,Hesse,Germany
18363,29362,"Chandra, Emmanuel",Partial College,Manual,Europe,Darmstadt,Hesse,Germany
18364,29363,"Jai, Cristina",Partial College,Manual,Europe,Hamburg,Hamburg,Germany
18366,29365,"Carlson, Cheryl",High School,Manual,Europe,Saarlouis,Saar,Germany
18371,29370,"Kelly, Mason",Bachelors,Clerical,Europe,Bottrop,North Rhine-Westphalia,Germany
18372,29371,"Walker, Matthew",High School,Manual,Europe,Paderborn,North Rhine-Westphalia,Germany
18375,29374,"Sai, Shane",High School,Manual,Europe,Bonn,North Rhine-Westphalia,Germany
18376,29375,"Malhotra, Sergio",High School,Manual,Europe,Frankfurt,Hesse,Germany
18378,29377,"Carlson, Rebekah",Bachelors,Skilled Manual,Europe,Saarlouis,Saar,Germany
18382,29381,"Shen, Melvin",High School,Manual,Europe,Mühlheim am Main,Hesse,Germany
18386,29385,"Lal, Don",High School,Manual,Europe,Berlin,Berlin,Germany
18392,29391,"Chandra, Ebony",Bachelors,Professional,Europe,Bottrop,North Rhine-Westphalia,Germany
18395,29394,"Torres, Raquel",Partial College,Clerical,Europe,Eilenburg,Saxony,Germany
18397,29396,"Zeng, Arturo",Bachelors,Skilled Manual,Europe,Bonn,North Rhine-Westphalia,Germany
18399,29398,"Suri, Bruce",Bachelors,Professional,Europe,Kiel,Schleswig-Holstein,Germany
18400,29399,"Gomez, Janet",Bachelors,Professional,Europe,Leipzig,Saxony,Germany
18401,29400,"Browning, Marvin",Bachelors,Skilled Manual,Europe,Paderborn,North Rhine-Westphalia,Germany
18404,29403,"Romero, Erik",Bachelors,Skilled Manual,Europe,Paderborn,North Rhine-Westphalia,Germany
18407,29406,"Ward, Melissa",Partial High School,Manual,Europe,Darmstadt,Hesse,Germany
18410,29409,"Pal, Kelsey",Partial College,Clerical,Europe,Hamburg,Hamburg,Germany
18411,29410,"Price, Lucas",Partial College,Clerical,Europe,Hof,Bavaria,Germany
18418,29417,"Vazquez, Kellie",Partial High School,Manual,Europe,Munich,Bavaria,Germany
18419,29418,"Sharma, Lindsey",High School,Manual,Europe,Berlin,Berlin,Germany
18425,29424,"Gill, Erik",Partial High School,Manual,Europe,Stuttgart,Baden-Wuerttemberg,Germany
18429,29428,"Perez, Kristopher",Partial High School,Manual,Europe,Brunswick,Lower Saxony,Germany
18431,29430,"Goel, Donna",Partial College,Clerical,Europe,Brunswick,Lower Saxony,Germany
18435,29434,"Yuan, Donna",Bachelors,Manual,Europe,Solingen,North Rhine-Westphalia,Germany
18436,29435,"Rodriguez, Stanley",Bachelors,Manual,Europe,Sulzbach Taunus,Saar,Germany
18437,29436,"Raman, Adriana",Bachelors,Manual,Europe,Hamburg,Hamburg,Germany
18439,29438,"Fernandez, Terrance",Graduate Degree,Clerical,Europe,Bonn,North Rhine-Westphalia,Germany
18441,29440,"Cai, Rafael",Graduate Degree,Clerical,Europe,Munich,Bavaria,Germany
18442,29441,"Patel, Adriana",Graduate Degree,Clerical,Europe,Neunkirchen,North Rhine-Westphalia,Germany
18443,29442,"Yuan, Damien",Bachelors,Manual,Europe,Saarbrücken,Saar,Germany
18447,29446,"Ma, Jamie",Graduate Degree,Clerical,Europe,Brunswick,Lower Saxony,Germany
18449,29448,"Yuan, Lindsey",Partial College,Manual,Europe,Hamburg,Hamburg,Germany
18450,29449,"Chen, Laura",Bachelors,Clerical,Europe,Salzgitter,Lower Saxony,Germany
18467,29466,"Jimenez, Lance",Bachelors,Clerical,Europe,Solingen,North Rhine-Westphalia,Germany
18468,29467,"Mehta, Monica",Graduate Degree,Clerical,Europe,Sulzbach Taunus,Saar,Germany
18475,29474,"Raje, Jaime",Partial College,Manual,Europe,Saarbrücken,Saar,Germany
18476,29475,"Ward, Jared",Partial College,Manual,Europe,Hamburg,Hamburg,Germany
18477,29476,"Bradley, Elizabeth",Partial College,Manual,Europe,Hamburg,Hamburg,Germany
18482,29481,"Suri, Ivan",Graduate Degree,Clerical,Europe,Hof,Bavaria,Germany
18766,CS434,Unknown,Unknown,Unknown,North America,Bluffton,South Carolina,United States
18774,CS445,Unknown,Unknown,Unknown,North America,Burlingame,California,United States
18776,CS450,Unknown,Unknown,Unknown,North America,Campbellsville,Kentucky,United States
18777,CS451,Unknown,Unknown,Unknown,North America,Carol Stream,Illinois,United States
18782,CS458,Unknown,Unknown,Unknown,North America,Charlotte,North Carolina,United States
18784,CS461,Unknown,Unknown,Unknown,North America,Cheyenne,Wyoming,United States
18785,CS462,Unknown,Unknown,Unknown,North America,Cincinnati,Ohio,United States
18786,CS463,Unknown,Unknown,Unknown,North America,City Of Commerce,California,United States
18788,CS465,Unknown,Unknown,Unknown,North America,Clay,New York,United States
18791,CS469,Unknown,Unknown,Unknown,North America,Colma,California,United States
18792,CS470,Unknown,Unknown,Unknown,North America,Concord,California,United States
18795,CS479,Unknown,Unknown,Unknown,North America,Edmonds,Washington,United States
18796,CS494,Unknown,Unknown,Unknown,North America,Imperial Beach,California,United States
18797,CS495,Unknown,Unknown,Unknown,North America,Issaquah,Washington,United States
18798,CS500,Unknown,Unknown,Unknown,North America,Lebanon,Oregon,United States
18799,CS502,Unknown,Unknown,Unknown,North America,Lemon Grove,California,United States
18800,CS507,Unknown,Unknown,Unknown,North America,Lynnwood,Washington,United States
18801,CS508,Unknown,Unknown,Unknown,North America,Marysville,Washington,United States
18802,CS516,Unknown,Unknown,Unknown,North America,National City,California,United States
18803,CS520,Unknown,Unknown,Unknown,North America,Oakland,California,United States
18804,CS522,Unknown,Unknown,Unknown,North America,Olympia,Washington,United States
18806,CS527,Unknown,Unknown,Unknown,North America,Palo Alto,California,United States
18807,CS535,Unknown,Unknown,Unknown,North America,Port Orchard,Washington,United States
18808,CS536,Unknown,Unknown,Unknown,North America,Portland,Oregon,United States
18809,CS537,Unknown,Unknown,Unknown,North America,Puyallup,Washington,United States
18810,CS538,Unknown,Unknown,Unknown,North America,Redwood City,California,United States
18812,CS547,Unknown,Unknown,Unknown,North America,Santa Monica,California,United States
18813,CS551,Unknown,Unknown,Unknown,North America,Spokane,Washington,United States
18814,CS552,Unknown,Unknown,Unknown,North America,Spring Valley,California,United States
18815,CS559,Unknown,Unknown,Unknown,North America,Tacoma,Washington,United States
18816,CS560,Unknown,Unknown,Unknown,North America,Torrance,California,United States
18818,CS566,Unknown,Unknown,Unknown,North America,Walla Walla,Washington,United States
18819,CS570,Unknown,Unknown,Unknown,North America,West Covina,California,United States
18821,CS573,Unknown,Unknown,Unknown,North America,Woodburn,Oregon,United States
18822,CS575,Unknown,Unknown,Unknown,North America,Yakima,Washington,United States
18823,CS578,Unknown,Unknown,Unknown,North America,Barstow,California,United States
18824,CS579,Unknown,Unknown,Unknown,North America,Baytown,Texas,United States
18825,CS580,Unknown,Unknown,Unknown,North America,Beaverton,Oregon,United States
18826,CS581,Unknown,Unknown,Unknown,North America,Bell Gardens,California,United States
18827,CS582,Unknown,Unknown,Unknown,North America,Bellflower,California,United States
18828,CS583,Unknown,Unknown,Unknown,North America,Bellingham,Washington,United States
18829,CS584,Unknown,Unknown,Unknown,North America,Berkeley,California,United States
18830,CS593,Unknown,Unknown,Unknown,North America,Bradenton,Florida,United States
18831,CS597,Unknown,Unknown,Unknown,North America,Burien,Washington,United States
18832,CS600,Unknown,Unknown,Unknown,North America,Camarillo,California,United States
18833,CS601,Unknown,Unknown,Unknown,North America,Canoga Park,California,United States
18834,CS602,Unknown,Unknown,Unknown,North America,Carson,California,United States
18835,CS603,Unknown,Unknown,Unknown,North America,Casper,Wyoming,United States
18836,CS604,Unknown,Unknown,Unknown,North America,Cedar City,Utah,United States
18837,CS605,Unknown,Unknown,Unknown,North America,Central Valley,New York,United States
18838,CS606,Unknown,Unknown,Unknown,North America,Chandler,Arizona,United States
18839,CS607,Unknown,Unknown,Unknown,North America,Cheektowaga,New York,United States
18840,CS609,Unknown,Unknown,Unknown,North America,Chicago,Illinois,United States
18841,CS610,Unknown,Unknown,Unknown,North America,Chula Vista,California,United States
18842,CS611,Unknown,Unknown,Unknown,North America,Citrus Heights,California,United States
18843,CS612,Unknown,Unknown,Unknown,North America,Clackamas,Oregon,United States
18844,CS614,Unknown,Unknown,Unknown,North America,College Station,Texas,United States
18845,CS617,Unknown,Unknown,Unknown,North America,Columbus,Georgia,United States
18846,CS618,Unknown,Unknown,Unknown,North America,Columbus,Ohio,United States
18847,CS619,Unknown,Unknown,Unknown,North America,Coronado,California,United States
18848,CS620,Unknown,Unknown,Unknown,North America,Corvallis,Oregon,United States
18849,CS625,Unknown,Unknown,Unknown,North America,El Cajon,California,United States
18850,CS627,Unknown,Unknown,Unknown,North America,Everett,Washington,United States
18851,CS631,Unknown,Unknown,Unknown,North America,Fremont,California,United States
18852,CS633,Unknown,Unknown,Unknown,North America,Glendale,California,United States
18853,CS642,Unknown,Unknown,Unknown,North America,Kirkland,Washington,United States
18854,CS643,Unknown,Unknown,Unknown,North America,La Jolla,California,United States
18855,CS644,Unknown,Unknown,Unknown,North America,Lake Oswego,Oregon,United States
18856,CS645,Unknown,Unknown,Unknown,North America,Lakewood,California,United States
18857,CS652,Unknown,Unknown,Unknown,North America,Long Beach,California,United States
18858,CS653,Unknown,Unknown,Unknown,North America,Los Angeles,California,United States
18859,CS658,Unknown,Unknown,Unknown,North America,Mill Valley,California,United States
18860,CS660,Unknown,Unknown,Unknown,North America,Milwaukie,Oregon,United States
18861,CS667,Unknown,Unknown,Unknown,North America,Newport Beach,California,United States
18863,CS670,Unknown,Unknown,Unknown,North America,Novato,California,United States
18864,CS677,Unknown,Unknown,Unknown,North America,Redmond,Washington,United States
18865,CS678,Unknown,Unknown,Unknown,North America,Renton,Washington,United States
18867,CS686,Unknown,Unknown,Unknown,North America,Salem,Oregon,United States
18868,CS688,Unknown,Unknown,Unknown,North America,San Diego,California,United States
18869,CS689,Unknown,Unknown,Unknown,North America,San Francisco,California,United States
18870,CS690,Unknown,Unknown,Unknown,North America,San Gabriel,California,United States
18871,CS691,Unknown,Unknown,Unknown,North America,Santa Cruz,California,United States
18872,CS693,Unknown,Unknown,Unknown,North America,Seattle,Washington,United States
18873,CS694,Unknown,Unknown,Unknown,North America,Sedro Woolley,Washington,United States
18876,CS707,Unknown,Unknown,Unknown,North America,Woodland Hills,California,United States
18877,CS782,Unknown,Unknown,Unknown,North America,Albany,New York,United States
18878,CS783,Unknown,Unknown,Unknown,North America,Alexandria,Virginia,United States
18879,CS784,Unknown,Unknown,Unknown,North America,Anchorage,Alaska,United States
18880,CS785,Unknown,Unknown,Unknown,North America,Annapolis,Maryland,United States
18881,CS786,Unknown,Unknown,Unknown,North America,Appleton,Wisconsin,United States
18882,CS787,Unknown,Unknown,Unknown,North America,Arlington,Texas,United States
18883,CS788,Unknown,Unknown,Unknown,North America,Atlantic City,New Jersey,United States
18884,CS789,Unknown,Unknown,Unknown,North America,Attleboro,Massachusetts,United States
18885,CS790,Unknown,Unknown,Unknown,North America,Aurora,Colorado,United States
18886,CS791,Unknown,Unknown,Unknown,North America,Austin,Texas,United States
18887,CS794,Unknown,Unknown,Unknown,North America,Baltimore,Maryland,United States
18888,CS795,Unknown,Unknown,Unknown,North America,Bangor,Maine,United States
18889,CS796,Unknown,Unknown,Unknown,North America,Bar Harbor,Maine,United States
18890,CS797,Unknown,Unknown,Unknown,North America,Bayonne,New Jersey,United States
18891,CS798,Unknown,Unknown,Unknown,North America,Beaumont,Texas,United States
18892,CS799,Unknown,Unknown,Unknown,North America,Berthoud,Colorado,United States
18893,CS800,Unknown,Unknown,Unknown,North America,Bethesda,Maryland,United States
18894,CS802,Unknown,Unknown,Unknown,North America,Boston,Massachusetts,United States
18895,CS803,Unknown,Unknown,Unknown,North America,Boulder,Colorado,United States
18896,CS804,Unknown,Unknown,Unknown,North America,Brooklyn,New York,United States
18897,CS805,Unknown,Unknown,Unknown,North America,Buffalo,New York,United States
18898,CS806,Unknown,Unknown,Unknown,North America,Burlington,Wisconsin,United States
18899,CS807,Unknown,Unknown,Unknown,North America,Cape Canaveral,Florida,United States
18900,CS808,Unknown,Unknown,Unknown,North America,Cape May,New Jersey,United States
18901,CS809,Unknown,Unknown,Unknown,North America,Castle Rock,Colorado,United States
18902,CS810,Unknown,Unknown,Unknown,North America,Charleston,South Carolina,United States
18903,CS811,Unknown,Unknown,Unknown,North America,Charlottesville,Virginia,United States
18904,CS812,Unknown,Unknown,Unknown,North America,Cheney,Washington,United States
18905,CS813,Unknown,Unknown,Unknown,North America,Cle Elum,Washington,United States
18906,CS814,Unknown,Unknown,Unknown,North America,Clifton,New Jersey,United States
18907,CS815,Unknown,Unknown,Unknown,North America,Dallas,Texas,United States
18908,CS816,Unknown,Unknown,Unknown,North America,Darien,Connecticut,United States
18909,CS817,Unknown,Unknown,Unknown,North America,Denton,Texas,United States
18910,CS818,Unknown,Unknown,Unknown,North America,Denver,Colorado,United States
18911,CS819,Unknown,Unknown,Unknown,North America,Desoto,Texas,United States
18912,CS820,Unknown,Unknown,Unknown,North America,East Orange,New Jersey,United States
18913,CS821,Unknown,Unknown,Unknown,North America,East Troy,Wisconsin,United States
18914,CS822,Unknown,Unknown,Unknown,North America,Edgerton,Wisconsin,United States
18915,CS823,Unknown,Unknown,Unknown,North America,Elmira,New York,United States
18916,CS824,Unknown,Unknown,Unknown,North America,Englewood,Colorado,United States
18917,CS825,Unknown,Unknown,Unknown,North America,Fall City,Washington,United States
18918,CS826,Unknown,Unknown,Unknown,North America,Falmouth,Massachusetts,United States
18919,CS827,Unknown,Unknown,Unknown,North America,Fond du Lac,Wisconsin,United States
18920,CS828,Unknown,Unknown,Unknown,North America,Fort Atkinson,Wisconsin,United States
18921,CS830,Unknown,Unknown,Unknown,North America,Fort Lauderdale,Florida,United States
18922,CS831,Unknown,Unknown,Unknown,North America,Fort Worth,Texas,United States
18923,CS832,Unknown,Unknown,Unknown,North America,Framingham,Massachusetts,United States
18924,CS833,Unknown,Unknown,Unknown,North America,Fredericksburg,Virginia,United States
18925,CS834,Unknown,Unknown,Unknown,North America,Georgetown,Texas,United States
18926,CS835,Unknown,Unknown,Unknown,North America,Germantown,Maryland,United States
18927,CS836,Unknown,Unknown,Unknown,North America,Grand Junction,Colorado,United States
18928,CS837,Unknown,Unknown,Unknown,North America,Grand Prairie,Texas,United States
18929,CS838,Unknown,Unknown,Unknown,North America,Granger,Washington,United States
18930,CS839,Unknown,Unknown,Unknown,North America,Greeley,Colorado,United States
18931,CS840,Unknown,Unknown,Unknown,North America,Green Bay,Wisconsin,United States
18932,CS841,Unknown,Unknown,Unknown,North America,Greenville,South Carolina,United States
18933,CS842,Unknown,Unknown,Unknown,North America,Hackensack,New Jersey,United States
18934,CS843,Unknown,Unknown,Unknown,North America,Hartford,Connecticut,United States
18935,CS844,Unknown,Unknown,Unknown,North America,Haverhill,Massachusetts,United States
18936,CS845,Unknown,Unknown,Unknown,North America,Hillsboro,Texas,United States
18937,CS846,Unknown,Unknown,Unknown,North America,Hingham,Massachusetts,United States
18938,CS847,Unknown,Unknown,Unknown,North America,Hoboken,New Jersey,United States
18939,CS848,Unknown,Unknown,Unknown,North America,Holyoke,Massachusetts,United States
18940,CS849,Unknown,Unknown,Unknown,North America,Houston,Texas,United States
18941,CS850,Unknown,Unknown,Unknown,North America,Howard,Maryland,United States
18942,CS851,Unknown,Unknown,Unknown,North America,Humble,Texas,United States
18943,CS852,Unknown,Unknown,Unknown,North America,Ithaca,New York,United States
18944,CS853,Unknown,Unknown,Unknown,North America,Jacksonville,Florida,United States
18945,CS854,Unknown,Unknown,Unknown,North America,Jersey City,New Jersey,United States
18946,CS856,Unknown,Unknown,Unknown,North America,Kennewick,Washington,United States
18947,CS857,Unknown,Unknown,Unknown,North America,Key West,Florida,United States
18948,CS858,Unknown,Unknown,Unknown,North America,La Porte,Texas,United States
18949,CS859,Unknown,Unknown,Unknown,North America,Lafayette,Colorado,United States
18950,CS860,Unknown,Unknown,Unknown,North America,Lakeland,Florida,United States
18951,CS861,Unknown,Unknown,Unknown,North America,Leominster,Massachusetts,United States
18952,CS862,Unknown,Unknown,Unknown,North America,Lewiston,Maine,United States
18953,CS863,Unknown,Unknown,Unknown,North America,Lewisville,Texas,United States
18954,CS865,Unknown,Unknown,Unknown,North America,Littleton,Colorado,United States
18955,CS866,Unknown,Unknown,Unknown,North America,Longview,Texas,United States
18956,CS867,Unknown,Unknown,Unknown,North America,Loveland,Colorado,United States
18957,CS868,Unknown,Unknown,Unknown,North America,Lowell,Massachusetts,United States
18958,CS869,Unknown,Unknown,Unknown,North America,Lynn,Massachusetts,United States
18959,CS870,Unknown,Unknown,Unknown,North America,Madison,Wisconsin,United States
18960,CS871,Unknown,Unknown,Unknown,North America,Manitowoc,Wisconsin,United States
18961,CS872,Unknown,Unknown,Unknown,North America,Marshall,Texas,United States
18962,CS873,Unknown,Unknown,Unknown,North America,Martinsville,Virginia,United States
18963,CS874,Unknown,Unknown,Unknown,North America,Menasha,Wisconsin,United States
18964,CS875,Unknown,Unknown,Unknown,North America,Miami,Florida,United States
18965,CS876,Unknown,Unknown,Unknown,North America,Midland,Texas,United States
18966,CS877,Unknown,Unknown,Unknown,North America,Milliken,Colorado,United States
18967,CS878,Unknown,Unknown,Unknown,North America,Milwaukee,Wisconsin,United States
18968,CS879,Unknown,Unknown,Unknown,North America,Minden,Texas,United States
18969,CS880,Unknown,Unknown,Unknown,North America,Montclair,New Jersey,United States
18970,CS882,Unknown,Unknown,Unknown,North America,Morristown,New Jersey,United States
18971,CS883,Unknown,Unknown,Unknown,North America,Nantucket,Massachusetts,United States
18972,CS884,Unknown,Unknown,Unknown,North America,Naples,Florida,United States
18973,CS885,Unknown,Unknown,Unknown,North America,New Bedford,Massachusetts,United States
18974,CS886,Unknown,Unknown,Unknown,North America,New Brunswick,New Jersey,United States
18975,CS887,Unknown,Unknown,Unknown,North America,New Castle,Colorado,United States
18976,CS888,Unknown,Unknown,Unknown,North America,New Haven,Connecticut,United States
18977,CS889,Unknown,Unknown,Unknown,North America,New London,Connecticut,United States
18978,CS890,Unknown,Unknown,Unknown,North America,New York,New York,United States
18979,CS891,Unknown,Unknown,Unknown,North America,Newark,New Jersey,United States
18980,CS892,Unknown,Unknown,Unknown,North America,Norfolk,Virginia,United States
18981,CS893,Unknown,Unknown,Unknown,North America,North Bend,Washington,United States
18982,CS895,Unknown,Unknown,Unknown,North America,Northampton,Massachusetts,United States
18983,CS896,Unknown,Unknown,Unknown,North America,Old Saybrook,Connecticut,United States
18984,CS897,Unknown,Unknown,Unknown,North America,Orange,Texas,United States
18985,CS898,Unknown,Unknown,Unknown,North America,Oregon,Wisconsin,United States
18986,CS899,Unknown,Unknown,Unknown,North America,Orlando,Florida,United States
18987,CS900,Unknown,Unknown,Unknown,North America,Orono,Maine,United States
18988,CS901,Unknown,Unknown,Unknown,North America,Oshkosh,Wisconsin,United States
18989,CS902,Unknown,Unknown,Unknown,North America,Oswego,New York,United States
18991,CS904,Unknown,Unknown,Unknown,North America,Parker,Colorado,United States
18992,CS905,Unknown,Unknown,Unknown,North America,Parkville,Maryland,United States
18993,CS906,Unknown,Unknown,Unknown,North America,Pasadena,Texas,United States
18994,CS907,Unknown,Unknown,Unknown,North America,Passaic,New Jersey,United States
18995,CS908,Unknown,Unknown,Unknown,North America,Paterson,New Jersey,United States
18996,CS909,Unknown,Unknown,Unknown,North America,Pittsfield,Massachusetts,United States
18997,CS910,Unknown,Unknown,Unknown,North America,Plano,Texas,United States
18998,CS911,Unknown,Unknown,Unknown,North America,Plattsburgh,New York,United States
18999,CS912,Unknown,Unknown,Unknown,North America,Poestenkill,New York,United States
19000,CS913,Unknown,Unknown,Unknown,North America,Port Washington,Wisconsin,United States
19001,CS914,Unknown,Unknown,Unknown,North America,Provincetown,Massachusetts,United States
19002,CS917,Unknown,Unknown,Unknown,North America,Quincy,Massachusetts,United States
19003,CS918,Unknown,Unknown,Unknown,North America,Racine,Wisconsin,United States
19004,CS919,Unknown,Unknown,Unknown,North America,Richardson,Texas,United States
19005,CS920,Unknown,Unknown,Unknown,North America,Ridgely,Maryland,United States
19006,CS921,Unknown,Unknown,Unknown,North America,Roanoke,Virginia,United States
19007,CS922,Unknown,Unknown,Unknown,North America,Rochester,New York,United States
19008,CS923,Unknown,Unknown,Unknown,North America,Round Rock,Texas,United States
19009,CS924,Unknown,Unknown,Unknown,North America,Russellville,Texas,United States
19010,CS925,Unknown,Unknown,Unknown,North America,San Antonio,Texas,United States
19011,CS926,Unknown,Unknown,Unknown,North America,Sebring,Florida,United States
19012,CS927,Unknown,Unknown,Unknown,North America,Sedalia,Colorado,United States
19013,CS928,Unknown,Unknown,Unknown,North America,Sheboygan,Wisconsin,United States
19014,CS929,Unknown,Unknown,Unknown,North America,Shreveport,Texas,United States
19015,CS930,Unknown,Unknown,Unknown,North America,Snoqualmie,Washington,United States
19016,CS931,Unknown,Unknown,Unknown,North America,Somerville,Massachusetts,United States
19017,CS932,Unknown,Unknown,Unknown,North America,South Portland,Maine,United States
19018,CS933,Unknown,Unknown,Unknown,North America,Spring,Texas,United States
19019,CS934,Unknown,Unknown,Unknown,North America,Stoughton,Wisconsin,United States
19020,CS935,Unknown,Unknown,Unknown,North America,Sunnyside,Washington,United States
19021,CS936,Unknown,Unknown,Unknown,North America,Syracuse,New York,United States
19022,CS937,Unknown,Unknown,Unknown,North America,Tallahassee,Florida,United States
19023,CS938,Unknown,Unknown,Unknown,North America,Tampa,Florida,United States
19024,CS939,Unknown,Unknown,Unknown,North America,Texas City,Texas,United States
19025,CS940,Unknown,Unknown,Unknown,North America,Thornton,Colorado,United States
19026,CS941,Unknown,Unknown,Unknown,North America,Toppenish,Washington,United States
19027,CS943,Unknown,Unknown,Unknown,North America,Trenton,New Jersey,United States
19028,CS944,Unknown,Unknown,Unknown,North America,Veradale,Washington,United States
19029,CS945,Unknown,Unknown,Unknown,North America,Vineland,New Jersey,United States
19030,CS946,Unknown,Unknown,Unknown,North America,Virginia Beach,Virginia,United States
19031,CS947,Unknown,Unknown,Unknown,North America,Wapato,Washington,United States
19032,CS948,Unknown,Unknown,Unknown,North America,Waterbury,Connecticut,United States
19033,CS949,Unknown,Unknown,Unknown,North America,Waukesha,Wisconsin,United States
19034,CS950,Unknown,Unknown,Unknown,North America,Wheat Ridge,Colorado,United States
19035,CS951,Unknown,Unknown,Unknown,North America,Winchester,Virginia,United States
19036,CS952,Unknown,Unknown,Unknown,North America,Worcester,Massachusetts,United States
19038,CS428,Unknown,Unknown,Unknown,Europe,Berlin,Berlin,Germany
19039,CS429,Unknown,Unknown,Unknown,Europe,Berlin,Berlin,Germany
19041,CS489,Unknown,Unknown,Unknown,Europe,Hamburg,Hamburg,Germany
19042,CS496,Unknown,Unknown,Unknown,Europe,Kiel,Schleswig-Holstein,Germany
19049,CS555,Unknown,Unknown,Unknown,Europe,Stuttgart,Baden-Wuerttemberg,Germany
19053,CS586,Unknown,Unknown,Unknown,Europe,Berlin,Berlin,Germany
19056,CS623,Unknown,Unknown,Unknown,Europe,Dresden,Saxony,Germany
19057,CS636,Unknown,Unknown,Unknown,Europe,Hamburg,Hamburg,Germany
19066,CS744,Unknown,Unknown,Unknown,Europe,Koln,North Rhine-Westphalia,Germany
19075,CS765,Unknown,Unknown,Unknown,Europe,Munich,Bavaria,Germany
19120,CS710,Unknown,Unknown,Unknown,Asia,Beijing,Beijing,China
19125,CS715,Unknown,Unknown,Unknown,Asia,Guangzhou,GuangDong,China
19126,CS716,Unknown,Unknown,Unknown,Asia,Hong Kong,Hong Kong,China
19137,CS727,Unknown,Unknown,Unknown,Asia,Shanghai,Shanghai,China
19143,CS733,Unknown,Unknown,Unknown,Asia,Urumqi,Xinjiang,China
